{"type":"FeatureCollection","features":[{"type":"Feature","geometry":{"type":"Polygon","coordinates":[[[139.912934,35.726866],[139.912954,35.726898],[139.911795,35.727366],[139.911781,35.727332],[139.912934,35.726866]]]},"properties":{}},{"type":"Feature","geometry":{"type":"Polygon","coordinates":[[[139.911781,35.727332],[139.911767,35.727297],[139.911527,35.726912],[139.911315,35.726576],[139.911886,35.726338],[139.912459,35.726101],[139.912818,35.726687],[139.912934,35.726866],[139.911781,35.727332]]]},"properties":{}},{"type":"Feature","geometry":{"type":"Polygon","coordinates":[[[139.911781,35.727332],[139.911795,35.727366],[139.911621,35.727436],[139.910748,35.727759],[139.910353,35.72791],[139.909728,35.72816],[139.909692,35.728119],[139.910339,35.727875],[139.910727,35.727732],[139.911597,35.727407],[139.911781,35.727332]]]},"properties":{}},{"type":"Feature","geometry":{"type":"Polygon","coordinates":[[[139.909692,35.728119],[139.909655,35.728077],[139.909478,35.727949],[139.909341,35.727849],[139.909311,35.727821],[139.90918,35.727701],[139.909043,35.727513],[139.909641,35.727265],[139.910197,35.727038],[139.910479,35.726919],[139.910744,35.72681],[139.910904,35.726744],[139.911315,35.726576],[139.911527,35.726912],[139.911767,35.727297],[139.911781,35.727332],[139.911597,35.727407],[139.910727,35.727732],[139.910339,35.727875],[139.909692,35.728119]]]},"properties":{}},{"type":"Feature","geometry":{"type":"Polygon","coordinates":[[[139.909692,35.728119],[139.909728,35.72816],[139.909545,35.728232],[139.908121,35.728831],[139.906714,35.729428],[139.906311,35.729611],[139.905909,35.729807],[139.905892,35.729816],[139.905873,35.729782],[139.90589,35.729774],[139.90629,35.729574],[139.906685,35.729381],[139.906868,35.729289],[139.906891,35.729325],[139.908118,35.728814],[139.908804,35.728527],[139.909343,35.728296],[139.909319,35.728263],[139.908067,35.728737],[139.907512,35.728979],[139.908064,35.728723],[139.909519,35.728183],[139.909692,35.728119]]]},"properties":{}},{"type":"Feature","geometry":{"type":"Polygon","coordinates":[[[139.907512,35.728979],[139.907375,35.729039],[139.907254,35.729098],[139.907163,35.72914],[139.906888,35.729279],[139.906868,35.729289],[139.906685,35.729381],[139.90629,35.729574],[139.90589,35.729774],[139.905873,35.729782],[139.905744,35.729544],[139.905431,35.729025],[139.905575,35.72898],[139.905707,35.728933],[139.907067,35.728378],[139.907161,35.728339],[139.907253,35.728302],[139.90731,35.728279],[139.907979,35.727994],[139.908027,35.727973],[139.90828,35.727838],[139.908422,35.727774],[139.908813,35.72761],[139.909043,35.727513],[139.90918,35.727701],[139.909311,35.727821],[139.909341,35.727849],[139.909478,35.727949],[139.909655,35.728077],[139.909692,35.728119],[139.909519,35.728183],[139.908064,35.728723],[139.907512,35.728979]]]},"properties":{}},{"type":"Feature","geometry":{"type":"Polygon","coordinates":[[[139.907512,35.728979],[139.908067,35.728737],[139.909319,35.728263],[139.909343,35.728296],[139.908804,35.728527],[139.908118,35.728814],[139.906891,35.729325],[139.906868,35.729289],[139.906888,35.729279],[139.907254,35.729098],[139.907512,35.728979]]]},"properties":{}},{"type":"Feature","geometry":{"type":"Polygon","coordinates":[[[139.907254,35.729098],[139.907375,35.729039],[139.907512,35.728979],[139.907254,35.729098]]]},"properties":{}},{"type":"Feature","geometry":{"type":"Polygon","coordinates":[[[139.907254,35.729098],[139.906888,35.729279],[139.907163,35.72914],[139.907254,35.729098]]]},"properties":{}},{"type":"Feature","geometry":{"type":"Polygon","coordinates":[[[139.906868,35.729289],[139.906888,35.729279],[139.906868,35.729289]]]},"properties":{}},{"type":"Feature","geometry":{"type":"Polygon","coordinates":[[[139.905873,35.729782],[139.905892,35.729816],[139.904905,35.730299],[139.904055,35.730671],[139.903133,35.731054],[139.902658,35.731236],[139.902173,35.731399],[139.901894,35.73149],[139.901876,35.73146],[139.902156,35.731368],[139.902637,35.731202],[139.90312,35.731023],[139.904036,35.730642],[139.904883,35.730274],[139.905873,35.729782]]]},"properties":{}},{"type":"Feature","geometry":{"type":"Polygon","coordinates":[[[139.901876,35.73146],[139.901853,35.731419],[139.901452,35.730681],[139.902958,35.730052],[139.903506,35.729823],[139.90391,35.729655],[139.90465,35.72935],[139.905404,35.729033],[139.905431,35.729025],[139.905744,35.729544],[139.905873,35.729782],[139.904883,35.730274],[139.904036,35.730642],[139.90312,35.731023],[139.902637,35.731202],[139.902156,35.731368],[139.901876,35.73146]]]},"properties":{}},{"type":"Feature","geometry":{"type":"Polygon","coordinates":[[[139.901876,35.73146],[139.901894,35.73149],[139.901817,35.731515],[139.900689,35.731895],[139.89983,35.732236],[139.898618,35.73274],[139.898596,35.732706],[139.899809,35.7322],[139.900671,35.731862],[139.901801,35.731485],[139.901876,35.73146]]]},"properties":{}},{"type":"Feature","geometry":{"type":"Polygon","coordinates":[[[139.901801,35.731485],[139.900671,35.731862],[139.899809,35.7322],[139.898596,35.732706],[139.897838,35.731508],[139.897291,35.729771],[139.897132,35.728013],[139.897339,35.726315],[139.897511,35.725381],[139.897605,35.724982],[139.897818,35.724529],[139.898112,35.723988],[139.898501,35.723613],[139.898858,35.723237],[139.899223,35.722986],[139.900222,35.722299],[139.90077,35.721866],[139.903267,35.71989],[139.904171,35.719135],[139.905372,35.7177],[139.90701,35.71545],[139.907461,35.714808],[139.907851,35.714372],[139.908755,35.713605],[139.910088,35.71257],[139.912086,35.711609],[139.912187,35.711544],[139.912899,35.711998],[139.913524,35.712388],[139.914079,35.712741],[139.914742,35.713106],[139.915704,35.71355],[139.916058,35.713716],[139.916055,35.71372],[139.916019,35.713757],[139.915949,35.713801],[139.915656,35.713942],[139.915325,35.714098],[139.915239,35.714139],[139.915169,35.714187],[139.914983,35.714323],[139.914765,35.714483],[139.91449,35.714685],[139.914446,35.714717],[139.914358,35.714646],[139.913551,35.714004],[139.913372,35.713861],[139.913038,35.713595],[139.913024,35.713584],[139.912564,35.713938],[139.912102,35.714286],[139.911496,35.714748],[139.911477,35.714762],[139.910723,35.715336],[139.910736,35.715347],[139.910756,35.715364],[139.910815,35.715414],[139.910937,35.715476],[139.911121,35.715332],[139.911247,35.715228],[139.911444,35.715384],[139.911104,35.715686],[139.911255,35.7158],[139.9116,35.715509],[139.91166,35.715555],[139.912446,35.716167],[139.912336,35.716239],[139.912319,35.716276],[139.912304,35.716322],[139.912322,35.716358],[139.912187,35.716423],[139.912076,35.716488],[139.91196,35.716584],[139.911575,35.716939],[139.911274,35.716694],[139.911092,35.716546],[139.910885,35.716377],[139.910723,35.716245],[139.911076,35.715946],[139.91094,35.715828],[139.910573,35.716123],[139.910622,35.716163],[139.910484,35.716275],[139.910316,35.716141],[139.910161,35.71627],[139.910319,35.7164],[139.910197,35.716503],[139.909746,35.716881],[139.90956,35.716732],[139.909538,35.716712],[139.909419,35.716611],[139.909251,35.716477],[139.909066,35.716716],[139.908989,35.716762],[139.908925,35.716819],[139.909137,35.716941],[139.908978,35.717078],[139.908775,35.717283],[139.908621,35.717413],[139.908693,35.717474],[139.908844,35.717593],[139.909208,35.717879],[139.909013,35.718044],[139.908339,35.718608],[139.908128,35.718443],[139.907976,35.718325],[139.907829,35.71821],[139.907562,35.718002],[139.90723,35.718294],[139.907397,35.718427],[139.90735,35.718466],[139.907368,35.718482],[139.90717,35.718643],[139.906888,35.718879],[139.906963,35.718945],[139.906418,35.719412],[139.906517,35.719497],[139.906379,35.719663],[139.906451,35.71971],[139.906299,35.719836],[139.906615,35.72008],[139.906074,35.720547],[139.905859,35.720386],[139.905545,35.720645],[139.905761,35.720819],[139.906277,35.721228],[139.906677,35.721549],[139.906212,35.721935],[139.905764,35.722259],[139.905081,35.722794],[139.904764,35.723049],[139.904726,35.723076],[139.904601,35.723145],[139.904505,35.723198],[139.904388,35.723284],[139.904295,35.723365],[139.904131,35.723515],[139.903884,35.723693],[139.90384,35.723659],[139.903192,35.723267],[139.902715,35.722987],[139.90263,35.722978],[139.902523,35.722929],[139.902429,35.722951],[139.902346,35.723],[139.90226,35.723095],[139.901815,35.723653],[139.901629,35.723868],[139.901491,35.724061],[139.901398,35.724241],[139.901198,35.724616],[139.9016,35.724799],[139.901718,35.724821],[139.902014,35.724979],[139.90232,35.725176],[139.90209,35.725437],[139.901614,35.726014],[139.901128,35.726608],[139.900929,35.726839],[139.900422,35.727405],[139.900266,35.727585],[139.900198,35.727686],[139.900163,35.727768],[139.900146,35.727841],[139.90014,35.727907],[139.900142,35.728018],[139.900191,35.728219],[139.900231,35.728404],[139.900273,35.728569],[139.900346,35.728774],[139.900363,35.728821],[139.900467,35.729026],[139.900899,35.729751],[139.901452,35.730681],[139.901853,35.731419],[139.901876,35.73146],[139.901801,35.731485]]]},"properties":{}},{"type":"Feature","geometry":{"type":"Polygon","coordinates":[[[139.913721,35.728551],[139.91364,35.728627],[139.913589,35.728652],[139.913222,35.728806],[139.912854,35.72897],[139.912539,35.729111],[139.912353,35.729197],[139.91217,35.729282],[139.912045,35.729336],[139.911946,35.729375],[139.911792,35.729436],[139.911654,35.729489],[139.911528,35.729532],[139.911383,35.729581],[139.911246,35.729626],[139.911139,35.729659],[139.91104,35.729688],[139.910934,35.729719],[139.91072,35.729778],[139.910582,35.729813],[139.910486,35.729839],[139.910457,35.729762],[139.910602,35.729726],[139.910821,35.729668],[139.910911,35.729643],[139.911005,35.729616],[139.911112,35.729586],[139.911308,35.729524],[139.911513,35.729455],[139.911572,35.729433],[139.911674,35.729395],[139.911849,35.729327],[139.911927,35.729295],[139.91204,35.729245],[139.912118,35.72921],[139.912225,35.729161],[139.912514,35.729031],[139.91282,35.728893],[139.913175,35.728737],[139.913373,35.728657],[139.913606,35.728561],[139.913721,35.728551]]]},"properties":{}},{"type":"Feature","geometry":{"type":"Polygon","coordinates":[[[139.911572,35.729433],[139.91147,35.729342],[139.911278,35.729258],[139.911108,35.729193],[139.910939,35.729129],[139.910498,35.729011],[139.910345,35.72893],[139.910267,35.728867],[139.910201,35.728867],[139.910183,35.728816],[139.911207,35.728392],[139.911333,35.72834],[139.911698,35.728177],[139.912069,35.728022],[139.912509,35.728509],[139.91282,35.728893],[139.912514,35.729031],[139.912225,35.729161],[139.912118,35.72921],[139.91204,35.729245],[139.911927,35.729295],[139.911849,35.729327],[139.911674,35.729395],[139.911572,35.729433]]]},"properties":{}},{"type":"Feature","geometry":{"type":"Polygon","coordinates":[[[139.910457,35.729762],[139.910407,35.729636],[139.910318,35.729431],[139.910215,35.729186],[139.910203,35.729143],[139.910202,35.729104],[139.910201,35.728867],[139.910267,35.728867],[139.910345,35.72893],[139.910498,35.729011],[139.910939,35.729129],[139.911108,35.729193],[139.911278,35.729258],[139.91147,35.729342],[139.911572,35.729433],[139.911513,35.729455],[139.911308,35.729524],[139.911112,35.729586],[139.911005,35.729616],[139.910911,35.729643],[139.910821,35.729668],[139.910602,35.729726],[139.910457,35.729762]]]},"properties":{}},{"type":"Feature","geometry":{"type":"Polygon","coordinates":[[[139.910457,35.729762],[139.910486,35.729839],[139.910227,35.729912],[139.90995,35.729994],[139.909748,35.730052],[139.909555,35.730106],[139.909522,35.730016],[139.909645,35.729979],[139.909924,35.729903],[139.91016,35.729836],[139.910457,35.729762]]]},"properties":{}},{"type":"Feature","geometry":{"type":"Polygon","coordinates":[[[139.909522,35.730016],[139.909405,35.730048],[139.90911,35.730128],[139.908892,35.730189],[139.908747,35.730237],[139.908595,35.730284],[139.908501,35.73031],[139.908413,35.73033],[139.908277,35.730361],[139.908211,35.730371],[139.908074,35.730397],[139.907959,35.73042],[139.907817,35.730449],[139.90769,35.730474],[139.907486,35.730519],[139.907365,35.730548],[139.90719,35.730594],[139.906981,35.730656],[139.906857,35.730691],[139.90676,35.730715],[139.906651,35.730749],[139.906483,35.7308],[139.906258,35.730427],[139.906119,35.730204],[139.905982,35.729983],[139.905966,35.729954],[139.906003,35.729939],[139.907327,35.729412],[139.908218,35.729052],[139.909322,35.72855],[139.909652,35.728396],[139.909833,35.728315],[139.909899,35.728414],[139.909042,35.728864],[139.909237,35.72924],[139.910183,35.728816],[139.910201,35.728867],[139.910202,35.729104],[139.910203,35.729143],[139.910215,35.729186],[139.910318,35.729431],[139.910407,35.729636],[139.910457,35.729762],[139.91016,35.729836],[139.909924,35.729903],[139.909645,35.729979],[139.909522,35.730016]]]},"properties":{}},{"type":"Feature","geometry":{"type":"Polygon","coordinates":[[[139.897065,35.73751],[139.896807,35.737563],[139.896068,35.737728],[139.896069,35.737714],[139.896069,35.737711],[139.896071,35.737696],[139.896796,35.73753],[139.897051,35.737478],[139.900623,35.736768],[139.900634,35.736801],[139.897065,35.73751]]]},"properties":{}},{"type":"Feature","geometry":{"type":"Polygon","coordinates":[[[139.900634,35.736801],[139.900623,35.736768],[139.901766,35.736541],[139.902135,35.736473],[139.902146,35.736505],[139.901775,35.736574],[139.900634,35.736801]]]},"properties":{}},{"type":"Feature","geometry":{"type":"Polygon","coordinates":[[[139.901775,35.736574],[139.902146,35.736505],[139.902285,35.736927],[139.902412,35.737309],[139.902513,35.737613],[139.902621,35.737931],[139.902655,35.738032],[139.902662,35.738052],[139.902691,35.738147],[139.902408,35.738159],[139.902055,35.738163],[139.901367,35.738189],[139.901018,35.738219],[139.900908,35.737628],[139.900634,35.736801],[139.901775,35.736574]]]},"properties":{}},{"type":"Feature","geometry":{"type":"Polygon","coordinates":[[[139.917679,35.714282],[139.917517,35.714348],[139.917236,35.714236],[139.916286,35.713823],[139.916058,35.713716],[139.916168,35.713548],[139.916416,35.713658],[139.917323,35.714104],[139.917679,35.714282]]]},"properties":{}},{"type":"Feature","geometry":{"type":"Polygon","coordinates":[[[139.916168,35.713548],[139.916058,35.713716],[139.915704,35.71355],[139.914742,35.713106],[139.914079,35.712741],[139.913524,35.712388],[139.912899,35.711998],[139.912187,35.711544],[139.912318,35.711458],[139.912998,35.711901],[139.913603,35.712282],[139.914179,35.71261],[139.91484,35.712948],[139.915811,35.713388],[139.916168,35.713548]]]},"properties":{}},{"type":"Feature","geometry":{"type":"Polygon","coordinates":[[[139.906597,35.707839],[139.90669,35.707655],[139.906876,35.707309],[139.907245,35.707443],[139.906953,35.707981],[139.906907,35.707975],[139.906795,35.707965],[139.906597,35.707839]]]},"properties":{}},{"type":"Feature","geometry":{"type":"Polygon","coordinates":[[[139.906103,35.707901],[139.906341,35.707463],[139.906663,35.70757],[139.906721,35.707601],[139.906521,35.707963],[139.906103,35.707901]]]},"properties":{}},{"type":"Feature","geometry":{"type":"Polygon","coordinates":[[[139.905697,35.707472],[139.905951,35.706997],[139.906481,35.707174],[139.906305,35.707521],[139.90625,35.707619],[139.905697,35.707472]]]},"properties":{}},{"type":"Feature","geometry":{"type":"Polygon","coordinates":[[[139.904129,35.706253],[139.904226,35.706066],[139.904405,35.705736],[139.904456,35.705641],[139.904545,35.70567],[139.904975,35.70581],[139.904948,35.705858],[139.904577,35.70651],[139.90441,35.706455],[139.904114,35.706348],[139.904129,35.706253]]]},"properties":{}},{"type":"Feature","geometry":{"type":"Polygon","coordinates":[[[139.902802,35.704682],[139.902846,35.704586],[139.903013,35.704223],[139.903889,35.704516],[139.903519,35.705214],[139.903498,35.705261],[139.903046,35.70511],[139.902677,35.704993],[139.902802,35.704682]]]},"properties":{}},{"type":"Feature","geometry":{"type":"Polygon","coordinates":[[[139.902366,35.703293],[139.902403,35.703202],[139.902426,35.703144],[139.903341,35.703465],[139.903319,35.703515],[139.903013,35.704223],[139.902563,35.704069],[139.902113,35.703912],[139.902366,35.703293]]]},"properties":{}},{"type":"Feature","geometry":{"type":"Polygon","coordinates":[[[139.902274,35.702869],[139.901953,35.702759],[139.901882,35.702442],[139.901783,35.701976],[139.901867,35.70181],[139.90205,35.701874],[139.902178,35.702424],[139.902274,35.702869]]]},"properties":{}},{"type":"Feature","geometry":{"type":"Polygon","coordinates":[[[139.90205,35.701874],[139.902897,35.702165],[139.902747,35.702448],[139.902513,35.702898],[139.90249,35.702943],[139.902274,35.702869],[139.902178,35.702424],[139.90205,35.701874]]]},"properties":{}},{"type":"Feature","geometry":{"type":"Polygon","coordinates":[[[139.90205,35.701874],[139.901867,35.70181],[139.901983,35.701587],[139.90205,35.701874]]]},"properties":{}},{"type":"Feature","geometry":{"type":"Polygon","coordinates":[[[139.901983,35.701587],[139.902027,35.701503],[139.902134,35.701295],[139.902263,35.701035],[139.902762,35.701195],[139.902946,35.701259],[139.903295,35.70138],[139.902897,35.702165],[139.90205,35.701874],[139.901983,35.701587]]]},"properties":{}},{"type":"Feature","geometry":{"type":"Polygon","coordinates":[[[139.901983,35.701587],[139.901867,35.70181],[139.901738,35.701767],[139.901567,35.700971],[139.901516,35.700769],[139.901629,35.700807],[139.901813,35.700869],[139.901828,35.700924],[139.901983,35.701587]]]},"properties":{}},{"type":"Feature","geometry":{"type":"Polygon","coordinates":[[[139.901813,35.700869],[139.901838,35.700878],[139.902263,35.701035],[139.902134,35.701295],[139.902027,35.701503],[139.901983,35.701587],[139.901828,35.700924],[139.901813,35.700869]]]},"properties":{}},{"type":"Feature","geometry":{"type":"Polygon","coordinates":[[[139.901813,35.700869],[139.901629,35.700807],[139.901516,35.700769],[139.901413,35.700358],[139.901584,35.700015],[139.90159,35.70003],[139.901813,35.700869]]]},"properties":{}},{"type":"Feature","geometry":{"type":"Polygon","coordinates":[[[139.901584,35.700015],[139.901633,35.699916],[139.902372,35.700176],[139.902647,35.700273],[139.902263,35.701035],[139.901838,35.700878],[139.901813,35.700869],[139.90159,35.70003],[139.901584,35.700015]]]},"properties":{}},{"type":"Feature","geometry":{"type":"Polygon","coordinates":[[[139.901584,35.700015],[139.901413,35.700358],[139.901345,35.700088],[139.901237,35.699783],[139.901533,35.699882],[139.901584,35.700015]]]},"properties":{}},{"type":"Feature","geometry":{"type":"Polygon","coordinates":[[[139.901533,35.699882],[139.901633,35.699916],[139.901584,35.700015],[139.901533,35.699882]]]},"properties":{}},{"type":"Feature","geometry":{"type":"Polygon","coordinates":[[[139.901533,35.699882],[139.901237,35.699783],[139.900976,35.699044],[139.900934,35.698937],[139.900993,35.698823],[139.901143,35.698874],[139.901195,35.698992],[139.901533,35.699882]]]},"properties":{}},{"type":"Feature","geometry":{"type":"Polygon","coordinates":[[[139.901143,35.698874],[139.90147,35.698987],[139.901607,35.699034],[139.90202,35.699177],[139.901633,35.699916],[139.901533,35.699882],[139.901195,35.698992],[139.901143,35.698874]]]},"properties":{}},{"type":"Feature","geometry":{"type":"Polygon","coordinates":[[[139.901143,35.698874],[139.900993,35.698823],[139.901061,35.698689],[139.901143,35.698874]]]},"properties":{}},{"type":"Feature","geometry":{"type":"Polygon","coordinates":[[[139.901061,35.698689],[139.901376,35.698075],[139.901737,35.6982],[139.901815,35.698228],[139.902396,35.69843],[139.90202,35.699177],[139.901607,35.699034],[139.90147,35.698987],[139.901143,35.698874],[139.901061,35.698689]]]},"properties":{}},{"type":"Feature","geometry":{"type":"Polygon","coordinates":[[[139.901061,35.698689],[139.900993,35.698823],[139.900874,35.698782],[139.900748,35.698457],[139.900444,35.697759],[139.900648,35.697828],[139.900942,35.698422],[139.901061,35.698689]]]},"properties":{}},{"type":"Feature","geometry":{"type":"Polygon","coordinates":[[[139.900648,35.697828],[139.900733,35.697857],[139.900931,35.697925],[139.900964,35.697935],[139.901376,35.698075],[139.901061,35.698689],[139.900942,35.698422],[139.900648,35.697828]]]},"properties":{}},{"type":"Feature","geometry":{"type":"Polygon","coordinates":[[[139.900648,35.697828],[139.900444,35.697759],[139.900409,35.697681],[139.900492,35.697515],[139.900648,35.697828]]]},"properties":{}},{"type":"Feature","geometry":{"type":"Polygon","coordinates":[[[139.900492,35.697515],[139.900592,35.697317],[139.900768,35.696965],[139.901765,35.697307],[139.901586,35.697649],[139.901392,35.698042],[139.901376,35.698075],[139.900964,35.697935],[139.900931,35.697925],[139.900733,35.697857],[139.900648,35.697828],[139.900492,35.697515]]]},"properties":{}},{"type":"Feature","geometry":{"type":"Polygon","coordinates":[[[139.900492,35.697515],[139.900409,35.697681],[139.900223,35.697254],[139.900179,35.69716],[139.90024,35.697042],[139.900342,35.697213],[139.900492,35.697515]]]},"properties":{}},{"type":"Feature","geometry":{"type":"Polygon","coordinates":[[[139.90024,35.697042],[139.900354,35.696824],[139.90041,35.696843],[139.900729,35.696952],[139.900768,35.696965],[139.900592,35.697317],[139.900492,35.697515],[139.900342,35.697213],[139.90024,35.697042]]]},"properties":{}},{"type":"Feature","geometry":{"type":"Polygon","coordinates":[[[139.90024,35.697042],[139.900179,35.69716],[139.899994,35.696769],[139.899732,35.696371],[139.899771,35.696332],[139.900061,35.696741],[139.90024,35.697042]]]},"properties":{}},{"type":"Feature","geometry":{"type":"Polygon","coordinates":[[[139.899771,35.696332],[139.899822,35.696281],[139.900337,35.696619],[139.900425,35.696678],[139.900354,35.696824],[139.90024,35.697042],[139.900061,35.696741],[139.899771,35.696332]]]},"properties":{}},{"type":"Feature","geometry":{"type":"Polygon","coordinates":[[[139.899771,35.696332],[139.899732,35.696371],[139.899431,35.695915],[139.899203,35.695597],[139.899183,35.695562],[139.899293,35.695631],[139.899465,35.695901],[139.899771,35.696332]]]},"properties":{}},{"type":"Feature","geometry":{"type":"Polygon","coordinates":[[[139.899293,35.695631],[139.899338,35.695659],[139.899531,35.69578],[139.899991,35.696094],[139.899822,35.696281],[139.899771,35.696332],[139.899465,35.695901],[139.899293,35.695631]]]},"properties":{}},{"type":"Feature","geometry":{"type":"Polygon","coordinates":[[[139.899293,35.695631],[139.899183,35.695562],[139.89915,35.695503],[139.899191,35.695463],[139.899245,35.695555],[139.899293,35.695631]]]},"properties":{}},{"type":"Feature","geometry":{"type":"Polygon","coordinates":[[[139.899191,35.695463],[139.899462,35.695194],[139.899497,35.695218],[139.899852,35.695446],[139.899531,35.69578],[139.899338,35.695659],[139.899293,35.695631],[139.899245,35.695555],[139.899191,35.695463]]]},"properties":{}},{"type":"Feature","geometry":{"type":"Polygon","coordinates":[[[139.899191,35.695463],[139.89915,35.695503],[139.899035,35.695295],[139.898725,35.694731],[139.898739,35.694739],[139.898932,35.695008],[139.899033,35.695191],[139.899191,35.695463]]]},"properties":{}},{"type":"Feature","geometry":{"type":"Polygon","coordinates":[[[139.898932,35.695008],[139.898823,35.694807],[139.898808,35.694779],[139.899002,35.69489],[139.899462,35.695194],[139.899191,35.695463],[139.899033,35.695191],[139.898932,35.695008]]]},"properties":{}},{"type":"Feature","geometry":{"type":"Polygon","coordinates":[[[139.913844,35.715784],[139.913708,35.715623],[139.913511,35.715362],[139.91363,35.715265],[139.91372,35.715195],[139.913819,35.715129],[139.913965,35.715043],[139.914196,35.714909],[139.914288,35.714841],[139.914446,35.714717],[139.91449,35.714685],[139.914765,35.714483],[139.914983,35.714323],[139.915169,35.714187],[139.915239,35.714139],[139.915325,35.714098],[139.915656,35.713942],[139.915949,35.713801],[139.916019,35.713757],[139.916055,35.71372],[139.916058,35.713716],[139.916286,35.713823],[139.917236,35.714236],[139.917517,35.714348],[139.917474,35.714366],[139.916989,35.714556],[139.916742,35.714661],[139.916206,35.714882],[139.916112,35.714921],[139.915606,35.715111],[139.915008,35.71534],[139.914402,35.715569],[139.913844,35.715784]]]},"properties":{}},{"type":"Feature","geometry":{"type":"Polygon","coordinates":[[[139.913388,35.715961],[139.913241,35.715556],[139.913473,35.715398],[139.913511,35.715362],[139.913708,35.715623],[139.913844,35.715784],[139.913388,35.715961]]]},"properties":{}},{"type":"Feature","geometry":{"type":"Polygon","coordinates":[[[139.913388,35.715961],[139.913445,35.716227],[139.913623,35.717029],[139.91292,35.717327],[139.912825,35.717172],[139.912676,35.71693],[139.912322,35.716358],[139.913388,35.715961]]]},"properties":{}},{"type":"Feature","geometry":{"type":"Polygon","coordinates":[[[139.912322,35.716358],[139.912304,35.716322],[139.912319,35.716276],[139.912336,35.716239],[139.912446,35.716167],[139.912561,35.716089],[139.912643,35.716029],[139.912877,35.715815],[139.913171,35.715594],[139.913241,35.715556],[139.913388,35.715961],[139.912322,35.716358]]]},"properties":{}},{"type":"Feature","geometry":{"type":"Polygon","coordinates":[[[139.912322,35.716358],[139.912676,35.71693],[139.912825,35.717172],[139.91292,35.717327],[139.912957,35.717387],[139.913059,35.717552],[139.913146,35.717694],[139.913165,35.717724],[139.91332,35.717975],[139.913518,35.718278],[139.9124,35.718745],[139.912082,35.718237],[139.91206,35.718203],[139.912024,35.718145],[139.911955,35.718034],[139.911914,35.717968],[139.911777,35.71775],[139.911623,35.717486],[139.911514,35.717317],[139.911387,35.717106],[139.911575,35.716939],[139.91196,35.716584],[139.912076,35.716488],[139.912187,35.716423],[139.912322,35.716358]]]},"properties":{}},{"type":"Feature","geometry":{"type":"Polygon","coordinates":[[[139.911387,35.717106],[139.911037,35.717347],[139.910672,35.717079],[139.910358,35.717349],[139.910237,35.717264],[139.910165,35.717207],[139.910019,35.717089],[139.909746,35.716881],[139.910197,35.716503],[139.910319,35.7164],[139.910421,35.716478],[139.910582,35.716351],[139.910484,35.716275],[139.910622,35.716163],[139.910723,35.716245],[139.910885,35.716377],[139.910559,35.716654],[139.910943,35.716958],[139.911274,35.716694],[139.911575,35.716939],[139.911387,35.717106]]]},"properties":{}},{"type":"Feature","geometry":{"type":"Polygon","coordinates":[[[139.911387,35.717106],[139.911514,35.717317],[139.911623,35.717486],[139.911777,35.71775],[139.911914,35.717968],[139.911955,35.718034],[139.91164,35.718168],[139.911375,35.71828],[139.911209,35.718016],[139.910881,35.717471],[139.911037,35.717347],[139.911387,35.717106]]]},"properties":{}},{"type":"Feature","geometry":{"type":"Polygon","coordinates":[[[139.910881,35.717471],[139.910796,35.717425],[139.910653,35.717453],[139.910542,35.717492],[139.910358,35.717349],[139.910672,35.717079],[139.911037,35.717347],[139.910881,35.717471]]]},"properties":{}},{"type":"Feature","geometry":{"type":"Polygon","coordinates":[[[139.902347,35.7336],[139.902526,35.733114],[139.902553,35.73301],[139.902583,35.73289],[139.902598,35.732775],[139.902587,35.732696],[139.90254,35.732595],[139.902662,35.732477],[139.902854,35.732338],[139.903015,35.732233],[139.903117,35.732172],[139.903206,35.732122],[139.903306,35.732072],[139.903612,35.732392],[139.903616,35.732424],[139.903606,35.732473],[139.903463,35.732591],[139.903793,35.733071],[139.903981,35.733395],[139.904024,35.733502],[139.904091,35.733688],[139.90411,35.733935],[139.903706,35.733913],[139.903507,35.7339],[139.903335,35.733865],[139.902894,35.733746],[139.902881,35.733742],[139.902537,35.733649],[139.902347,35.7336]]]},"properties":{}},{"type":"Feature","geometry":{"type":"Polygon","coordinates":[[[139.903507,35.7339],[139.903414,35.733956],[139.902974,35.734017],[139.902903,35.734052],[139.902826,35.734124],[139.902213,35.733965],[139.902347,35.7336],[139.902537,35.733649],[139.902881,35.733742],[139.902894,35.733746],[139.903335,35.733865],[139.903507,35.7339]]]},"properties":{}},{"type":"Feature","geometry":{"type":"Polygon","coordinates":[[[139.903706,35.733913],[139.903766,35.734339],[139.903828,35.73481],[139.904349,35.734752],[139.904409,35.734986],[139.90449,35.735209],[139.904056,35.735251],[139.903699,35.735228],[139.903174,35.735215],[139.902932,35.735215],[139.902923,35.734971],[139.902895,35.734897],[139.902921,35.734764],[139.902935,35.734682],[139.902955,35.734631],[139.902978,35.73461],[139.902963,35.734559],[139.902934,35.734476],[139.902861,35.734334],[139.902834,35.734212],[139.902826,35.734124],[139.902903,35.734052],[139.902974,35.734017],[139.903414,35.733956],[139.903507,35.7339],[139.903706,35.733913]]]},"properties":{}},{"type":"Feature","geometry":{"type":"Polygon","coordinates":[[[139.90411,35.733935],[139.904285,35.733943],[139.904293,35.734321],[139.904349,35.734752],[139.903828,35.73481],[139.903766,35.734339],[139.903706,35.733913],[139.90411,35.733935]]]},"properties":{}},{"type":"Feature","geometry":{"type":"Polygon","coordinates":[[[139.90411,35.733935],[139.904091,35.733688],[139.904024,35.733502],[139.903981,35.733395],[139.903793,35.733071],[139.904065,35.732939],[139.904173,35.732897],[139.904366,35.732794],[139.904622,35.732635],[139.904917,35.732434],[139.904987,35.732356],[139.905092,35.732437],[139.90495,35.732799],[139.90458,35.733088],[139.904335,35.733239],[139.904404,35.73346],[139.904445,35.733695],[139.904475,35.733951],[139.904285,35.733943],[139.90411,35.733935]]]},"properties":{}},{"type":"Feature","geometry":{"type":"Polygon","coordinates":[[[139.904475,35.733951],[139.90471,35.733964],[139.90479,35.733969],[139.905719,35.734216],[139.905886,35.734218],[139.906001,35.73422],[139.906244,35.734234],[139.906346,35.735071],[139.906021,35.735096],[139.906006,35.735097],[139.905793,35.735113],[139.905368,35.735151],[139.905019,35.73518],[139.904557,35.735205],[139.90449,35.735209],[139.904409,35.734986],[139.904349,35.734752],[139.904293,35.734321],[139.904285,35.733943],[139.904475,35.733951]]]},"properties":{}},{"type":"Feature","geometry":{"type":"Polygon","coordinates":[[[139.904475,35.733951],[139.904445,35.733695],[139.904404,35.73346],[139.904335,35.733239],[139.90458,35.733088],[139.90495,35.732799],[139.905092,35.732437],[139.904987,35.732356],[139.904865,35.73222],[139.904696,35.731982],[139.904602,35.731789],[139.904461,35.731498],[139.904533,35.73147],[139.90461,35.731445],[139.904762,35.731401],[139.904842,35.73138],[139.904929,35.731359],[139.905075,35.731325],[139.905297,35.731274],[139.90546,35.731232],[139.905605,35.731198],[139.905708,35.731172],[139.90582,35.731139],[139.905912,35.731107],[139.906019,35.731067],[139.906125,35.731025],[139.90622,35.730989],[139.906316,35.730949],[139.906409,35.730916],[139.90651,35.730885],[139.906604,35.730855],[139.906709,35.730825],[139.906793,35.730801],[139.906849,35.731029],[139.906939,35.731601],[139.90698,35.731865],[139.907044,35.732272],[139.907076,35.732433],[139.9071,35.732648],[139.907215,35.733339],[139.907278,35.733716],[139.907346,35.734172],[139.907353,35.734215],[139.907022,35.734267],[139.906947,35.734273],[139.906244,35.734234],[139.906001,35.73422],[139.905886,35.734218],[139.905719,35.734216],[139.90479,35.733969],[139.90471,35.733964],[139.904475,35.733951]]]},"properties":{}},{"type":"Feature","geometry":{"type":"Polygon","coordinates":[[[139.907353,35.734215],[139.907473,35.734977],[139.906346,35.735071],[139.906244,35.734234],[139.906947,35.734273],[139.907022,35.734267],[139.907353,35.734215]]]},"properties":{}},{"type":"Feature","geometry":{"type":"Polygon","coordinates":[[[139.907353,35.734215],[139.907346,35.734172],[139.907278,35.733716],[139.907215,35.733339],[139.9071,35.732648],[139.907076,35.732433],[139.907044,35.732272],[139.90698,35.731865],[139.906939,35.731601],[139.906849,35.731029],[139.906793,35.730801],[139.90692,35.730764],[139.90723,35.730676],[139.907427,35.730618],[139.907541,35.730589],[139.907714,35.730547],[139.907838,35.730521],[139.907968,35.730497],[139.908091,35.730474],[139.908126,35.730602],[139.908174,35.730768],[139.908202,35.730864],[139.908433,35.731637],[139.908425,35.731956],[139.908446,35.732211],[139.90846,35.732483],[139.908517,35.732766],[139.908646,35.733539],[139.908675,35.734038],[139.908475,35.734096],[139.907853,35.73422],[139.907353,35.734215]]]},"properties":{}},{"type":"Feature","geometry":{"type":"Polygon","coordinates":[[[139.908675,35.734038],[139.908681,35.734094],[139.907845,35.734924],[139.907473,35.734977],[139.907353,35.734215],[139.907853,35.73422],[139.908475,35.734096],[139.908675,35.734038]]]},"properties":{}},{"type":"Feature","geometry":{"type":"Polygon","coordinates":[[[139.894921,35.735762],[139.894861,35.735693],[139.896108,35.735307],[139.896392,35.735211],[139.896455,35.735332],[139.896288,35.735387],[139.896011,35.735464],[139.895149,35.7357],[139.894921,35.735762]]]},"properties":{}},{"type":"Feature","geometry":{"type":"Polygon","coordinates":[[[139.895149,35.7357],[139.896011,35.735464],[139.896288,35.735387],[139.896455,35.735332],[139.896482,35.735386],[139.896514,35.735451],[139.896502,35.735536],[139.896566,35.735802],[139.89664,35.736249],[139.896643,35.736479],[139.896634,35.73675],[139.896627,35.736818],[139.89662,35.736852],[139.896582,35.736869],[139.896314,35.736905],[139.896064,35.736944],[139.89604,35.736915],[139.895998,35.736866],[139.895868,35.736723],[139.895754,35.736597],[139.895623,35.736468],[139.895434,35.736286],[139.894957,35.735825],[139.894921,35.735762],[139.895149,35.7357]]]},"properties":{}},{"type":"Feature","geometry":{"type":"Polygon","coordinates":[[[139.871747,35.703191],[139.87175,35.703246],[139.87181,35.704215],[139.871003,35.704245],[139.87049,35.704274],[139.870459,35.703878],[139.870415,35.70329],[139.87041,35.70323],[139.870812,35.703226],[139.870912,35.703226],[139.871747,35.703191]]]},"properties":{}},{"type":"Feature","geometry":{"type":"Polygon","coordinates":[[[139.872635,35.703157],[139.872638,35.703205],[139.872652,35.7034],[139.87267,35.703657],[139.872688,35.703918],[139.872706,35.704176],[139.872388,35.70419],[139.87181,35.704215],[139.87175,35.703246],[139.871747,35.703191],[139.872635,35.703157]]]},"properties":{}},{"type":"Feature","geometry":{"type":"Polygon","coordinates":[[[139.873524,35.703125],[139.873527,35.703168],[139.873542,35.703363],[139.873558,35.70362],[139.87267,35.703657],[139.872652,35.7034],[139.872638,35.703205],[139.872635,35.703157],[139.873524,35.703125]]]},"properties":{}},{"type":"Feature","geometry":{"type":"Polygon","coordinates":[[[139.873524,35.703125],[139.873518,35.703035],[139.874428,35.702999],[139.875082,35.702968],[139.875563,35.702947],[139.875572,35.703025],[139.875123,35.70305],[139.875015,35.703052],[139.874429,35.703083],[139.873524,35.703125]]]},"properties":{}},{"type":"Feature","geometry":{"type":"Polygon","coordinates":[[[139.874429,35.703083],[139.874433,35.703127],[139.874447,35.703326],[139.874465,35.703583],[139.873558,35.70362],[139.873542,35.703363],[139.873527,35.703168],[139.873524,35.703125],[139.874429,35.703083]]]},"properties":{}},{"type":"Feature","geometry":{"type":"Polygon","coordinates":[[[139.875015,35.703052],[139.875016,35.703101],[139.875031,35.703651],[139.875074,35.704073],[139.874502,35.704095],[139.874483,35.703841],[139.874465,35.703583],[139.874447,35.703326],[139.874433,35.703127],[139.874429,35.703083],[139.875015,35.703052]]]},"properties":{}},{"type":"Feature","geometry":{"type":"Polygon","coordinates":[[[139.875123,35.70305],[139.875121,35.703099],[139.875107,35.703646],[139.875031,35.703651],[139.875016,35.703101],[139.875015,35.703052],[139.875123,35.70305]]]},"properties":{}},{"type":"Feature","geometry":{"type":"Polygon","coordinates":[[[139.875572,35.703025],[139.875589,35.703076],[139.875744,35.703554],[139.876305,35.703454],[139.876357,35.703574],[139.876222,35.703765],[139.876192,35.704018],[139.875498,35.70406],[139.87526,35.704066],[139.875074,35.704073],[139.875031,35.703651],[139.875107,35.703646],[139.875121,35.703099],[139.875123,35.70305],[139.875572,35.703025]]]},"properties":{}},{"type":"Feature","geometry":{"type":"Polygon","coordinates":[[[139.875572,35.703025],[139.875563,35.702947],[139.876102,35.702906],[139.876889,35.702838],[139.877528,35.702782],[139.878274,35.702723],[139.878277,35.702806],[139.878122,35.702819],[139.877064,35.702908],[139.876538,35.702942],[139.876191,35.702977],[139.875572,35.703025]]]},"properties":{}},{"type":"Feature","geometry":{"type":"Polygon","coordinates":[[[139.876191,35.702977],[139.876197,35.703026],[139.87621,35.70313],[139.876305,35.703454],[139.875744,35.703554],[139.875589,35.703076],[139.875572,35.703025],[139.876191,35.702977]]]},"properties":{}},{"type":"Feature","geometry":{"type":"Polygon","coordinates":[[[139.877064,35.702908],[139.87709,35.702952],[139.877276,35.703269],[139.876822,35.703529],[139.876357,35.703574],[139.876305,35.703454],[139.87621,35.70313],[139.876197,35.703026],[139.876191,35.702977],[139.876538,35.702942],[139.877064,35.702908]]]},"properties":{}},{"type":"Feature","geometry":{"type":"Polygon","coordinates":[[[139.878277,35.702806],[139.878419,35.702793],[139.878461,35.702847],[139.878477,35.702868],[139.878646,35.703048],[139.878717,35.70312],[139.87879,35.703174],[139.878897,35.703224],[139.879052,35.703277],[139.878979,35.703373],[139.878765,35.703328],[139.878293,35.703373],[139.878011,35.7034],[139.877418,35.703532],[139.877276,35.703269],[139.87709,35.702952],[139.877064,35.702908],[139.878122,35.702819],[139.878277,35.702806]]]},"properties":{}},{"type":"Feature","geometry":{"type":"Polygon","coordinates":[[[139.872991,35.694628],[139.872764,35.694796],[139.872739,35.694771],[139.872677,35.694681],[139.872578,35.694432],[139.872772,35.694324],[139.872797,35.694396],[139.872823,35.69445],[139.872854,35.694492],[139.872901,35.694544],[139.872956,35.694597],[139.872991,35.694628]]]},"properties":{}},{"type":"Feature","geometry":{"type":"Polygon","coordinates":[[[139.877447,35.697592],[139.877724,35.697544],[139.877983,35.697518],[139.878247,35.6975],[139.878574,35.697488],[139.879052,35.697476],[139.880877,35.697473],[139.881003,35.697475],[139.881129,35.697481],[139.881418,35.697516],[139.880874,35.697532],[139.879053,35.697533],[139.878268,35.697534],[139.877994,35.697544],[139.877738,35.697562],[139.877447,35.697592]]]},"properties":{}},{"type":"Feature","geometry":{"type":"Polygon","coordinates":[[[139.881418,35.697516],[139.881682,35.697548],[139.880683,35.697589],[139.880089,35.697586],[139.87929,35.697593],[139.878678,35.697591],[139.878503,35.697596],[139.878103,35.697604],[139.877984,35.697609],[139.877733,35.697622],[139.877468,35.697654],[139.877214,35.697697],[139.877126,35.697711],[139.877081,35.697661],[139.877155,35.697645],[139.877447,35.697592],[139.877738,35.697562],[139.877994,35.697544],[139.878268,35.697534],[139.879053,35.697533],[139.880874,35.697532],[139.881418,35.697516]]]},"properties":{}},{"type":"Feature","geometry":{"type":"Polygon","coordinates":[[[139.881418,35.697516],[139.881129,35.697481],[139.881003,35.697475],[139.880877,35.697473],[139.879052,35.697476],[139.878574,35.697488],[139.878247,35.6975],[139.877983,35.697518],[139.877724,35.697544],[139.877447,35.697592],[139.877155,35.697645],[139.877081,35.697661],[139.877022,35.697594],[139.877117,35.697572],[139.877442,35.697503],[139.877732,35.697463],[139.878013,35.697434],[139.878279,35.69742],[139.879053,35.697428],[139.880875,35.697423],[139.881001,35.697421],[139.881126,35.697414],[139.881435,35.697373],[139.881841,35.697382],[139.881998,35.697385],[139.881982,35.697501],[139.881833,35.697504],[139.881418,35.697516]]]},"properties":{}},{"type":"Feature","geometry":{"type":"Polygon","coordinates":[[[139.881982,35.697501],[139.881976,35.697541],[139.881846,35.697544],[139.881682,35.697548],[139.881418,35.697516],[139.881833,35.697504],[139.881982,35.697501]]]},"properties":{}},{"type":"Feature","geometry":{"type":"Polygon","coordinates":[[[139.881982,35.697501],[139.881998,35.697385],[139.882081,35.697386],[139.882181,35.697488],[139.88218,35.697497],[139.881982,35.697501]]]},"properties":{}},{"type":"Feature","geometry":{"type":"Polygon","coordinates":[[[139.88218,35.697497],[139.882174,35.697535],[139.881976,35.697541],[139.881982,35.697501],[139.88218,35.697497]]]},"properties":{}},{"type":"Feature","geometry":{"type":"Polygon","coordinates":[[[139.88218,35.697497],[139.882181,35.697488],[139.882191,35.697497],[139.88218,35.697497]]]},"properties":{}},{"type":"Feature","geometry":{"type":"Polygon","coordinates":[[[139.882191,35.697497],[139.882228,35.697534],[139.882174,35.697535],[139.88218,35.697497],[139.882191,35.697497]]]},"properties":{}},{"type":"Feature","geometry":{"type":"Polygon","coordinates":[[[139.882191,35.697497],[139.882181,35.697488],[139.882195,35.697388],[139.882307,35.69739],[139.883114,35.697399],[139.883774,35.697397],[139.883706,35.697479],[139.883113,35.697481],[139.88231,35.697495],[139.882191,35.697497]]]},"properties":{}},{"type":"Feature","geometry":{"type":"Polygon","coordinates":[[[139.883706,35.697479],[139.883676,35.697514],[139.883561,35.697516],[139.883011,35.697521],[139.882313,35.697533],[139.882228,35.697534],[139.882191,35.697497],[139.88231,35.697495],[139.883113,35.697481],[139.883706,35.697479]]]},"properties":{}},{"type":"Feature","geometry":{"type":"Polygon","coordinates":[[[139.883706,35.697479],[139.883774,35.697397],[139.885567,35.697392],[139.885559,35.697471],[139.883706,35.697479]]]},"properties":{}},{"type":"Feature","geometry":{"type":"Polygon","coordinates":[[[139.885559,35.697471],[139.885555,35.69751],[139.884802,35.697511],[139.883733,35.697514],[139.883676,35.697514],[139.883706,35.697479],[139.885559,35.697471]]]},"properties":{}},{"type":"Feature","geometry":{"type":"Polygon","coordinates":[[[139.885559,35.697471],[139.885567,35.697392],[139.886276,35.69739],[139.886275,35.697468],[139.885559,35.697471]]]},"properties":{}},{"type":"Feature","geometry":{"type":"Polygon","coordinates":[[[139.886275,35.697468],[139.886275,35.697508],[139.886241,35.697509],[139.885555,35.69751],[139.885559,35.697471],[139.886275,35.697468]]]},"properties":{}},{"type":"Feature","geometry":{"type":"Polygon","coordinates":[[[139.886275,35.697468],[139.886276,35.69739],[139.887225,35.697387],[139.887218,35.697464],[139.886275,35.697468]]]},"properties":{}},{"type":"Feature","geometry":{"type":"Polygon","coordinates":[[[139.887218,35.697464],[139.887213,35.697509],[139.886275,35.697508],[139.886275,35.697468],[139.887218,35.697464]]]},"properties":{}},{"type":"Feature","geometry":{"type":"Polygon","coordinates":[[[139.887218,35.697464],[139.887225,35.697387],[139.890551,35.697377],[139.890554,35.69745],[139.887218,35.697464]]]},"properties":{}},{"type":"Feature","geometry":{"type":"Polygon","coordinates":[[[139.890554,35.69745],[139.890556,35.697493],[139.889854,35.697496],[139.887774,35.697507],[139.887213,35.697509],[139.887218,35.697464],[139.890554,35.69745]]]},"properties":{}},{"type":"Feature","geometry":{"type":"Polygon","coordinates":[[[139.890554,35.69745],[139.890551,35.697377],[139.891354,35.697375],[139.891631,35.697378],[139.891915,35.69739],[139.892188,35.697413],[139.892287,35.697424],[139.892308,35.697499],[139.89217,35.697482],[139.891903,35.69746],[139.891616,35.697449],[139.891367,35.697447],[139.890554,35.69745]]]},"properties":{}},{"type":"Feature","geometry":{"type":"Polygon","coordinates":[[[139.892308,35.697499],[139.892321,35.697543],[139.891984,35.697513],[139.89162,35.697495],[139.891281,35.69749],[139.890556,35.697493],[139.890554,35.69745],[139.891367,35.697447],[139.891616,35.697449],[139.891903,35.69746],[139.89217,35.697482],[139.892308,35.697499]]]},"properties":{}},{"type":"Feature","geometry":{"type":"Polygon","coordinates":[[[139.892308,35.697499],[139.892287,35.697424],[139.892442,35.697441],[139.89268,35.697484],[139.892892,35.697532],[139.893118,35.697595],[139.893335,35.69767],[139.893537,35.697752],[139.89373,35.697843],[139.893795,35.69788],[139.893762,35.697948],[139.893685,35.697905],[139.893488,35.697813],[139.893289,35.697731],[139.893083,35.697661],[139.89287,35.6976],[139.892663,35.697554],[139.892428,35.697513],[139.892308,35.697499]]]},"properties":{}},{"type":"Feature","geometry":{"type":"Polygon","coordinates":[[[139.893762,35.697948],[139.893743,35.697989],[139.893507,35.697872],[139.89324,35.697762],[139.892949,35.697667],[139.892643,35.697593],[139.892321,35.697543],[139.892308,35.697499],[139.892428,35.697513],[139.892663,35.697554],[139.89287,35.6976],[139.893083,35.697661],[139.893289,35.697731],[139.893488,35.697813],[139.893685,35.697905],[139.893762,35.697948]]]},"properties":{}},{"type":"Feature","geometry":{"type":"Polygon","coordinates":[[[139.893762,35.697948],[139.893795,35.69788],[139.89392,35.69795],[139.894106,35.698067],[139.894283,35.698195],[139.894448,35.698333],[139.894613,35.698489],[139.894777,35.698657],[139.894957,35.698866],[139.895118,35.699065],[139.895915,35.700085],[139.89606,35.700268],[139.89621,35.700438],[139.896377,35.700605],[139.896557,35.700762],[139.896741,35.7009],[139.896944,35.701034],[139.897148,35.701146],[139.89735,35.701242],[139.897562,35.70133],[139.897778,35.701409],[139.897819,35.701423],[139.89795,35.701524],[139.897884,35.701527],[139.897737,35.701475],[139.897518,35.701391],[139.897296,35.7013],[139.897101,35.701208],[139.896889,35.701088],[139.896682,35.700952],[139.896492,35.700808],[139.896313,35.700649],[139.896145,35.700482],[139.895988,35.700308],[139.895839,35.700123],[139.895033,35.699086],[139.894883,35.698906],[139.894698,35.698693],[139.894538,35.698527],[139.894376,35.698376],[139.894217,35.698245],[139.894046,35.698121],[139.893873,35.698009],[139.893762,35.697948]]]},"properties":{}},{"type":"Feature","geometry":{"type":"Polygon","coordinates":[[[139.897884,35.701527],[139.897722,35.701534],[139.897509,35.701545],[139.897297,35.701558],[139.897298,35.7014],[139.897281,35.701355],[139.897229,35.701321],[139.897057,35.701235],[139.896837,35.701115],[139.896625,35.700976],[139.896416,35.700817],[139.896245,35.700664],[139.895927,35.700322],[139.895529,35.699803],[139.895097,35.699258],[139.894937,35.699055],[139.894745,35.698822],[139.894703,35.698771],[139.89449,35.69855],[139.894328,35.6984],[139.894154,35.698255],[139.893954,35.698114],[139.893743,35.697989],[139.893762,35.697948],[139.893873,35.698009],[139.894046,35.698121],[139.894217,35.698245],[139.894376,35.698376],[139.894538,35.698527],[139.894698,35.698693],[139.894883,35.698906],[139.895033,35.699086],[139.895839,35.700123],[139.895988,35.700308],[139.896145,35.700482],[139.896313,35.700649],[139.896492,35.700808],[139.896682,35.700952],[139.896889,35.701088],[139.897101,35.701208],[139.897296,35.7013],[139.897518,35.701391],[139.897737,35.701475],[139.897884,35.701527]]]},"properties":{}},{"type":"Feature","geometry":{"type":"Polygon","coordinates":[[[139.897884,35.701527],[139.89795,35.701524],[139.897941,35.701547],[139.897884,35.701527]]]},"properties":{}},{"type":"Feature","geometry":{"type":"Polygon","coordinates":[[[139.8704,35.717714],[139.870212,35.717104],[139.870171,35.716924],[139.87023,35.716846],[139.870277,35.716829],[139.87072,35.716704],[139.870835,35.717333],[139.87085,35.717413],[139.870755,35.717479],[139.8704,35.717714]]]},"properties":{}},{"type":"Feature","geometry":{"type":"Polygon","coordinates":[[[139.870755,35.717479],[139.870649,35.717718],[139.8704,35.717714],[139.870755,35.717479]]]},"properties":{}},{"type":"Feature","geometry":{"type":"Polygon","coordinates":[[[139.87085,35.717413],[139.87127,35.717967],[139.871798,35.71866],[139.870765,35.718486],[139.870682,35.718201],[139.870649,35.717718],[139.870755,35.717479],[139.87085,35.717413]]]},"properties":{}},{"type":"Feature","geometry":{"type":"Polygon","coordinates":[[[139.87085,35.717413],[139.870835,35.717333],[139.87072,35.716704],[139.870696,35.716569],[139.870641,35.716238],[139.870635,35.716202],[139.870583,35.715896],[139.870575,35.715854],[139.87056,35.715796],[139.870524,35.715689],[139.871064,35.715748],[139.871092,35.715751],[139.871474,35.715792],[139.872087,35.715858],[139.872265,35.715882],[139.872737,35.716245],[139.872867,35.716344],[139.872559,35.716501],[139.872465,35.716542],[139.872329,35.716608],[139.871888,35.716826],[139.871497,35.717006],[139.871428,35.71704],[139.871188,35.717188],[139.870929,35.71736],[139.87085,35.717413]]]},"properties":{}},{"type":"Feature","geometry":{"type":"Polygon","coordinates":[[[139.871428,35.71704],[139.871456,35.717208],[139.871371,35.717516],[139.871379,35.717532],[139.87127,35.717967],[139.87085,35.717413],[139.870929,35.71736],[139.871188,35.717188],[139.871428,35.71704]]]},"properties":{}},{"type":"Feature","geometry":{"type":"Polygon","coordinates":[[[139.872465,35.716542],[139.872559,35.716501],[139.872637,35.716527],[139.872995,35.716567],[139.873713,35.716776],[139.8736,35.717065],[139.873572,35.717139],[139.873474,35.717468],[139.873408,35.717761],[139.873384,35.71787],[139.873318,35.718046],[139.873195,35.718373],[139.873185,35.718399],[139.872999,35.718862],[139.872392,35.718756],[139.871798,35.71866],[139.87127,35.717967],[139.871379,35.717532],[139.871371,35.717516],[139.871456,35.717208],[139.871428,35.71704],[139.871497,35.717006],[139.871888,35.716826],[139.872329,35.716608],[139.872465,35.716542]]]},"properties":{}},{"type":"Feature","geometry":{"type":"Polygon","coordinates":[[[139.872867,35.716344],[139.872943,35.716306],[139.873286,35.716138],[139.873333,35.716115],[139.873813,35.71588],[139.873847,35.715859],[139.873922,35.715823],[139.874159,35.716089],[139.874107,35.716118],[139.874028,35.716242],[139.873843,35.716516],[139.873713,35.716776],[139.872995,35.716567],[139.872637,35.716527],[139.872559,35.716501],[139.872867,35.716344]]]},"properties":{}},{"type":"Feature","geometry":{"type":"Polygon","coordinates":[[[139.872867,35.716344],[139.872737,35.716245],[139.872265,35.715882],[139.872087,35.715858],[139.871502,35.715152],[139.871448,35.715153],[139.871241,35.715155],[139.871041,35.715155],[139.870844,35.715159],[139.870639,35.715164],[139.870321,35.715172],[139.870125,35.71466],[139.87024,35.714659],[139.87044,35.714656],[139.870627,35.714654],[139.870822,35.714651],[139.871023,35.714649],[139.871234,35.714646],[139.871427,35.714643],[139.870928,35.714453],[139.870957,35.714432],[139.870976,35.71442],[139.871027,35.714388],[139.871046,35.714377],[139.87141,35.714171],[139.872154,35.713751],[139.872279,35.713899],[139.872687,35.714382],[139.872799,35.714519],[139.873035,35.714791],[139.873196,35.714984],[139.873724,35.715594],[139.873853,35.715745],[139.873922,35.715823],[139.873847,35.715859],[139.873813,35.71588],[139.873333,35.716115],[139.873286,35.716138],[139.872943,35.716306],[139.872867,35.716344]]]},"properties":{}},{"type":"Feature","geometry":{"type":"Polygon","coordinates":[[[139.87141,35.714171],[139.870971,35.713655],[139.870684,35.713316],[139.871422,35.712902],[139.872119,35.713706],[139.872154,35.713751],[139.87141,35.714171]]]},"properties":{}},{"type":"Feature","geometry":{"type":"Polygon","coordinates":[[[139.869951,35.712465],[139.870621,35.712086],[139.870695,35.712045],[139.871149,35.712584],[139.871422,35.712902],[139.870684,35.713316],[139.869951,35.712465]]]},"properties":{}},{"type":"Feature","geometry":{"type":"Polygon","coordinates":[[[139.870593,35.721156],[139.870492,35.72157],[139.870223,35.722671],[139.86981,35.722603],[139.869612,35.72257],[139.869356,35.722528],[139.869063,35.722479],[139.868307,35.722355],[139.868432,35.721841],[139.868552,35.721342],[139.86869,35.720834],[139.868721,35.720847],[139.870593,35.721156]]]},"properties":{}},{"type":"Feature","geometry":{"type":"Polygon","coordinates":[[[139.87161,35.722363],[139.871657,35.722239],[139.871688,35.72214],[139.871772,35.721889],[139.871842,35.721686],[139.871975,35.721367],[139.872559,35.721466],[139.873541,35.721632],[139.873745,35.721666],[139.873931,35.721698],[139.874266,35.721754],[139.87414,35.722264],[139.874056,35.722608],[139.874107,35.722716],[139.874053,35.722772],[139.873526,35.722685],[139.873492,35.722679],[139.872428,35.722504],[139.872244,35.722469],[139.87161,35.722363]]]},"properties":{}},{"type":"Feature","geometry":{"type":"Polygon","coordinates":[[[139.873526,35.722685],[139.874053,35.722772],[139.87378,35.723076],[139.873406,35.723467],[139.873175,35.723613],[139.873077,35.723691],[139.87252,35.723608],[139.872095,35.723538],[139.871777,35.723486],[139.87138,35.723412],[139.871291,35.7234],[139.871324,35.723253],[139.871339,35.723191],[139.871422,35.722875],[139.871429,35.722855],[139.871601,35.722387],[139.87161,35.722363],[139.872244,35.722469],[139.872428,35.722504],[139.873492,35.722679],[139.873526,35.722685]]]},"properties":{}},{"type":"Feature","geometry":{"type":"Polygon","coordinates":[[[139.870843,35.727444],[139.87097,35.727225],[139.870941,35.727197],[139.871177,35.726817],[139.871289,35.726972],[139.871244,35.727045],[139.87115,35.727484],[139.870865,35.727447],[139.870843,35.727444]]]},"properties":{}},{"type":"Feature","geometry":{"type":"Polygon","coordinates":[[[139.87115,35.727484],[139.871034,35.728006],[139.87056,35.72794],[139.870529,35.727936],[139.870806,35.72748],[139.870843,35.727444],[139.870865,35.727447],[139.87115,35.727484]]]},"properties":{}},{"type":"Feature","geometry":{"type":"Polygon","coordinates":[[[139.87115,35.727484],[139.871244,35.727045],[139.871289,35.726972],[139.871396,35.727165],[139.87157,35.727546],[139.87115,35.727484]]]},"properties":{}},{"type":"Feature","geometry":{"type":"Polygon","coordinates":[[[139.87157,35.727546],[139.871639,35.727755],[139.871719,35.728104],[139.871034,35.728006],[139.87115,35.727484],[139.87157,35.727546]]]},"properties":{}},{"type":"Feature","geometry":{"type":"Polygon","coordinates":[[[139.870838,35.728947],[139.870395,35.72865],[139.87014,35.728472],[139.870078,35.728429],[139.870283,35.728098],[139.870861,35.727153],[139.870918,35.727175],[139.870941,35.727197],[139.87097,35.727225],[139.870843,35.727444],[139.870806,35.72748],[139.870529,35.727936],[139.87032,35.728264],[139.870192,35.728392],[139.870463,35.72858],[139.870857,35.728849],[139.870838,35.728947]]]},"properties":{}},{"type":"Feature","geometry":{"type":"Polygon","coordinates":[[[139.870857,35.728849],[139.871033,35.728971],[139.871007,35.729064],[139.870838,35.728947],[139.870857,35.728849]]]},"properties":{}},{"type":"Feature","geometry":{"type":"Polygon","coordinates":[[[139.870857,35.728849],[139.870463,35.72858],[139.870192,35.728392],[139.87035,35.728413],[139.870931,35.728489],[139.870869,35.728786],[139.870857,35.728849]]]},"properties":{}},{"type":"Feature","geometry":{"type":"Polygon","coordinates":[[[139.870931,35.728489],[139.871757,35.728601],[139.871696,35.729289],[139.871683,35.729344],[139.871667,35.729412],[139.871033,35.728971],[139.870857,35.728849],[139.870869,35.728786],[139.870931,35.728489]]]},"properties":{}},{"type":"Feature","geometry":{"type":"Polygon","coordinates":[[[139.870931,35.728489],[139.87035,35.728413],[139.870192,35.728392],[139.87032,35.728264],[139.870529,35.727936],[139.87056,35.72794],[139.871034,35.728006],[139.870931,35.728489]]]},"properties":{}},{"type":"Feature","geometry":{"type":"Polygon","coordinates":[[[139.871034,35.728006],[139.871719,35.728104],[139.871737,35.728255],[139.871757,35.728601],[139.870931,35.728489],[139.871034,35.728006]]]},"properties":{}},{"type":"Feature","geometry":{"type":"Polygon","coordinates":[[[139.870861,35.727153],[139.870888,35.727109],[139.871123,35.726742],[139.871177,35.726817],[139.870941,35.727197],[139.870918,35.727175],[139.870861,35.727153]]]},"properties":{}},{"type":"Feature","geometry":{"type":"Polygon","coordinates":[[[139.870861,35.727153],[139.870283,35.728098],[139.870078,35.728429],[139.870008,35.72838],[139.870198,35.72807],[139.870785,35.727123],[139.870861,35.727153]]]},"properties":{}},{"type":"Feature","geometry":{"type":"Polygon","coordinates":[[[139.870785,35.727123],[139.870812,35.727078],[139.871064,35.726669],[139.871098,35.726708],[139.871123,35.726742],[139.870888,35.727109],[139.870861,35.727153],[139.870785,35.727123]]]},"properties":{}},{"type":"Feature","geometry":{"type":"Polygon","coordinates":[[[139.870716,35.727096],[139.870744,35.727051],[139.871022,35.72662],[139.871064,35.726669],[139.870812,35.727078],[139.870785,35.727123],[139.870716,35.727096]]]},"properties":{}},{"type":"Feature","geometry":{"type":"Polygon","coordinates":[[[139.872145,35.72868],[139.872084,35.72908],[139.87203,35.729419],[139.87202,35.729471],[139.871997,35.729523],[139.871984,35.729547],[139.871947,35.729594],[139.871852,35.729532],[139.871866,35.729409],[139.871936,35.728805],[139.871944,35.728674],[139.871944,35.728639],[139.872145,35.72868]]]},"properties":{}},{"type":"Feature","geometry":{"type":"Polygon","coordinates":[[[139.871944,35.728639],[139.871943,35.728559],[139.871927,35.728307],[139.871888,35.728062],[139.871829,35.727809],[139.871748,35.727558],[139.871652,35.727325],[139.87154,35.727095],[139.871424,35.726884],[139.871304,35.726708],[139.871271,35.726665],[139.871386,35.726481],[139.871418,35.726422],[139.871474,35.726452],[139.871786,35.726583],[139.871494,35.726424],[139.871435,35.72639],[139.871462,35.72634],[139.871537,35.726382],[139.872331,35.72684],[139.872676,35.727047],[139.872987,35.727237],[139.87315,35.727358],[139.873129,35.727384],[139.873078,35.727454],[139.872458,35.727056],[139.872402,35.727153],[139.872388,35.727205],[139.872318,35.727641],[139.872217,35.728251],[139.872145,35.72868],[139.871944,35.728639]]]},"properties":{}},{"type":"Feature","geometry":{"type":"Polygon","coordinates":[[[139.871944,35.728639],[139.871944,35.728674],[139.871936,35.728805],[139.871866,35.729409],[139.871852,35.729532],[139.871667,35.729412],[139.871683,35.729344],[139.871696,35.729289],[139.871757,35.728601],[139.871944,35.728639]]]},"properties":{}},{"type":"Feature","geometry":{"type":"Polygon","coordinates":[[[139.871757,35.728601],[139.871737,35.728255],[139.871719,35.728104],[139.871639,35.727755],[139.87157,35.727546],[139.871396,35.727165],[139.871289,35.726972],[139.871177,35.726817],[139.871221,35.726746],[139.871271,35.726665],[139.871304,35.726708],[139.871424,35.726884],[139.87154,35.727095],[139.871652,35.727325],[139.871748,35.727558],[139.871829,35.727809],[139.871888,35.728062],[139.871927,35.728307],[139.871943,35.728559],[139.871944,35.728639],[139.871757,35.728601]]]},"properties":{}},{"type":"Feature","geometry":{"type":"Polygon","coordinates":[[[139.883583,35.732102],[139.883426,35.732566],[139.882859,35.732439],[139.883169,35.732201],[139.883268,35.732218],[139.883535,35.732111],[139.883583,35.732102]]]},"properties":{}},{"type":"Feature","geometry":{"type":"Polygon","coordinates":[[[139.883169,35.732201],[139.883387,35.73204],[139.88411,35.731519],[139.884495,35.731248],[139.884442,35.73136],[139.88437,35.731501],[139.884112,35.732013],[139.884097,35.732054],[139.883676,35.732091],[139.883583,35.732102],[139.883535,35.732111],[139.883268,35.732218],[139.883169,35.732201]]]},"properties":{}},{"type":"Feature","geometry":{"type":"Polygon","coordinates":[[[139.883169,35.732201],[139.882859,35.732439],[139.882573,35.732651],[139.882332,35.73283],[139.882232,35.732903],[139.882238,35.732862],[139.882233,35.73283],[139.882212,35.732799],[139.882129,35.732711],[139.882062,35.732649],[139.882016,35.732614],[139.881909,35.732532],[139.881878,35.7325],[139.881857,35.732467],[139.881927,35.732451],[139.882368,35.732364],[139.882416,35.73232],[139.882533,35.732088],[139.882551,35.732051],[139.882659,35.732031],[139.882966,35.732],[139.88302,35.732029],[139.883045,35.732085],[139.883028,35.732172],[139.883169,35.732201]]]},"properties":{}},{"type":"Feature","geometry":{"type":"Polygon","coordinates":[[[139.881857,35.732467],[139.8818,35.732338],[139.881797,35.732326],[139.881528,35.731299],[139.881512,35.73124],[139.881584,35.731217],[139.881932,35.731109],[139.882198,35.731058],[139.882445,35.731012],[139.882745,35.731023],[139.882842,35.731051],[139.883167,35.731148],[139.88348,35.731241],[139.883461,35.731339],[139.883349,35.731911],[139.883387,35.73204],[139.883169,35.732201],[139.883028,35.732172],[139.883045,35.732085],[139.88302,35.732029],[139.882966,35.732],[139.882659,35.732031],[139.882551,35.732051],[139.882533,35.732088],[139.882416,35.73232],[139.882368,35.732364],[139.881927,35.732451],[139.881857,35.732467]]]},"properties":{}},{"type":"Feature","geometry":{"type":"Polygon","coordinates":[[[139.887382,35.737349],[139.887427,35.737955],[139.886617,35.737991],[139.886588,35.737531],[139.886577,35.737382],[139.887382,35.737349]]]},"properties":{}},{"type":"Feature","geometry":{"type":"Polygon","coordinates":[[[139.886577,35.737382],[139.886547,35.736817],[139.886553,35.736802],[139.886573,35.736756],[139.887251,35.736951],[139.887329,35.736974],[139.887405,35.736996],[139.887372,35.737079],[139.887382,35.737349],[139.886577,35.737382]]]},"properties":{}},{"type":"Feature","geometry":{"type":"Polygon","coordinates":[[[139.886577,35.737382],[139.886588,35.737531],[139.886617,35.737991],[139.885798,35.738025],[139.885767,35.737574],[139.885758,35.737415],[139.886293,35.737394],[139.886577,35.737382]]]},"properties":{}},{"type":"Feature","geometry":{"type":"Polygon","coordinates":[[[139.886293,35.737394],[139.885758,35.737415],[139.885829,35.737156],[139.885969,35.73665],[139.885971,35.736642],[139.885993,35.736589],[139.886573,35.736756],[139.886553,35.736802],[139.886547,35.736817],[139.886577,35.737382],[139.886293,35.737394]]]},"properties":{}},{"type":"Feature","geometry":{"type":"Polygon","coordinates":[[[139.885758,35.737415],[139.885767,35.737574],[139.885798,35.738025],[139.885821,35.738339],[139.885818,35.738365],[139.885734,35.73859],[139.885717,35.738638],[139.885192,35.738477],[139.884701,35.738325],[139.884396,35.738231],[139.884409,35.738203],[139.884672,35.737622],[139.884837,35.737251],[139.885371,35.737414],[139.885408,35.737422],[139.885479,35.737426],[139.885758,35.737415]]]},"properties":{}},{"type":"Feature","geometry":{"type":"Polygon","coordinates":[[[139.884837,35.737251],[139.885228,35.736421],[139.885254,35.736368],[139.885635,35.736481],[139.885926,35.736569],[139.885993,35.736589],[139.885971,35.736642],[139.885969,35.73665],[139.885829,35.737156],[139.885758,35.737415],[139.885479,35.737426],[139.885408,35.737422],[139.885371,35.737414],[139.884837,35.737251]]]},"properties":{}},{"type":"Feature","geometry":{"type":"Polygon","coordinates":[[[139.884837,35.737251],[139.884672,35.737622],[139.884409,35.738203],[139.884396,35.738231],[139.88401,35.738113],[139.883947,35.738094],[139.88397,35.738039],[139.884349,35.737148],[139.884366,35.737107],[139.884413,35.737122],[139.884837,35.737251]]]},"properties":{}},{"type":"Feature","geometry":{"type":"Polygon","coordinates":[[[139.884366,35.737107],[139.884559,35.736646],[139.884668,35.736359],[139.884688,35.736314],[139.884731,35.736216],[139.884875,35.736258],[139.885254,35.736368],[139.885228,35.736421],[139.884837,35.737251],[139.884413,35.737122],[139.884366,35.737107]]]},"properties":{}},{"type":"Feature","geometry":{"type":"Polygon","coordinates":[[[139.884366,35.737107],[139.884349,35.737148],[139.88397,35.738039],[139.883947,35.738094],[139.883895,35.738079],[139.883583,35.737989],[139.883596,35.737959],[139.883764,35.737591],[139.88386,35.737374],[139.884033,35.737005],[139.884326,35.737095],[139.884366,35.737107]]]},"properties":{}},{"type":"Feature","geometry":{"type":"Polygon","coordinates":[[[139.884033,35.737005],[139.883485,35.736839],[139.883062,35.736713],[139.883017,35.736699],[139.883135,35.736441],[139.883244,35.736199],[139.883406,35.735841],[139.884149,35.736055],[139.884573,35.736172],[139.884731,35.736216],[139.884688,35.736314],[139.884668,35.736359],[139.884559,35.736646],[139.884366,35.737107],[139.884326,35.737095],[139.884033,35.737005]]]},"properties":{}},{"type":"Feature","geometry":{"type":"Polygon","coordinates":[[[139.884033,35.737005],[139.88386,35.737374],[139.883764,35.737591],[139.883596,35.737959],[139.883583,35.737989],[139.882571,35.737679],[139.882792,35.737185],[139.882849,35.737065],[139.883017,35.736699],[139.883062,35.736713],[139.883485,35.736839],[139.884033,35.737005]]]},"properties":{}},{"type":"Feature","geometry":{"type":"Polygon","coordinates":[[[139.883017,35.736699],[139.882849,35.737065],[139.882792,35.737185],[139.882571,35.737679],[139.881848,35.73746],[139.881963,35.737205],[139.881987,35.737142],[139.882022,35.737032],[139.882065,35.736811],[139.88216,35.736438],[139.882205,35.736451],[139.882391,35.736507],[139.882686,35.736596],[139.882973,35.736686],[139.883017,35.736699]]]},"properties":{}},{"type":"Feature","geometry":{"type":"Polygon","coordinates":[[[139.882391,35.736507],[139.882205,35.736451],[139.88216,35.736438],[139.882282,35.736091],[139.88244,35.735654],[139.882451,35.735624],[139.882473,35.735563],[139.883406,35.735841],[139.883244,35.736199],[139.883135,35.736441],[139.883017,35.736699],[139.882973,35.736686],[139.882686,35.736596],[139.882391,35.736507]]]},"properties":{}},{"type":"Feature","geometry":{"type":"Polygon","coordinates":[[[139.88216,35.736438],[139.882065,35.736811],[139.882022,35.737032],[139.881987,35.737142],[139.881963,35.737205],[139.881848,35.73746],[139.88154,35.737368],[139.88124,35.73728],[139.88064,35.737099],[139.880654,35.737066],[139.88081,35.736719],[139.880918,35.736489],[139.88109,35.736117],[139.882115,35.736424],[139.88216,35.736438]]]},"properties":{}},{"type":"Feature","geometry":{"type":"Polygon","coordinates":[[[139.88109,35.736117],[139.881268,35.735722],[139.881449,35.735323],[139.881473,35.73527],[139.882473,35.735563],[139.882451,35.735624],[139.88244,35.735654],[139.882282,35.736091],[139.88216,35.736438],[139.882115,35.736424],[139.88109,35.736117]]]},"properties":{}},{"type":"Feature","geometry":{"type":"Polygon","coordinates":[[[139.88109,35.736117],[139.880918,35.736489],[139.88081,35.736719],[139.880654,35.737066],[139.88064,35.737099],[139.880088,35.73693],[139.879622,35.73679],[139.880076,35.735804],[139.88012,35.735817],[139.880546,35.735948],[139.88109,35.736117]]]},"properties":{}},{"type":"Feature","geometry":{"type":"Polygon","coordinates":[[[139.880076,35.735804],[139.880288,35.735336],[139.880425,35.735033],[139.880456,35.734967],[139.880588,35.735007],[139.881473,35.73527],[139.881449,35.735323],[139.881268,35.735722],[139.88109,35.736117],[139.880546,35.735948],[139.88012,35.735817],[139.880076,35.735804]]]},"properties":{}},{"type":"Feature","geometry":{"type":"Polygon","coordinates":[[[139.880076,35.735804],[139.879622,35.73679],[139.879102,35.736635],[139.878607,35.736484],[139.87862,35.736455],[139.87876,35.736148],[139.879053,35.735498],[139.879551,35.735645],[139.880039,35.735793],[139.880076,35.735804]]]},"properties":{}},{"type":"Feature","geometry":{"type":"Polygon","coordinates":[[[139.879053,35.735498],[139.879215,35.735143],[139.879267,35.735032],[139.879331,35.734892],[139.879417,35.734704],[139.879441,35.734652],[139.880346,35.734933],[139.880456,35.734967],[139.880425,35.735033],[139.880288,35.735336],[139.880076,35.735804],[139.880039,35.735793],[139.879551,35.735645],[139.879053,35.735498]]]},"properties":{}},{"type":"Feature","geometry":{"type":"Polygon","coordinates":[[[139.879053,35.735498],[139.87876,35.736148],[139.87862,35.736455],[139.878607,35.736484],[139.878119,35.736339],[139.878086,35.736329],[139.877589,35.736181],[139.877605,35.736146],[139.877765,35.735796],[139.877871,35.735564],[139.878037,35.735199],[139.878391,35.735305],[139.878423,35.735315],[139.878545,35.735351],[139.879053,35.735498]]]},"properties":{}},{"type":"Feature","geometry":{"type":"Polygon","coordinates":[[[139.878545,35.735351],[139.87872,35.734985],[139.879215,35.735143],[139.879053,35.735498],[139.878545,35.735351]]]},"properties":{}},{"type":"Feature","geometry":{"type":"Polygon","coordinates":[[[139.878037,35.735199],[139.877264,35.734957],[139.877232,35.734951],[139.877188,35.734942],[139.877045,35.734954],[139.876898,35.734968],[139.876797,35.734981],[139.876691,35.734995],[139.876748,35.734489],[139.876755,35.734435],[139.876835,35.734437],[139.87711,35.734445],[139.877645,35.73446],[139.878841,35.734495],[139.878975,35.734499],[139.879404,35.73464],[139.879441,35.734652],[139.879417,35.734704],[139.879331,35.734892],[139.879267,35.735032],[139.879215,35.735143],[139.87872,35.734985],[139.878545,35.735351],[139.878423,35.735315],[139.878391,35.735305],[139.878037,35.735199]]]},"properties":{}},{"type":"Feature","geometry":{"type":"Polygon","coordinates":[[[139.892094,35.738255],[139.892018,35.737753],[139.892681,35.737724],[139.892666,35.737821],[139.89264,35.737937],[139.892627,35.737995],[139.892618,35.738033],[139.892603,35.738067],[139.892561,35.738138],[139.89253,35.738201],[139.892094,35.738255]]]},"properties":{}},{"type":"Feature","geometry":{"type":"Polygon","coordinates":[[[139.891774,35.738297],[139.89174,35.73805],[139.891708,35.737766],[139.892018,35.737753],[139.892094,35.738255],[139.891774,35.738297]]]},"properties":{}},{"type":"Feature","geometry":{"type":"Polygon","coordinates":[[[139.891215,35.738375],[139.891192,35.7381],[139.891176,35.73779],[139.891708,35.737766],[139.89174,35.73805],[139.891774,35.738297],[139.891276,35.738368],[139.891215,35.738375]]]},"properties":{}},{"type":"Feature","geometry":{"type":"Polygon","coordinates":[[[139.890456,35.738438],[139.890435,35.738135],[139.890413,35.737825],[139.890793,35.737806],[139.891176,35.73779],[139.891192,35.7381],[139.891215,35.738375],[139.890456,35.738438]]]},"properties":{}},{"type":"Feature","geometry":{"type":"Polygon","coordinates":[[[139.889708,35.73847],[139.889683,35.738166],[139.88966,35.737863],[139.890413,35.737825],[139.890435,35.738135],[139.890456,35.738438],[139.89017,35.73845],[139.889993,35.738458],[139.889708,35.73847]]]},"properties":{}},{"type":"Feature","geometry":{"type":"Polygon","coordinates":[[[139.888968,35.738514],[139.888946,35.738199],[139.888928,35.737912],[139.88966,35.737863],[139.889683,35.738166],[139.889708,35.73847],[139.888968,35.738514]]]},"properties":{}},{"type":"Feature","geometry":{"type":"Polygon","coordinates":[[[139.881965,35.734181],[139.881753,35.73466],[139.881534,35.735146],[139.88151,35.735199],[139.880625,35.734928],[139.880495,35.734888],[139.880526,35.73482],[139.880733,35.734366],[139.880935,35.733916],[139.880953,35.733876],[139.880989,35.733887],[139.881965,35.734181]]]},"properties":{}},{"type":"Feature","geometry":{"type":"Polygon","coordinates":[[[139.880953,35.733876],[139.880974,35.73383],[139.881159,35.733422],[139.881169,35.733399],[139.881214,35.733348],[139.881332,35.733385],[139.882014,35.733597],[139.88218,35.733708],[139.882166,35.733739],[139.881965,35.734181],[139.880989,35.733887],[139.880953,35.733876]]]},"properties":{}},{"type":"Feature","geometry":{"type":"Polygon","coordinates":[[[139.880376,35.732473],[139.880428,35.732429],[139.880449,35.732412],[139.881071,35.732872],[139.88189,35.73345],[139.882792,35.734033],[139.883078,35.734199],[139.883063,35.734229],[139.883048,35.734262],[139.883,35.734232],[139.882638,35.734008],[139.88218,35.733708],[139.882014,35.733597],[139.881332,35.733385],[139.881214,35.733348],[139.881253,35.733261],[139.881294,35.733171],[139.881299,35.733159],[139.881288,35.733123],[139.880773,35.732765],[139.880444,35.732523],[139.880376,35.732473]]]},"properties":{}},{"type":"Feature","geometry":{"type":"Polygon","coordinates":[[[139.880773,35.732765],[139.880742,35.7328],[139.880732,35.732811],[139.880575,35.733221],[139.880381,35.733701],[139.879933,35.733565],[139.880017,35.733369],[139.880128,35.733087],[139.880333,35.73254],[139.880353,35.732509],[139.880376,35.732473],[139.880444,35.732523],[139.880773,35.732765]]]},"properties":{}},{"type":"Feature","geometry":{"type":"Polygon","coordinates":[[[139.881214,35.733348],[139.881169,35.733399],[139.881159,35.733422],[139.880974,35.73383],[139.880953,35.733876],[139.880916,35.733865],[139.880381,35.733701],[139.880575,35.733221],[139.880732,35.732811],[139.880742,35.7328],[139.880773,35.732765],[139.881288,35.733123],[139.881299,35.733159],[139.881294,35.733171],[139.881253,35.733261],[139.881214,35.733348]]]},"properties":{}},{"type":"Feature","geometry":{"type":"Polygon","coordinates":[[[139.88218,35.733708],[139.882638,35.734008],[139.883,35.734232],[139.883048,35.734262],[139.883026,35.734306],[139.882904,35.734554],[139.882801,35.734763],[139.882763,35.734752],[139.882226,35.734595],[139.882218,35.734623],[139.882245,35.734926],[139.882277,35.734943],[139.882502,35.73493],[139.882598,35.734904],[139.882674,35.734897],[139.882692,35.734898],[139.882735,35.734902],[139.882706,35.734971],[139.88252,35.735444],[139.882497,35.735501],[139.88151,35.735199],[139.881534,35.735146],[139.881753,35.73466],[139.881965,35.734181],[139.882166,35.733739],[139.88218,35.733708]]]},"properties":{}},{"type":"Feature","geometry":{"type":"Polygon","coordinates":[[[139.879111,35.734473],[139.879436,35.734567],[139.879476,35.734578],[139.879441,35.734652],[139.879404,35.73464],[139.878975,35.734499],[139.879111,35.734473]]]},"properties":{}},{"type":"Feature","geometry":{"type":"Polygon","coordinates":[[[139.878975,35.734499],[139.878869,35.73445],[139.878772,35.734397],[139.878091,35.733924],[139.87807,35.733909],[139.877913,35.7338],[139.877043,35.733197],[139.876941,35.733129],[139.876261,35.732668],[139.876188,35.732618],[139.876206,35.73252],[139.876281,35.732569],[139.876937,35.733007],[139.877116,35.733134],[139.877472,35.733374],[139.878138,35.73384],[139.878162,35.733857],[139.878759,35.734275],[139.878868,35.734355],[139.878957,35.734404],[139.879111,35.734473],[139.878975,35.734499]]]},"properties":{}},{"type":"Feature","geometry":{"type":"Polygon","coordinates":[[[139.878332,35.718723],[139.878276,35.718965],[139.87825,35.719079],[139.878112,35.719678],[139.878036,35.71978],[139.877998,35.719745],[139.877828,35.719585],[139.877544,35.719319],[139.877483,35.719259],[139.877568,35.719086],[139.877623,35.718948],[139.877671,35.718809],[139.877715,35.718625],[139.878332,35.718723]]]},"properties":{}},{"type":"Feature","geometry":{"type":"Polygon","coordinates":[[[139.877715,35.718625],[139.878017,35.717341],[139.878134,35.717452],[139.878314,35.717756],[139.878493,35.717973],[139.878332,35.718723],[139.877715,35.718625]]]},"properties":{}},{"type":"Feature","geometry":{"type":"Polygon","coordinates":[[[139.877483,35.719259],[139.877408,35.71919],[139.877423,35.719163],[139.877506,35.718988],[139.877567,35.718814],[139.877645,35.718548],[139.878015,35.716977],[139.878095,35.716989],[139.878017,35.717341],[139.877715,35.718625],[139.877671,35.718809],[139.877623,35.718948],[139.877568,35.719086],[139.877483,35.719259]]]},"properties":{}},{"type":"Feature","geometry":{"type":"Polygon","coordinates":[[[139.878095,35.716989],[139.878119,35.716886],[139.878524,35.71695],[139.878625,35.716965],[139.878814,35.716993],[139.878905,35.717006],[139.878929,35.71701],[139.87915,35.717073],[139.879345,35.7171],[139.879424,35.717114],[139.879491,35.717133],[139.879593,35.717175],[139.879661,35.717201],[139.879661,35.71724],[139.879663,35.717359],[139.879665,35.717384],[139.87968,35.717642],[139.878934,35.717681],[139.878623,35.717695],[139.878562,35.717699],[139.878337,35.717736],[139.878314,35.717756],[139.878134,35.717452],[139.878017,35.717341],[139.878095,35.716989]]]},"properties":{}},{"type":"Feature","geometry":{"type":"Polygon","coordinates":[[[139.878095,35.716989],[139.878015,35.716977],[139.87804,35.716874],[139.878119,35.716886],[139.878095,35.716989]]]},"properties":{}},{"type":"Feature","geometry":{"type":"Polygon","coordinates":[[[139.878119,35.716886],[139.87804,35.716874],[139.87808,35.716703],[139.878513,35.714874],[139.8786,35.71486],[139.878471,35.715384],[139.878316,35.716067],[139.878119,35.716886]]]},"properties":{}},{"type":"Feature","geometry":{"type":"Polygon","coordinates":[[[139.878316,35.716067],[139.87882,35.71615],[139.878625,35.716965],[139.878524,35.71695],[139.878119,35.716886],[139.878316,35.716067]]]},"properties":{}},{"type":"Feature","geometry":{"type":"Polygon","coordinates":[[[139.878471,35.715384],[139.879031,35.715219],[139.879041,35.715291],[139.879007,35.715579],[139.878994,35.715687],[139.87898,35.715773],[139.87882,35.71615],[139.878316,35.716067],[139.878471,35.715384]]]},"properties":{}},{"type":"Feature","geometry":{"type":"Polygon","coordinates":[[[139.8786,35.71486],[139.879046,35.714818],[139.879033,35.715154],[139.879031,35.715219],[139.878471,35.715384],[139.8786,35.71486]]]},"properties":{}},{"type":"Feature","geometry":{"type":"Polygon","coordinates":[[[139.8786,35.71486],[139.878513,35.714874],[139.878775,35.713768],[139.878857,35.713726],[139.878782,35.714033],[139.8786,35.71486]]]},"properties":{}},{"type":"Feature","geometry":{"type":"Polygon","coordinates":[[[139.878782,35.714033],[139.879224,35.714093],[139.879046,35.714818],[139.8786,35.71486],[139.878782,35.714033]]]},"properties":{}},{"type":"Feature","geometry":{"type":"Polygon","coordinates":[[[139.878857,35.713726],[139.878948,35.713696],[139.879237,35.713589],[139.879266,35.713623],[139.879329,35.713691],[139.879224,35.714093],[139.878782,35.714033],[139.878857,35.713726]]]},"properties":{}},{"type":"Feature","geometry":{"type":"Polygon","coordinates":[[[139.878857,35.713726],[139.878775,35.713768],[139.878942,35.713065],[139.879014,35.713075],[139.878857,35.713726]]]},"properties":{}},{"type":"Feature","geometry":{"type":"Polygon","coordinates":[[[139.879014,35.713075],[139.879113,35.713089],[139.879377,35.713127],[139.879859,35.713196],[139.879913,35.713204],[139.879898,35.713271],[139.879893,35.713301],[139.879876,35.713318],[139.879838,35.713338],[139.879237,35.713589],[139.878948,35.713696],[139.878857,35.713726],[139.879014,35.713075]]]},"properties":{}},{"type":"Feature","geometry":{"type":"Polygon","coordinates":[[[139.879014,35.713075],[139.878942,35.713065],[139.879153,35.712177],[139.879441,35.710966],[139.879444,35.711142],[139.879429,35.711298],[139.879389,35.711508],[139.879289,35.711948],[139.879152,35.712496],[139.879038,35.712972],[139.879014,35.713075]]]},"properties":{}},{"type":"Feature","geometry":{"type":"Polygon","coordinates":[[[139.879152,35.712496],[139.879513,35.712556],[139.879991,35.712635],[139.879859,35.713196],[139.879377,35.713127],[139.879113,35.713089],[139.879014,35.713075],[139.879038,35.712972],[139.879152,35.712496]]]},"properties":{}},{"type":"Feature","geometry":{"type":"Polygon","coordinates":[[[139.879289,35.711948],[139.879337,35.711956],[139.879634,35.712007],[139.880072,35.712074],[139.880107,35.71208],[139.879996,35.712612],[139.879991,35.712635],[139.879513,35.712556],[139.879152,35.712496],[139.879289,35.711948]]]},"properties":{}},{"type":"Feature","geometry":{"type":"Polygon","coordinates":[[[139.879441,35.710966],[139.879518,35.710654],[139.879597,35.710667],[139.879624,35.710687],[139.879673,35.710725],[139.879734,35.710749],[139.879915,35.710774],[139.880135,35.710786],[139.880379,35.710831],[139.880405,35.710838],[139.880395,35.71088],[139.880352,35.711057],[139.880305,35.71125],[139.88028,35.711352],[139.880252,35.711471],[139.880219,35.711605],[139.880215,35.711621],[139.880173,35.7118],[139.880171,35.711809],[139.880107,35.71208],[139.880072,35.712074],[139.879634,35.712007],[139.879337,35.711956],[139.879289,35.711948],[139.879389,35.711508],[139.879429,35.711298],[139.879444,35.711142],[139.879441,35.710966]]]},"properties":{}},{"type":"Feature","geometry":{"type":"Polygon","coordinates":[[[139.874186,35.715715],[139.874019,35.715788],[139.873922,35.715823],[139.873853,35.715745],[139.873724,35.715594],[139.873196,35.714984],[139.873533,35.714811],[139.873694,35.714734],[139.873972,35.714622],[139.874181,35.714598],[139.874167,35.715655],[139.874186,35.715715]]]},"properties":{}},{"type":"Feature","geometry":{"type":"Polygon","coordinates":[[[139.874181,35.714598],[139.874648,35.71458],[139.874567,35.714931],[139.874491,35.715151],[139.874344,35.715574],[139.874343,35.715599],[139.874358,35.715627],[139.874286,35.715666],[139.874186,35.715715],[139.874167,35.715655],[139.874181,35.714598]]]},"properties":{}},{"type":"Feature","geometry":{"type":"Polygon","coordinates":[[[139.874181,35.714598],[139.873972,35.714622],[139.873694,35.714734],[139.873533,35.714811],[139.873196,35.714984],[139.873035,35.714791],[139.872799,35.714519],[139.872687,35.714382],[139.872279,35.713899],[139.873008,35.713484],[139.87306,35.713469],[139.873112,35.713487],[139.873232,35.713458],[139.873285,35.71346],[139.873531,35.713467],[139.873641,35.713477],[139.874059,35.713531],[139.874194,35.713555],[139.874186,35.714243],[139.874181,35.714598]]]},"properties":{}},{"type":"Feature","geometry":{"type":"Polygon","coordinates":[[[139.874194,35.713555],[139.874522,35.713572],[139.874574,35.713555],[139.874968,35.713592],[139.874899,35.713811],[139.874737,35.71427],[139.874663,35.714515],[139.874648,35.71458],[139.874181,35.714598],[139.874186,35.714243],[139.874194,35.713555]]]},"properties":{}},{"type":"Feature","geometry":{"type":"Polygon","coordinates":[[[139.874194,35.713555],[139.874059,35.713531],[139.873641,35.713477],[139.873531,35.713467],[139.873285,35.71346],[139.873232,35.713458],[139.873112,35.713487],[139.87306,35.713469],[139.873008,35.713484],[139.872279,35.713899],[139.872154,35.713751],[139.872119,35.713706],[139.872025,35.712598],[139.872641,35.71231],[139.872769,35.712258],[139.872906,35.712218],[139.872991,35.712201],[139.873122,35.712191],[139.873178,35.712188],[139.873294,35.712192],[139.87338,35.712207],[139.874154,35.712327],[139.874181,35.712746],[139.874191,35.712945],[139.874198,35.713178],[139.874194,35.713555]]]},"properties":{}},{"type":"Feature","geometry":{"type":"Polygon","coordinates":[[[139.874154,35.712327],[139.874493,35.712371],[139.875267,35.712498],[139.875376,35.712515],[139.875351,35.712581],[139.875236,35.712885],[139.875148,35.713135],[139.874974,35.713577],[139.874968,35.713592],[139.874574,35.713555],[139.874522,35.713572],[139.874194,35.713555],[139.874198,35.713178],[139.874191,35.712945],[139.874181,35.712746],[139.874154,35.712327]]]},"properties":{}},{"type":"Feature","geometry":{"type":"Polygon","coordinates":[[[139.874154,35.712327],[139.87338,35.712207],[139.873294,35.712192],[139.873178,35.712188],[139.873163,35.712107],[139.873055,35.711918],[139.873027,35.711841],[139.873009,35.711775],[139.872999,35.711739],[139.872996,35.71159],[139.872991,35.711552],[139.872968,35.711514],[139.8729,35.71135],[139.87287,35.7111],[139.872741,35.710817],[139.873153,35.710797],[139.873977,35.710758],[139.87405,35.710754],[139.874133,35.712007],[139.874136,35.712051],[139.874154,35.712327]]]},"properties":{}},{"type":"Feature","geometry":{"type":"Polygon","coordinates":[[[139.874133,35.712007],[139.874205,35.711997],[139.874537,35.711833],[139.874664,35.711799],[139.874774,35.71179],[139.874886,35.711769],[139.874959,35.71174],[139.87505,35.711648],[139.875188,35.71152],[139.875255,35.711491],[139.875606,35.711387],[139.875622,35.711648],[139.875583,35.711895],[139.875481,35.712251],[139.875376,35.712515],[139.875267,35.712498],[139.874493,35.712371],[139.874154,35.712327],[139.874136,35.712051],[139.874133,35.712007]]]},"properties":{}},{"type":"Feature","geometry":{"type":"Polygon","coordinates":[[[139.87405,35.710754],[139.874527,35.710733],[139.874958,35.710714],[139.874962,35.710744],[139.875017,35.711627],[139.87505,35.711648],[139.874959,35.71174],[139.874886,35.711769],[139.874774,35.71179],[139.874664,35.711799],[139.874537,35.711833],[139.874205,35.711997],[139.874133,35.712007],[139.87405,35.710754]]]},"properties":{}},{"type":"Feature","geometry":{"type":"Polygon","coordinates":[[[139.87405,35.710754],[139.873977,35.710758],[139.873153,35.710797],[139.873151,35.710763],[139.873081,35.709757],[139.873923,35.709714],[139.873981,35.709712],[139.873985,35.709764],[139.874009,35.710133],[139.87402,35.710306],[139.87405,35.710754]]]},"properties":{}},{"type":"Feature","geometry":{"type":"Polygon","coordinates":[[[139.873981,35.709712],[139.874031,35.70971],[139.874455,35.709692],[139.87484,35.709677],[139.874887,35.709675],[139.87489,35.709717],[139.874894,35.70976],[139.874906,35.70989],[139.874914,35.710003],[139.874958,35.710714],[139.874527,35.710733],[139.87405,35.710754],[139.87402,35.710306],[139.874009,35.710133],[139.873985,35.709764],[139.873981,35.709712]]]},"properties":{}},{"type":"Feature","geometry":{"type":"Polygon","coordinates":[[[139.873981,35.709712],[139.873923,35.709714],[139.873081,35.709757],[139.873076,35.709679],[139.873008,35.708718],[139.873352,35.708701],[139.873855,35.708675],[139.873904,35.708672],[139.873935,35.709092],[139.873977,35.709662],[139.873981,35.709712]]]},"properties":{}},{"type":"Feature","geometry":{"type":"Polygon","coordinates":[[[139.873904,35.708672],[139.874734,35.708634],[139.874773,35.708633],[139.874814,35.708631],[139.874833,35.708875],[139.874834,35.708894],[139.874887,35.709675],[139.87484,35.709677],[139.874455,35.709692],[139.874031,35.70971],[139.873981,35.709712],[139.873977,35.709662],[139.873935,35.709092],[139.873904,35.708672]]]},"properties":{}},{"type":"Feature","geometry":{"type":"Polygon","coordinates":[[[139.873904,35.708672],[139.873855,35.708675],[139.873352,35.708701],[139.873008,35.708718],[139.872971,35.708145],[139.872949,35.707795],[139.872945,35.707736],[139.873022,35.707732],[139.873736,35.707692],[139.873838,35.707689],[139.873843,35.707768],[139.873904,35.708672]]]},"properties":{}},{"type":"Feature","geometry":{"type":"Polygon","coordinates":[[[139.873838,35.707689],[139.87393,35.707685],[139.874319,35.707669],[139.874541,35.707659],[139.874745,35.707652],[139.87475,35.707729],[139.874797,35.708346],[139.874814,35.708631],[139.874773,35.708633],[139.874734,35.708634],[139.873904,35.708672],[139.873843,35.707768],[139.873838,35.707689]]]},"properties":{}},{"type":"Feature","geometry":{"type":"Polygon","coordinates":[[[139.873838,35.707689],[139.873736,35.707692],[139.873022,35.707732],[139.872945,35.707736],[139.872941,35.70768],[139.872939,35.707652],[139.872891,35.706992],[139.872884,35.706884],[139.872872,35.706719],[139.872863,35.706582],[139.872862,35.706568],[139.872841,35.70631],[139.872836,35.706265],[139.872898,35.706263],[139.873637,35.70623],[139.873735,35.706226],[139.873741,35.706306],[139.873757,35.706524],[139.873785,35.706948],[139.873831,35.707593],[139.873838,35.707689]]]},"properties":{}},{"type":"Feature","geometry":{"type":"Polygon","coordinates":[[[139.873735,35.706226],[139.873832,35.706222],[139.87457,35.706185],[139.874637,35.706184],[139.874641,35.706229],[139.874702,35.70691],[139.874727,35.707328],[139.874745,35.707652],[139.874541,35.707659],[139.874319,35.707669],[139.87393,35.707685],[139.873838,35.707689],[139.873831,35.707593],[139.873785,35.706948],[139.873757,35.706524],[139.873741,35.706306],[139.873735,35.706226]]]},"properties":{}},{"type":"Feature","geometry":{"type":"Polygon","coordinates":[[[139.873735,35.706226],[139.873637,35.70623],[139.872898,35.706263],[139.872836,35.706265],[139.872833,35.706213],[139.872779,35.705206],[139.873663,35.705171],[139.873729,35.706136],[139.873735,35.706226]]]},"properties":{}},{"type":"Feature","geometry":{"type":"Polygon","coordinates":[[[139.873663,35.705171],[139.874575,35.705126],[139.874634,35.706128],[139.874637,35.706184],[139.87457,35.706185],[139.873832,35.706222],[139.873735,35.706226],[139.873729,35.706136],[139.873663,35.705171]]]},"properties":{}},{"type":"Feature","geometry":{"type":"Polygon","coordinates":[[[139.873663,35.705171],[139.872779,35.705206],[139.872761,35.704946],[139.872752,35.704819],[139.872742,35.704678],[139.873628,35.704647],[139.873663,35.705171]]]},"properties":{}},{"type":"Feature","geometry":{"type":"Polygon","coordinates":[[[139.873628,35.704647],[139.874539,35.704615],[139.874575,35.705126],[139.873663,35.705171],[139.873628,35.704647]]]},"properties":{}},{"type":"Feature","geometry":{"type":"Polygon","coordinates":[[[139.873628,35.704647],[139.872742,35.704678],[139.872724,35.70443],[139.872706,35.704176],[139.873592,35.704138],[139.87361,35.704392],[139.873628,35.704647]]]},"properties":{}},{"type":"Feature","geometry":{"type":"Polygon","coordinates":[[[139.873592,35.704138],[139.874502,35.704095],[139.87452,35.704354],[139.874539,35.704615],[139.873628,35.704647],[139.87361,35.704392],[139.873592,35.704138]]]},"properties":{}},{"type":"Feature","geometry":{"type":"Polygon","coordinates":[[[139.873592,35.704138],[139.872706,35.704176],[139.872688,35.703918],[139.87267,35.703657],[139.873558,35.70362],[139.873575,35.70388],[139.873592,35.704138]]]},"properties":{}},{"type":"Feature","geometry":{"type":"Polygon","coordinates":[[[139.873558,35.70362],[139.874465,35.703583],[139.874483,35.703841],[139.874502,35.704095],[139.873592,35.704138],[139.873575,35.70388],[139.873558,35.70362]]]},"properties":{}},{"type":"Feature","geometry":{"type":"Polygon","coordinates":[[[139.873518,35.703035],[139.872613,35.703072],[139.872598,35.70284],[139.872581,35.702592],[139.873484,35.702543],[139.873502,35.702799],[139.873518,35.703035]]]},"properties":{}},{"type":"Feature","geometry":{"type":"Polygon","coordinates":[[[139.873484,35.702543],[139.874395,35.702503],[139.874412,35.702754],[139.874428,35.702999],[139.873518,35.703035],[139.873502,35.702799],[139.873484,35.702543]]]},"properties":{}},{"type":"Feature","geometry":{"type":"Polygon","coordinates":[[[139.873484,35.702543],[139.872581,35.702592],[139.872563,35.702327],[139.872546,35.702071],[139.873447,35.702028],[139.873464,35.702279],[139.873484,35.702543]]]},"properties":{}},{"type":"Feature","geometry":{"type":"Polygon","coordinates":[[[139.873447,35.702028],[139.874362,35.70199],[139.874378,35.702242],[139.87438,35.702273],[139.874392,35.702452],[139.874395,35.702503],[139.873484,35.702543],[139.873464,35.702279],[139.873447,35.702028]]]},"properties":{}},{"type":"Feature","geometry":{"type":"Polygon","coordinates":[[[139.873447,35.702028],[139.872546,35.702071],[139.87251,35.701536],[139.872495,35.701313],[139.872476,35.701026],[139.873374,35.700982],[139.873409,35.701487],[139.87341,35.701501],[139.873447,35.702028]]]},"properties":{}},{"type":"Feature","geometry":{"type":"Polygon","coordinates":[[[139.873374,35.700982],[139.87386,35.700958],[139.874292,35.700937],[139.874326,35.70145],[139.874362,35.70199],[139.873447,35.702028],[139.87341,35.701501],[139.873409,35.701487],[139.873374,35.700982]]]},"properties":{}},{"type":"Feature","geometry":{"type":"Polygon","coordinates":[[[139.873374,35.700982],[139.872476,35.701026],[139.872424,35.700258],[139.872405,35.699979],[139.873304,35.699941],[139.873323,35.700225],[139.873374,35.700982]]]},"properties":{}},{"type":"Feature","geometry":{"type":"Polygon","coordinates":[[[139.873323,35.700225],[139.873304,35.699941],[139.873792,35.699915],[139.874224,35.699896],[139.874242,35.700174],[139.873915,35.700185],[139.873926,35.700354],[139.874253,35.700339],[139.874267,35.700544],[139.874271,35.70061],[139.874282,35.700774],[139.874292,35.700937],[139.87386,35.700958],[139.873374,35.700982],[139.873323,35.700225]]]},"properties":{}},{"type":"Feature","geometry":{"type":"Polygon","coordinates":[[[139.873304,35.699941],[139.872405,35.699979],[139.872335,35.698929],[139.872677,35.698922],[139.873206,35.699766],[139.873288,35.699899],[139.873304,35.699941]]]},"properties":{}},{"type":"Feature","geometry":{"type":"Polygon","coordinates":[[[139.872677,35.698922],[139.873258,35.698898],[139.873276,35.699166],[139.873288,35.699336],[139.873323,35.699846],[139.873304,35.699941],[139.873288,35.699899],[139.873206,35.699766],[139.872677,35.698922]]]},"properties":{}},{"type":"Feature","geometry":{"type":"Polygon","coordinates":[[[139.872677,35.698922],[139.872335,35.698929],[139.871642,35.698956],[139.872579,35.698773],[139.872665,35.698902],[139.872677,35.698922]]]},"properties":{}},{"type":"Feature","geometry":{"type":"Polygon","coordinates":[[[139.872579,35.698773],[139.873221,35.698629],[139.873258,35.698898],[139.872677,35.698922],[139.872665,35.698902],[139.872579,35.698773]]]},"properties":{}},{"type":"Feature","geometry":{"type":"Polygon","coordinates":[[[139.872579,35.698773],[139.871642,35.698956],[139.871191,35.698983],[139.87114,35.698918],[139.87139,35.698897],[139.87161,35.698874],[139.871824,35.698843],[139.872251,35.698777],[139.872547,35.69872],[139.872579,35.698773]]]},"properties":{}},{"type":"Feature","geometry":{"type":"Polygon","coordinates":[[[139.872547,35.69872],[139.872694,35.698692],[139.873227,35.698571],[139.873221,35.698629],[139.872579,35.698773],[139.872547,35.69872]]]},"properties":{}},{"type":"Feature","geometry":{"type":"Polygon","coordinates":[[[139.872547,35.69872],[139.872251,35.698777],[139.871824,35.698843],[139.87161,35.698874],[139.87139,35.698897],[139.87114,35.698918],[139.871086,35.698849],[139.871375,35.698823],[139.871594,35.6988],[139.871808,35.698771],[139.87223,35.698704],[139.872504,35.698651],[139.872547,35.69872]]]},"properties":{}},{"type":"Feature","geometry":{"type":"Polygon","coordinates":[[[139.872504,35.698651],[139.872671,35.698619],[139.873237,35.698492],[139.873227,35.698571],[139.872694,35.698692],[139.872547,35.69872],[139.872504,35.698651]]]},"properties":{}},{"type":"Feature","geometry":{"type":"Polygon","coordinates":[[[139.872504,35.698651],[139.87223,35.698704],[139.871808,35.698771],[139.871594,35.6988],[139.871375,35.698823],[139.871086,35.698849],[139.871045,35.698798],[139.871464,35.69876],[139.871867,35.698709],[139.87247,35.698594],[139.872504,35.698651]]]},"properties":{}},{"type":"Feature","geometry":{"type":"Polygon","coordinates":[[[139.87247,35.698594],[139.873244,35.698431],[139.873237,35.698492],[139.872671,35.698619],[139.872504,35.698651],[139.87247,35.698594]]]},"properties":{}},{"type":"Feature","geometry":{"type":"Polygon","coordinates":[[[139.87247,35.698594],[139.871867,35.698709],[139.871464,35.69876],[139.871451,35.69856],[139.871431,35.698278],[139.871421,35.698175],[139.87138,35.697743],[139.871929,35.69772],[139.872114,35.69802],[139.872184,35.698133],[139.872251,35.698242],[139.872311,35.698338],[139.87247,35.698594]]]},"properties":{}},{"type":"Feature","geometry":{"type":"Polygon","coordinates":[[[139.871929,35.69772],[139.872431,35.697701],[139.872748,35.697689],[139.872844,35.697684],[139.873184,35.697668],[139.873211,35.697947],[139.873233,35.698202],[139.87324,35.698301],[139.873244,35.698431],[139.87247,35.698594],[139.872311,35.698338],[139.872251,35.698242],[139.872184,35.698133],[139.872114,35.69802],[139.871929,35.69772]]]},"properties":{}},{"type":"Feature","geometry":{"type":"Polygon","coordinates":[[[139.871929,35.69772],[139.87138,35.697743],[139.871339,35.697047],[139.871501,35.697037],[139.871772,35.697465],[139.871929,35.69772]]]},"properties":{}},{"type":"Feature","geometry":{"type":"Polygon","coordinates":[[[139.871501,35.697037],[139.872014,35.697021],[139.872271,35.697011],[139.872715,35.696994],[139.872794,35.696982],[139.872916,35.697103],[139.872983,35.697213],[139.873014,35.697229],[139.873166,35.69731],[139.873184,35.697668],[139.872844,35.697684],[139.872748,35.697689],[139.872431,35.697701],[139.871929,35.69772],[139.871772,35.697465],[139.871501,35.697037]]]},"properties":{}},{"type":"Feature","geometry":{"type":"Polygon","coordinates":[[[139.871501,35.697037],[139.871339,35.697047],[139.870331,35.697092],[139.870063,35.6969],[139.869997,35.696871],[139.870061,35.696825],[139.870773,35.696292],[139.870951,35.696159],[139.871182,35.69652],[139.871501,35.697037]]]},"properties":{}},{"type":"Feature","geometry":{"type":"Polygon","coordinates":[[[139.871182,35.69652],[139.871668,35.696495],[139.871784,35.696489],[139.871972,35.696481],[139.872239,35.696472],[139.872307,35.696468],[139.87239,35.696579],[139.872481,35.696662],[139.872587,35.69677],[139.872682,35.696868],[139.872794,35.696982],[139.872715,35.696994],[139.872271,35.697011],[139.872014,35.697021],[139.871501,35.697037],[139.871182,35.69652]]]},"properties":{}},{"type":"Feature","geometry":{"type":"Polygon","coordinates":[[[139.870951,35.696159],[139.871133,35.696026],[139.871451,35.695796],[139.871461,35.695827],[139.871602,35.695948],[139.871736,35.696002],[139.871878,35.696053],[139.871921,35.696079],[139.871932,35.696085],[139.872075,35.696235],[139.872126,35.696289],[139.872152,35.69631],[139.872283,35.696439],[139.872307,35.696468],[139.872239,35.696472],[139.871972,35.696481],[139.871784,35.696489],[139.871668,35.696495],[139.871182,35.69652],[139.870951,35.696159]]]},"properties":{}},{"type":"Feature","geometry":{"type":"Polygon","coordinates":[[[139.869918,35.714145],[139.870283,35.714135],[139.870475,35.71437],[139.870691,35.714384],[139.870928,35.714453],[139.871427,35.714643],[139.871234,35.714646],[139.871023,35.714649],[139.870822,35.714651],[139.870627,35.714654],[139.87044,35.714656],[139.87024,35.714659],[139.870125,35.71466],[139.869968,35.714285],[139.869918,35.714145]]]},"properties":{}},{"type":"Feature","geometry":{"type":"Polygon","coordinates":[[[139.870321,35.715172],[139.870639,35.715164],[139.870844,35.715159],[139.871041,35.715155],[139.871064,35.715748],[139.870524,35.715689],[139.870321,35.715172]]]},"properties":{}},{"type":"Feature","geometry":{"type":"Polygon","coordinates":[[[139.871798,35.71866],[139.872392,35.718756],[139.872255,35.719263],[139.871798,35.71866]]]},"properties":{}},{"type":"Feature","geometry":{"type":"Polygon","coordinates":[[[139.872255,35.719263],[139.871957,35.719213],[139.870899,35.719033],[139.870875,35.718808],[139.870765,35.718486],[139.871798,35.71866],[139.872255,35.719263]]]},"properties":{}},{"type":"Feature","geometry":{"type":"Polygon","coordinates":[[[139.872255,35.719263],[139.872818,35.719357],[139.87279,35.719443],[139.872663,35.719774],[139.872255,35.719263]]]},"properties":{}},{"type":"Feature","geometry":{"type":"Polygon","coordinates":[[[139.872663,35.719774],[139.872591,35.719948],[139.872075,35.719899],[139.872052,35.71976],[139.872028,35.719694],[139.872002,35.719673],[139.871965,35.719652],[139.871916,35.719639],[139.871797,35.719637],[139.871841,35.71943],[139.871926,35.71937],[139.871957,35.719213],[139.872255,35.719263],[139.872663,35.719774]]]},"properties":{}},{"type":"Feature","geometry":{"type":"Polygon","coordinates":[[[139.872663,35.719774],[139.87279,35.719443],[139.873161,35.71949],[139.873744,35.71951],[139.873878,35.719532],[139.874242,35.719593],[139.874785,35.719678],[139.874661,35.720184],[139.874521,35.720702],[139.874432,35.720668],[139.872947,35.719907],[139.872663,35.719774]]]},"properties":{}},{"type":"Feature","geometry":{"type":"Polygon","coordinates":[[[139.874521,35.720702],[139.874391,35.720706],[139.874191,35.720673],[139.87379,35.720609],[139.873205,35.720515],[139.873007,35.720482],[139.872414,35.720383],[139.872492,35.720158],[139.872591,35.719948],[139.872663,35.719774],[139.872947,35.719907],[139.874432,35.720668],[139.874521,35.720702]]]},"properties":{}},{"type":"Feature","geometry":{"type":"Polygon","coordinates":[[[139.874521,35.720702],[139.874661,35.720184],[139.874785,35.719678],[139.87513,35.719736],[139.875336,35.719771],[139.875737,35.719838],[139.875922,35.719869],[139.876577,35.719978],[139.876042,35.720548],[139.875934,35.720699],[139.875795,35.720921],[139.874521,35.720702]]]},"properties":{}},{"type":"Feature","geometry":{"type":"Polygon","coordinates":[[[139.875795,35.720921],[139.87572,35.720996],[139.875321,35.721399],[139.874894,35.72186],[139.874836,35.721851],[139.874607,35.721812],[139.874266,35.721754],[139.874388,35.72124],[139.874521,35.720702],[139.875795,35.720921]]]},"properties":{}},{"type":"Feature","geometry":{"type":"Polygon","coordinates":[[[139.875795,35.720921],[139.87676,35.719899],[139.876979,35.719661],[139.877069,35.71955],[139.877165,35.71942],[139.877247,35.719312],[139.877337,35.719153],[139.877346,35.719133],[139.877408,35.71919],[139.877323,35.719346],[139.877238,35.719459],[139.877154,35.71957],[139.877052,35.719698],[139.876825,35.71994],[139.875891,35.720935],[139.875795,35.720921]]]},"properties":{}},{"type":"Feature","geometry":{"type":"Polygon","coordinates":[[[139.875891,35.720935],[139.875027,35.721869],[139.874596,35.722329],[139.874167,35.722791],[139.873839,35.723145],[139.873458,35.723555],[139.873103,35.723937],[139.872774,35.724281],[139.872643,35.72442],[139.872536,35.724543],[139.872468,35.72463],[139.872374,35.724574],[139.872433,35.7245],[139.872548,35.724364],[139.872662,35.724235],[139.873011,35.723876],[139.873406,35.723467],[139.87378,35.723076],[139.874053,35.722772],[139.874107,35.722716],[139.874491,35.722312],[139.874894,35.72186],[139.875321,35.721399],[139.87572,35.720996],[139.875795,35.720921],[139.875891,35.720935]]]},"properties":{}},{"type":"Feature","geometry":{"type":"Polygon","coordinates":[[[139.870665,35.706365],[139.870661,35.706307],[139.870657,35.706268],[139.870577,35.705301],[139.871177,35.705278],[139.87122,35.705273],[139.87188,35.705245],[139.871892,35.705409],[139.871922,35.705842],[139.871944,35.706224],[139.871946,35.706254],[139.87195,35.706306],[139.871262,35.706335],[139.871229,35.706335],[139.871147,35.706338],[139.870665,35.706365]]]},"properties":{}},{"type":"Feature","geometry":{"type":"Polygon","coordinates":[[[139.87195,35.706306],[139.871954,35.70635],[139.871957,35.706383],[139.871974,35.706574],[139.872004,35.707022],[139.872022,35.707294],[139.872047,35.707722],[139.87205,35.707779],[139.871982,35.707783],[139.871645,35.707799],[139.871437,35.707807],[139.870767,35.707842],[139.870759,35.707757],[139.870737,35.707521],[139.870722,35.707215],[139.870716,35.70709],[139.870672,35.706457],[139.870668,35.706409],[139.870665,35.706365],[139.871147,35.706338],[139.871229,35.706335],[139.871262,35.706335],[139.87195,35.706306]]]},"properties":{}},{"type":"Feature","geometry":{"type":"Polygon","coordinates":[[[139.87195,35.706306],[139.871946,35.706254],[139.871944,35.706224],[139.871922,35.705842],[139.871892,35.705409],[139.87188,35.705245],[139.872779,35.705206],[139.872833,35.706213],[139.872836,35.706265],[139.872779,35.706269],[139.87195,35.706306]]]},"properties":{}},{"type":"Feature","geometry":{"type":"Polygon","coordinates":[[[139.872836,35.706265],[139.872841,35.70631],[139.872862,35.706568],[139.872863,35.706582],[139.872872,35.706719],[139.872884,35.706884],[139.872891,35.706992],[139.872939,35.707652],[139.872941,35.70768],[139.872945,35.707736],[139.872862,35.70774],[139.872128,35.707775],[139.87205,35.707779],[139.872047,35.707722],[139.872022,35.707294],[139.872004,35.707022],[139.871974,35.706574],[139.871957,35.706383],[139.871954,35.70635],[139.87195,35.706306],[139.872779,35.706269],[139.872836,35.706265]]]},"properties":{}},{"type":"Feature","geometry":{"type":"Polygon","coordinates":[[[139.872414,35.720383],[139.871938,35.720302],[139.871912,35.720344],[139.871712,35.720311],[139.870965,35.720239],[139.871015,35.720085],[139.871011,35.720005],[139.870957,35.719875],[139.870946,35.71968],[139.870944,35.719653],[139.871797,35.719637],[139.871719,35.719965],[139.871955,35.720004],[139.871983,35.719909],[139.872007,35.719892],[139.872075,35.719899],[139.872591,35.719948],[139.872492,35.720158],[139.872414,35.720383]]]},"properties":{}},{"type":"Feature","geometry":{"type":"Polygon","coordinates":[[[139.872414,35.720383],[139.873007,35.720482],[139.873205,35.720515],[139.87379,35.720609],[139.874191,35.720673],[139.874391,35.720706],[139.874521,35.720702],[139.874388,35.72124],[139.874266,35.721754],[139.873931,35.721698],[139.873745,35.721666],[139.873541,35.721632],[139.872559,35.721466],[139.871975,35.721367],[139.872089,35.721165],[139.872107,35.721131],[139.872241,35.720873],[139.872344,35.720592],[139.872414,35.720383]]]},"properties":{}},{"type":"Feature","geometry":{"type":"Polygon","coordinates":[[[139.871975,35.721367],[139.871842,35.721686],[139.871554,35.721415],[139.871261,35.721314],[139.870914,35.721194],[139.870633,35.721055],[139.870641,35.721044],[139.870701,35.72096],[139.870758,35.720843],[139.870842,35.720601],[139.870876,35.720514],[139.870904,35.720429],[139.870965,35.720239],[139.871712,35.720311],[139.871912,35.720344],[139.871938,35.720302],[139.872414,35.720383],[139.872344,35.720592],[139.872241,35.720873],[139.872107,35.721131],[139.872089,35.721165],[139.871975,35.721367]]]},"properties":{}},{"type":"Feature","geometry":{"type":"Polygon","coordinates":[[[139.871772,35.721889],[139.871688,35.72214],[139.871657,35.722239],[139.87161,35.722363],[139.871601,35.722387],[139.871429,35.722855],[139.871422,35.722875],[139.870806,35.722769],[139.870223,35.722671],[139.870492,35.72157],[139.870593,35.721156],[139.870605,35.721125],[139.870633,35.721055],[139.870914,35.721194],[139.871261,35.721314],[139.871554,35.721415],[139.871842,35.721686],[139.871772,35.721889]]]},"properties":{}},{"type":"Feature","geometry":{"type":"Polygon","coordinates":[[[139.871291,35.7234],[139.871268,35.723492],[139.871223,35.723656],[139.870704,35.723601],[139.870602,35.723585],[139.870328,35.723542],[139.86997,35.723457],[139.869912,35.723443],[139.869657,35.723327],[139.869646,35.723302],[139.869653,35.723134],[139.869658,35.723091],[139.869682,35.723094],[139.86977,35.723104],[139.870041,35.72313],[139.870105,35.723136],[139.870416,35.723167],[139.870701,35.723193],[139.870715,35.723195],[139.871211,35.723243],[139.871324,35.723253],[139.871291,35.7234]]]},"properties":{}},{"type":"Feature","geometry":{"type":"Polygon","coordinates":[[[139.871291,35.7234],[139.87138,35.723412],[139.871777,35.723486],[139.872095,35.723538],[139.872037,35.723783],[139.871983,35.724011],[139.871958,35.724091],[139.871937,35.72418],[139.871928,35.724272],[139.871931,35.724439],[139.871795,35.724431],[139.871389,35.724409],[139.871038,35.72435],[139.871034,35.724303],[139.871093,35.724125],[139.871119,35.724036],[139.871162,35.723886],[139.871223,35.723656],[139.871268,35.723492],[139.871291,35.7234]]]},"properties":{}},{"type":"Feature","geometry":{"type":"Polygon","coordinates":[[[139.875891,35.720935],[139.876122,35.72076],[139.87632,35.720582],[139.876837,35.720029],[139.877355,35.72011],[139.877313,35.720292],[139.877282,35.720435],[139.877237,35.720614],[139.877119,35.721138],[139.876562,35.721041],[139.876166,35.720978],[139.875891,35.720935]]]},"properties":{}},{"type":"Feature","geometry":{"type":"Polygon","coordinates":[[[139.877119,35.721138],[139.877111,35.72117],[139.877044,35.721443],[139.876981,35.721681],[139.876813,35.722169],[139.876406,35.722101],[139.876291,35.722082],[139.876153,35.722058],[139.876107,35.722051],[139.875829,35.722004],[139.875798,35.721999],[139.875616,35.721968],[139.875494,35.721947],[139.875203,35.721899],[139.875027,35.721869],[139.875891,35.720935],[139.876166,35.720978],[139.876562,35.721041],[139.877119,35.721138]]]},"properties":{}},{"type":"Feature","geometry":{"type":"Polygon","coordinates":[[[139.878112,35.719678],[139.878768,35.719771],[139.878685,35.720121],[139.878215,35.719792],[139.878036,35.71978],[139.878112,35.719678]]]},"properties":{}},{"type":"Feature","geometry":{"type":"Polygon","coordinates":[[[139.87825,35.719079],[139.878902,35.719178],[139.878768,35.719771],[139.878112,35.719678],[139.87825,35.719079]]]},"properties":{}},{"type":"Feature","geometry":{"type":"Polygon","coordinates":[[[139.878332,35.718723],[139.878652,35.718776],[139.879002,35.71874],[139.878927,35.719066],[139.878902,35.719178],[139.87825,35.719079],[139.878276,35.718965],[139.878332,35.718723]]]},"properties":{}},{"type":"Feature","geometry":{"type":"Polygon","coordinates":[[[139.878314,35.717756],[139.878337,35.717736],[139.878562,35.717699],[139.878623,35.717695],[139.878934,35.717681],[139.87968,35.717642],[139.879679,35.71768],[139.879367,35.718004],[139.879316,35.71805],[139.879362,35.718714],[139.879179,35.718725],[139.879002,35.71874],[139.878652,35.718776],[139.878332,35.718723],[139.878493,35.717973],[139.878314,35.717756]]]},"properties":{}},{"type":"Feature","geometry":{"type":"Polygon","coordinates":[[[139.87804,35.716874],[139.878015,35.716977],[139.877935,35.716964],[139.87796,35.716861],[139.87804,35.716874]]]},"properties":{}},{"type":"Feature","geometry":{"type":"Polygon","coordinates":[[[139.87796,35.716861],[139.878,35.716694],[139.878424,35.71489],[139.878513,35.714874],[139.87808,35.716703],[139.87804,35.716874],[139.87796,35.716861]]]},"properties":{}},{"type":"Feature","geometry":{"type":"Polygon","coordinates":[[[139.87796,35.716861],[139.877935,35.716964],[139.877857,35.716953],[139.877879,35.716849],[139.87796,35.716861]]]},"properties":{}},{"type":"Feature","geometry":{"type":"Polygon","coordinates":[[[139.877879,35.716849],[139.877962,35.716504],[139.878117,35.715836],[139.878341,35.714904],[139.878424,35.71489],[139.878,35.716694],[139.87796,35.716861],[139.877879,35.716849]]]},"properties":{}},{"type":"Feature","geometry":{"type":"Polygon","coordinates":[[[139.8825,35.713608],[139.88264,35.713205],[139.882755,35.712706],[139.883275,35.712798],[139.883333,35.712803],[139.883379,35.712795],[139.883416,35.712781],[139.88345,35.712757],[139.883468,35.71273],[139.883483,35.712705],[139.883494,35.712667],[139.883509,35.712559],[139.883521,35.712453],[139.88354,35.71236],[139.883558,35.712284],[139.883596,35.71215],[139.883705,35.711827],[139.883723,35.711775],[139.883737,35.711745],[139.883753,35.71172],[139.883802,35.711678],[139.883889,35.711639],[139.883997,35.711604],[139.884205,35.711547],[139.884222,35.711605],[139.884245,35.712006],[139.883847,35.711914],[139.883834,35.711924],[139.883812,35.711942],[139.883895,35.712195],[139.88381,35.712719],[139.883852,35.712728],[139.883619,35.713483],[139.883554,35.713687],[139.883407,35.713661],[139.883222,35.71363],[139.883194,35.71372],[139.8825,35.713608]]]},"properties":{}},{"type":"Feature","geometry":{"type":"Polygon","coordinates":[[[139.881545,35.713455],[139.881518,35.713552],[139.880904,35.713449],[139.880727,35.713419],[139.880677,35.713399],[139.880626,35.713378],[139.880603,35.713341],[139.880602,35.713303],[139.881545,35.713455]]]},"properties":{}},{"type":"Feature","geometry":{"type":"Polygon","coordinates":[[[139.880602,35.713303],[139.880649,35.713271],[139.880691,35.713236],[139.880739,35.713225],[139.880762,35.713228],[139.880946,35.713256],[139.881571,35.713359],[139.881545,35.713455],[139.880602,35.713303]]]},"properties":{}},{"type":"Feature","geometry":{"type":"Polygon","coordinates":[[[139.880602,35.713303],[139.880603,35.713341],[139.880626,35.713378],[139.880677,35.713399],[139.880727,35.713419],[139.880904,35.713449],[139.880714,35.714299],[139.880395,35.714253],[139.880034,35.714201],[139.880256,35.71336],[139.880258,35.713324],[139.880263,35.713256],[139.880376,35.713272],[139.880602,35.713303]]]},"properties":{}},{"type":"Feature","geometry":{"type":"Polygon","coordinates":[[[139.880263,35.713256],[139.880274,35.713213],[139.880289,35.713182],[139.880295,35.713168],[139.880318,35.713141],[139.880355,35.713117],[139.880808,35.71293],[139.880992,35.712861],[139.881053,35.712838],[139.881041,35.712881],[139.881029,35.712928],[139.880946,35.713256],[139.880762,35.713228],[139.880739,35.713225],[139.880691,35.713236],[139.880649,35.713271],[139.880602,35.713303],[139.880376,35.713272],[139.880263,35.713256]]]},"properties":{}},{"type":"Feature","geometry":{"type":"Polygon","coordinates":[[[139.871831,35.72972],[139.871842,35.729621],[139.871899,35.729659],[139.872024,35.729741],[139.872901,35.730345],[139.873051,35.730449],[139.873596,35.730817],[139.873456,35.731009],[139.872323,35.7324],[139.872058,35.731676],[139.871937,35.731334],[139.871872,35.731107],[139.871819,35.730869],[139.871791,35.730634],[139.871771,35.730414],[139.871786,35.730141],[139.871831,35.72972]]]},"properties":{}},{"type":"Feature","geometry":{"type":"Polygon","coordinates":[[[139.872547,35.733011],[139.872772,35.733576],[139.872888,35.733888],[139.872975,35.734214],[139.872995,35.734329],[139.872738,35.734325],[139.871603,35.734267],[139.871518,35.734263],[139.87084,35.734223],[139.872107,35.732667],[139.872323,35.7324],[139.872472,35.732807],[139.872547,35.733011]]]},"properties":{}},{"type":"Feature","geometry":{"type":"Polygon","coordinates":[[[139.872323,35.7324],[139.873456,35.731009],[139.873596,35.730817],[139.874107,35.731163],[139.874212,35.731235],[139.874182,35.731273],[139.874067,35.731418],[139.873766,35.731807],[139.873373,35.732295],[139.873357,35.732314],[139.872887,35.732897],[139.872819,35.732985],[139.872852,35.733002],[139.873134,35.733029],[139.873037,35.733763],[139.873024,35.733866],[139.873137,35.734277],[139.873152,35.734331],[139.873091,35.73433],[139.872995,35.734329],[139.872975,35.734214],[139.872888,35.733888],[139.872772,35.733576],[139.872547,35.733011],[139.872472,35.732807],[139.872323,35.7324]]]},"properties":{}},{"type":"Feature","geometry":{"type":"Polygon","coordinates":[[[139.873406,35.723467],[139.873011,35.723876],[139.872662,35.724235],[139.872548,35.724364],[139.872433,35.7245],[139.872374,35.724574],[139.872288,35.724524],[139.872416,35.724373],[139.872567,35.724212],[139.872646,35.724133],[139.872945,35.723827],[139.873077,35.723691],[139.873175,35.723613],[139.873406,35.723467]]]},"properties":{}},{"type":"Feature","geometry":{"type":"Polygon","coordinates":[[[139.872288,35.724524],[139.872214,35.724494],[139.872097,35.724464],[139.872006,35.724448],[139.871931,35.724439],[139.871928,35.724272],[139.871937,35.72418],[139.871958,35.724091],[139.871983,35.724011],[139.872037,35.723783],[139.872095,35.723538],[139.87252,35.723608],[139.873077,35.723691],[139.872945,35.723827],[139.872646,35.724133],[139.872567,35.724212],[139.872416,35.724373],[139.872288,35.724524]]]},"properties":{}},{"type":"Feature","geometry":{"type":"Polygon","coordinates":[[[139.872288,35.724524],[139.872374,35.724574],[139.872319,35.724642],[139.872187,35.724834],[139.872055,35.725039],[139.871774,35.725505],[139.871699,35.72547],[139.871787,35.725291],[139.871924,35.72507],[139.872083,35.724808],[139.872288,35.724524]]]},"properties":{}},{"type":"Feature","geometry":{"type":"Polygon","coordinates":[[[139.871699,35.72547],[139.871516,35.725384],[139.870908,35.725154],[139.870824,35.725124],[139.871038,35.72435],[139.871389,35.724409],[139.871795,35.724431],[139.871931,35.724439],[139.872006,35.724448],[139.872097,35.724464],[139.872214,35.724494],[139.872288,35.724524],[139.872083,35.724808],[139.871924,35.72507],[139.871787,35.725291],[139.871699,35.72547]]]},"properties":{}},{"type":"Feature","geometry":{"type":"Polygon","coordinates":[[[139.871699,35.72547],[139.871774,35.725505],[139.871563,35.725857],[139.871498,35.725809],[139.871646,35.725566],[139.871699,35.72547]]]},"properties":{}},{"type":"Feature","geometry":{"type":"Polygon","coordinates":[[[139.871498,35.725809],[139.87142,35.72575],[139.87091,35.7254],[139.870863,35.725354],[139.870834,35.725314],[139.870818,35.725267],[139.870812,35.725221],[139.870814,35.725182],[139.870824,35.725124],[139.870908,35.725154],[139.871516,35.725384],[139.871699,35.72547],[139.871646,35.725566],[139.871498,35.725809]]]},"properties":{}},{"type":"Feature","geometry":{"type":"Polygon","coordinates":[[[139.870079,35.73213],[139.871287,35.732355],[139.870901,35.732824],[139.869892,35.732634],[139.870079,35.73213]]]},"properties":{}},{"type":"Feature","geometry":{"type":"Polygon","coordinates":[[[139.870249,35.73169],[139.871057,35.731841],[139.871203,35.731867],[139.871432,35.731908],[139.871382,35.732228],[139.871344,35.732286],[139.871287,35.732355],[139.870079,35.73213],[139.870249,35.73169]]]},"properties":{}},{"type":"Feature","geometry":{"type":"Polygon","coordinates":[[[139.870449,35.731158],[139.870926,35.731244],[139.871512,35.731348],[139.871432,35.731908],[139.871203,35.731867],[139.871057,35.731841],[139.870249,35.73169],[139.870449,35.731158]]]},"properties":{}},{"type":"Feature","geometry":{"type":"Polygon","coordinates":[[[139.87057,35.730693],[139.871271,35.730817],[139.871568,35.730864],[139.87158,35.730962],[139.871512,35.731348],[139.870926,35.731244],[139.870449,35.731158],[139.870454,35.731144],[139.870529,35.730854],[139.87057,35.730693]]]},"properties":{}},{"type":"Feature","geometry":{"type":"Polygon","coordinates":[[[139.87072,35.730144],[139.871025,35.730197],[139.871555,35.730293],[139.871551,35.730562],[139.87156,35.730813],[139.871568,35.730864],[139.871271,35.730817],[139.87057,35.730693],[139.870621,35.7305],[139.87072,35.730144]]]},"properties":{}},{"type":"Feature","geometry":{"type":"Polygon","coordinates":[[[139.870881,35.729535],[139.871636,35.729629],[139.871595,35.729975],[139.871555,35.730293],[139.871025,35.730197],[139.87072,35.730144],[139.870881,35.729535]]]},"properties":{}},{"type":"Feature","geometry":{"type":"Polygon","coordinates":[[[139.871007,35.729064],[139.871685,35.729514],[139.871659,35.729566],[139.871648,35.729587],[139.871636,35.729629],[139.870881,35.729535],[139.870994,35.729111],[139.871007,35.729064]]]},"properties":{}},{"type":"Feature","geometry":{"type":"Polygon","coordinates":[[[139.871033,35.728971],[139.871667,35.729412],[139.871852,35.729532],[139.871842,35.729621],[139.871685,35.729514],[139.871007,35.729064],[139.871033,35.728971]]]},"properties":{}},{"type":"Feature","geometry":{"type":"Polygon","coordinates":[[[139.871932,35.737371],[139.871492,35.7378],[139.8712,35.737671],[139.870565,35.737349],[139.870684,35.737333],[139.87148,35.737387],[139.871932,35.737371]]]},"properties":{}},{"type":"Feature","geometry":{"type":"Polygon","coordinates":[[[139.870565,35.737349],[139.870657,35.737095],[139.870745,35.736749],[139.87077,35.736644],[139.870801,35.736516],[139.870866,35.736185],[139.871076,35.736196],[139.872133,35.73626],[139.872582,35.736353],[139.87248,35.736579],[139.872402,35.736716],[139.872267,35.736938],[139.871932,35.737371],[139.87148,35.737387],[139.870684,35.737333],[139.870565,35.737349]]]},"properties":{}},{"type":"Feature","geometry":{"type":"Polygon","coordinates":[[[139.869612,35.736852],[139.870012,35.736494],[139.870745,35.736749],[139.870657,35.737095],[139.870565,35.737349],[139.869612,35.736852]]]},"properties":{}},{"type":"Feature","geometry":{"type":"Polygon","coordinates":[[[139.870565,35.737349],[139.8712,35.737671],[139.871492,35.7378],[139.871013,35.73818],[139.87075,35.738033],[139.870367,35.737831],[139.870283,35.737786],[139.869411,35.737312],[139.869612,35.736852],[139.870565,35.737349]]]},"properties":{}},{"type":"Feature","geometry":{"type":"Polygon","coordinates":[[[139.868271,35.738895],[139.868744,35.738238],[139.86906,35.737792],[139.869411,35.737312],[139.870283,35.737786],[139.870367,35.737831],[139.87075,35.738033],[139.871013,35.73818],[139.870532,35.738584],[139.870072,35.738956],[139.869415,35.739497],[139.869327,35.739462],[139.869048,35.739308],[139.868271,35.738895]]]},"properties":{}},{"type":"Feature","geometry":{"type":"Polygon","coordinates":[[[139.871655,35.737883],[139.871583,35.737848],[139.871793,35.737669],[139.871945,35.737524],[139.872181,35.737266],[139.87239,35.737003],[139.872549,35.736766],[139.872706,35.736465],[139.872743,35.736389],[139.872849,35.736413],[139.872778,35.73656],[139.872701,35.736708],[139.872524,35.73699],[139.872411,35.737137],[139.872243,35.737344],[139.872076,35.737514],[139.871699,35.737846],[139.871655,35.737883]]]},"properties":{}},{"type":"Feature","geometry":{"type":"Polygon","coordinates":[[[139.872524,35.73699],[139.87328,35.737395],[139.873223,35.737415],[139.872854,35.737938],[139.872442,35.737833],[139.872112,35.737896],[139.871868,35.737956],[139.871791,35.737941],[139.871705,35.737909],[139.871655,35.737883],[139.871699,35.737846],[139.872076,35.737514],[139.872243,35.737344],[139.872411,35.737137],[139.872524,35.73699]]]},"properties":{}},{"type":"Feature","geometry":{"type":"Polygon","coordinates":[[[139.872849,35.736413],[139.873196,35.736486],[139.873848,35.7366],[139.87376,35.736723],[139.87328,35.737395],[139.872524,35.73699],[139.872701,35.736708],[139.872778,35.73656],[139.872849,35.736413]]]},"properties":{}},{"type":"Feature","geometry":{"type":"Polygon","coordinates":[[[139.872743,35.736389],[139.872768,35.736336],[139.872848,35.736167],[139.87294,35.735848],[139.873005,35.73549],[139.873041,35.735207],[139.873049,35.735003],[139.873041,35.734861],[139.873018,35.73452],[139.873009,35.734406],[139.872995,35.734329],[139.873091,35.73433],[139.873152,35.734331],[139.87316,35.734389],[139.873173,35.734478],[139.873189,35.734626],[139.873203,35.734795],[139.873206,35.734966],[139.873202,35.735115],[139.873184,35.735288],[139.873161,35.735454],[139.873148,35.735522],[139.873146,35.735577],[139.87315,35.735605],[139.873158,35.735633],[139.873231,35.735764],[139.873238,35.735791],[139.873236,35.735824],[139.873226,35.735856],[139.873184,35.735899],[139.873142,35.735929],[139.87311,35.735947],[139.873069,35.735972],[139.873041,35.735993],[139.873012,35.736037],[139.872929,35.736224],[139.872849,35.736413],[139.872743,35.736389]]]},"properties":{}},{"type":"Feature","geometry":{"type":"Polygon","coordinates":[[[139.872743,35.736389],[139.872706,35.736465],[139.872549,35.736766],[139.87239,35.737003],[139.872181,35.737266],[139.871945,35.737524],[139.871793,35.737669],[139.871583,35.737848],[139.871492,35.7378],[139.871932,35.737371],[139.872267,35.736938],[139.872402,35.736716],[139.87248,35.736579],[139.872582,35.736353],[139.872743,35.736389]]]},"properties":{}},{"type":"Feature","geometry":{"type":"Polygon","coordinates":[[[139.872582,35.736353],[139.872685,35.736063],[139.872736,35.7359],[139.87279,35.735708],[139.872822,35.735501],[139.872836,35.73525],[139.872837,35.735234],[139.872834,35.734951],[139.872818,35.734753],[139.872796,35.734591],[139.872761,35.734409],[139.872753,35.734378],[139.872738,35.734325],[139.872995,35.734329],[139.873009,35.734406],[139.873018,35.73452],[139.873041,35.734861],[139.873049,35.735003],[139.873041,35.735207],[139.873005,35.73549],[139.87294,35.735848],[139.872848,35.736167],[139.872768,35.736336],[139.872743,35.736389],[139.872582,35.736353]]]},"properties":{}},{"type":"Feature","geometry":{"type":"Polygon","coordinates":[[[139.872582,35.736353],[139.872133,35.73626],[139.872168,35.735862],[139.872736,35.7359],[139.872685,35.736063],[139.872582,35.736353]]]},"properties":{}},{"type":"Feature","geometry":{"type":"Polygon","coordinates":[[[139.872736,35.7359],[139.872168,35.735862],[139.872206,35.735458],[139.872822,35.735501],[139.87279,35.735708],[139.872736,35.7359]]]},"properties":{}},{"type":"Feature","geometry":{"type":"Polygon","coordinates":[[[139.872822,35.735501],[139.872206,35.735458],[139.872257,35.734926],[139.872834,35.734951],[139.872837,35.735234],[139.872836,35.73525],[139.872822,35.735501]]]},"properties":{}},{"type":"Feature","geometry":{"type":"Polygon","coordinates":[[[139.872834,35.734951],[139.872257,35.734926],[139.87159,35.734889],[139.87157,35.734864],[139.871427,35.734686],[139.871637,35.734407],[139.871672,35.734374],[139.871711,35.73436],[139.872761,35.734409],[139.872796,35.734591],[139.872818,35.734753],[139.872834,35.734951]]]},"properties":{}},{"type":"Feature","geometry":{"type":"Polygon","coordinates":[[[139.872761,35.734409],[139.871711,35.73436],[139.871672,35.734374],[139.871637,35.734407],[139.871427,35.734686],[139.871291,35.734858],[139.871327,35.734741],[139.871573,35.73432],[139.871603,35.734267],[139.872738,35.734325],[139.872753,35.734378],[139.872761,35.734409]]]},"properties":{}},{"type":"Feature","geometry":{"type":"Polygon","coordinates":[[[139.877285,35.719078],[139.877346,35.719133],[139.877337,35.719153],[139.877247,35.719312],[139.877165,35.71942],[139.877069,35.71955],[139.876979,35.719661],[139.87676,35.719899],[139.875795,35.720921],[139.875934,35.720699],[139.876042,35.720548],[139.876577,35.719978],[139.876814,35.719734],[139.876902,35.719637],[139.876918,35.719619],[139.876949,35.719583],[139.877001,35.719524],[139.877079,35.71942],[139.877144,35.719324],[139.877209,35.719219],[139.877285,35.719078]]]},"properties":{}},{"type":"Feature","geometry":{"type":"Polygon","coordinates":[[[139.876577,35.719978],[139.875922,35.719869],[139.875737,35.719838],[139.875336,35.719771],[139.87513,35.719736],[139.874785,35.719678],[139.874915,35.719168],[139.875051,35.718657],[139.875214,35.717935],[139.875286,35.717649],[139.875318,35.717516],[139.875381,35.717258],[139.877285,35.719078],[139.877209,35.719219],[139.877144,35.719324],[139.877079,35.71942],[139.877001,35.719524],[139.876949,35.719583],[139.876918,35.719619],[139.876902,35.719637],[139.876814,35.719734],[139.876577,35.719978]]]},"properties":{}},{"type":"Feature","geometry":{"type":"Polygon","coordinates":[[[139.875891,35.720935],[139.876825,35.71994],[139.877052,35.719698],[139.877154,35.71957],[139.877238,35.719459],[139.877323,35.719346],[139.877408,35.71919],[139.877483,35.719259],[139.877416,35.719363],[139.877349,35.71945],[139.877266,35.719556],[139.877123,35.719731],[139.876837,35.720029],[139.87632,35.720582],[139.876122,35.72076],[139.875891,35.720935]]]},"properties":{}},{"type":"Feature","geometry":{"type":"Polygon","coordinates":[[[139.877349,35.71945],[139.877454,35.719487],[139.877486,35.719515],[139.877474,35.71957],[139.877448,35.719679],[139.877355,35.72011],[139.876837,35.720029],[139.877123,35.719731],[139.877266,35.719556],[139.877349,35.71945]]]},"properties":{}},{"type":"Feature","geometry":{"type":"Polygon","coordinates":[[[139.877483,35.719259],[139.877544,35.719319],[139.877502,35.719447],[139.877486,35.719515],[139.877454,35.719487],[139.877349,35.71945],[139.877416,35.719363],[139.877483,35.719259]]]},"properties":{}},{"type":"Feature","geometry":{"type":"Polygon","coordinates":[[[139.87934,35.710943],[139.879064,35.712167],[139.878856,35.713053],[139.878784,35.713043],[139.878809,35.712937],[139.879047,35.711917],[139.879151,35.711466],[139.879217,35.711253],[139.879267,35.711112],[139.87934,35.710943]]]},"properties":{}},{"type":"Feature","geometry":{"type":"Polygon","coordinates":[[[139.879047,35.711917],[139.87899,35.711908],[139.878934,35.711898],[139.878642,35.711849],[139.878618,35.711844],[139.878126,35.711771],[139.878093,35.711766],[139.878189,35.71132],[139.87822,35.711173],[139.878233,35.711113],[139.878286,35.710868],[139.878284,35.71083],[139.878572,35.710743],[139.878816,35.710578],[139.878902,35.71052],[139.878982,35.710486],[139.87906,35.710477],[139.87938,35.710486],[139.879452,35.710487],[139.87934,35.710943],[139.879267,35.711112],[139.879217,35.711253],[139.879151,35.711466],[139.879047,35.711917]]]},"properties":{}},{"type":"Feature","geometry":{"type":"Polygon","coordinates":[[[139.878784,35.713043],[139.878686,35.713028],[139.878377,35.712981],[139.878265,35.712964],[139.878092,35.712938],[139.877852,35.712898],[139.877906,35.712644],[139.877974,35.712323],[139.878009,35.712162],[139.878013,35.712143],[139.878086,35.711801],[139.878093,35.711766],[139.878126,35.711771],[139.878618,35.711844],[139.878642,35.711849],[139.878934,35.711898],[139.87899,35.711908],[139.879047,35.711917],[139.878809,35.712937],[139.878784,35.713043]]]},"properties":{}},{"type":"Feature","geometry":{"type":"Polygon","coordinates":[[[139.878784,35.713043],[139.878856,35.713053],[139.878675,35.71382],[139.878577,35.71387],[139.878784,35.713043]]]},"properties":{}},{"type":"Feature","geometry":{"type":"Polygon","coordinates":[[[139.878577,35.71387],[139.878496,35.713903],[139.878149,35.714043],[139.878025,35.714096],[139.877624,35.714262],[139.87758,35.714281],[139.877562,35.714245],[139.87756,35.71424],[139.877624,35.713919],[139.877654,35.713803],[139.877696,35.713566],[139.877729,35.713425],[139.877746,35.713354],[139.877761,35.713289],[139.877793,35.71315],[139.877852,35.712898],[139.878092,35.712938],[139.878265,35.712964],[139.878377,35.712981],[139.878686,35.713028],[139.878784,35.713043],[139.878577,35.71387]]]},"properties":{}},{"type":"Feature","geometry":{"type":"Polygon","coordinates":[[[139.878577,35.71387],[139.878675,35.71382],[139.878424,35.71489],[139.878341,35.714904],[139.878577,35.71387]]]},"properties":{}},{"type":"Feature","geometry":{"type":"Polygon","coordinates":[[[139.878341,35.714904],[139.877828,35.714985],[139.877322,35.715068],[139.877376,35.71483],[139.877475,35.714416],[139.877485,35.71437],[139.877469,35.714328],[139.877515,35.714308],[139.87758,35.714281],[139.877624,35.714262],[139.878025,35.714096],[139.878149,35.714043],[139.878496,35.713903],[139.878577,35.71387],[139.878341,35.714904]]]},"properties":{}},{"type":"Feature","geometry":{"type":"Polygon","coordinates":[[[139.878117,35.715836],[139.877649,35.715766],[139.877181,35.715695],[139.877322,35.715068],[139.877828,35.714985],[139.878341,35.714904],[139.878117,35.715836]]]},"properties":{}},{"type":"Feature","geometry":{"type":"Polygon","coordinates":[[[139.877879,35.716849],[139.877857,35.716953],[139.877391,35.716877],[139.876908,35.716804],[139.876957,35.716606],[139.876996,35.716448],[139.877018,35.716356],[139.877181,35.715695],[139.877649,35.715766],[139.878117,35.715836],[139.877962,35.716504],[139.877879,35.716849]]]},"properties":{}},{"type":"Feature","geometry":{"type":"Polygon","coordinates":[[[139.877857,35.716953],[139.877935,35.716964],[139.87756,35.718534],[139.877486,35.718797],[139.877421,35.718964],[139.877346,35.719133],[139.877285,35.719078],[139.877349,35.718954],[139.877395,35.718847],[139.87743,35.718738],[139.877482,35.718557],[139.877788,35.717271],[139.877857,35.716953]]]},"properties":{}},{"type":"Feature","geometry":{"type":"Polygon","coordinates":[[[139.877788,35.717271],[139.877732,35.717262],[139.876696,35.71709],[139.876074,35.716896],[139.875905,35.716837],[139.875594,35.716766],[139.875422,35.716743],[139.875333,35.716709],[139.875087,35.716539],[139.874983,35.716175],[139.875075,35.716222],[139.875101,35.716256],[139.875349,35.716517],[139.875407,35.716552],[139.875465,35.716579],[139.875859,35.716642],[139.876386,35.716721],[139.876908,35.716804],[139.877391,35.716877],[139.877857,35.716953],[139.877788,35.717271]]]},"properties":{}},{"type":"Feature","geometry":{"type":"Polygon","coordinates":[[[139.877285,35.719078],[139.875381,35.717258],[139.875222,35.717111],[139.875175,35.717068],[139.875075,35.716975],[139.875044,35.716947],[139.874593,35.716532],[139.874362,35.716312],[139.874159,35.716089],[139.873922,35.715823],[139.874019,35.715788],[139.874449,35.71598],[139.874659,35.716082],[139.874771,35.716131],[139.874983,35.716175],[139.875087,35.716539],[139.875333,35.716709],[139.875422,35.716743],[139.875594,35.716766],[139.875905,35.716837],[139.876074,35.716896],[139.876696,35.71709],[139.877732,35.717262],[139.877788,35.717271],[139.877482,35.718557],[139.87743,35.718738],[139.877395,35.718847],[139.877349,35.718954],[139.877285,35.719078]]]},"properties":{}},{"type":"Feature","geometry":{"type":"Polygon","coordinates":[[[139.87934,35.710943],[139.879452,35.710487],[139.879524,35.710196],[139.879607,35.709826],[139.879625,35.709746],[139.879732,35.709761],[139.879715,35.709831],[139.879621,35.71021],[139.879518,35.710654],[139.879441,35.710966],[139.879153,35.712177],[139.878942,35.713065],[139.878856,35.713053],[139.879064,35.712167],[139.87934,35.710943]]]},"properties":{}},{"type":"Feature","geometry":{"type":"Polygon","coordinates":[[[139.873097,35.727677],[139.872609,35.727653],[139.872318,35.727641],[139.872388,35.727205],[139.872402,35.727153],[139.872458,35.727056],[139.873078,35.727454],[139.873067,35.727478],[139.873071,35.727554],[139.873097,35.727677]]]},"properties":{}},{"type":"Feature","geometry":{"type":"Polygon","coordinates":[[[139.873078,35.727454],[139.873129,35.727384],[139.87315,35.727358],[139.873216,35.727407],[139.874397,35.728225],[139.874449,35.728261],[139.874396,35.728328],[139.874302,35.728268],[139.874258,35.728267],[139.874084,35.728267],[139.873825,35.728264],[139.873741,35.728268],[139.873645,35.728267],[139.873486,35.728271],[139.873287,35.728276],[139.873094,35.728275],[139.873051,35.728275],[139.873053,35.728243],[139.873058,35.727978],[139.873062,35.727936],[139.873099,35.727795],[139.8731,35.727716],[139.873097,35.727677],[139.873071,35.727554],[139.873067,35.727478],[139.873078,35.727454]]]},"properties":{}},{"type":"Feature","geometry":{"type":"Polygon","coordinates":[[[139.87327,35.727199],[139.873261,35.727088],[139.873133,35.72676],[139.873884,35.726879],[139.874367,35.727609],[139.874134,35.72773],[139.873645,35.727413],[139.87327,35.727199]]]},"properties":{}},{"type":"Feature","geometry":{"type":"Polygon","coordinates":[[[139.874134,35.72773],[139.874405,35.727896],[139.874622,35.728043],[139.874549,35.728135],[139.874496,35.728099],[139.873319,35.727294],[139.873244,35.727239],[139.873261,35.727217],[139.87327,35.727199],[139.873645,35.727413],[139.874134,35.72773]]]},"properties":{}},{"type":"Feature","geometry":{"type":"Polygon","coordinates":[[[139.874134,35.72773],[139.874367,35.727609],[139.874447,35.727666],[139.874427,35.727745],[139.874405,35.727896],[139.874134,35.72773]]]},"properties":{}},{"type":"Feature","geometry":{"type":"Polygon","coordinates":[[[139.874405,35.727896],[139.874427,35.727745],[139.874447,35.727666],[139.874759,35.727826],[139.874622,35.728043],[139.874405,35.727896]]]},"properties":{}},{"type":"Feature","geometry":{"type":"Polygon","coordinates":[[[139.874447,35.727666],[139.874367,35.727609],[139.873884,35.726879],[139.873833,35.726746],[139.87377,35.726491],[139.873949,35.726481],[139.874193,35.726468],[139.874291,35.726466],[139.874751,35.726481],[139.874677,35.726797],[139.87459,35.727126],[139.874506,35.727445],[139.874447,35.727666]]]},"properties":{}},{"type":"Feature","geometry":{"type":"Polygon","coordinates":[[[139.874506,35.727445],[139.874967,35.727532],[139.874759,35.727826],[139.874447,35.727666],[139.874506,35.727445]]]},"properties":{}},{"type":"Feature","geometry":{"type":"Polygon","coordinates":[[[139.874751,35.726481],[139.874853,35.726482],[139.875641,35.726506],[139.875612,35.726551],[139.874996,35.727491],[139.874967,35.727532],[139.874506,35.727445],[139.87459,35.727126],[139.874677,35.726797],[139.874751,35.726481]]]},"properties":{}},{"type":"Feature","geometry":{"type":"Polygon","coordinates":[[[139.874967,35.727532],[139.874996,35.727491],[139.875612,35.726551],[139.875641,35.726506],[139.87567,35.726447],[139.875891,35.726216],[139.875938,35.726184],[139.875976,35.726205],[139.876013,35.726222],[139.876692,35.726515],[139.876546,35.726776],[139.875221,35.728591],[139.874549,35.728135],[139.874622,35.728043],[139.874759,35.727826],[139.874967,35.727532]]]},"properties":{}},{"type":"Feature","geometry":{"type":"Polygon","coordinates":[[[139.872535,35.724669],[139.872657,35.724521],[139.872821,35.724341],[139.872974,35.724182],[139.873169,35.723975],[139.873255,35.723878],[139.873379,35.72373],[139.873763,35.723796],[139.873633,35.724282],[139.873581,35.724478],[139.87321,35.724602],[139.872785,35.724744],[139.872605,35.724703],[139.872535,35.724669]]]},"properties":{}},{"type":"Feature","geometry":{"type":"Polygon","coordinates":[[[139.872785,35.724744],[139.873052,35.724898],[139.872861,35.725508],[139.87275,35.725919],[139.872354,35.725758],[139.871932,35.725578],[139.872085,35.725354],[139.872197,35.725166],[139.872375,35.724897],[139.872535,35.724669],[139.872605,35.724703],[139.872785,35.724744]]]},"properties":{}},{"type":"Feature","geometry":{"type":"Polygon","coordinates":[[[139.872785,35.724744],[139.87321,35.724602],[139.873581,35.724478],[139.873542,35.724626],[139.873492,35.724811],[139.873428,35.725054],[139.873166,35.725012],[139.873128,35.724943],[139.873052,35.724898],[139.872785,35.724744]]]},"properties":{}},{"type":"Feature","geometry":{"type":"Polygon","coordinates":[[[139.873166,35.725012],[139.873216,35.725079],[139.873281,35.725158],[139.873322,35.725299],[139.873358,35.725385],[139.872861,35.725508],[139.873052,35.724898],[139.873128,35.724943],[139.873166,35.725012]]]},"properties":{}},{"type":"Feature","geometry":{"type":"Polygon","coordinates":[[[139.873166,35.725012],[139.873428,35.725054],[139.874282,35.725205],[139.874222,35.725447],[139.873322,35.725299],[139.873281,35.725158],[139.873216,35.725079],[139.873166,35.725012]]]},"properties":{}},{"type":"Feature","geometry":{"type":"Polygon","coordinates":[[[139.873322,35.725299],[139.874222,35.725447],[139.874128,35.725817],[139.874086,35.725981],[139.873949,35.726481],[139.87377,35.726491],[139.873767,35.726481],[139.873728,35.726326],[139.873653,35.726154],[139.873547,35.725903],[139.873503,35.725784],[139.873421,35.7255],[139.873358,35.725385],[139.873322,35.725299]]]},"properties":{}},{"type":"Feature","geometry":{"type":"Polygon","coordinates":[[[139.873547,35.725903],[139.873001,35.72603],[139.87275,35.725919],[139.872861,35.725508],[139.873358,35.725385],[139.873421,35.7255],[139.873503,35.725784],[139.873547,35.725903]]]},"properties":{}},{"type":"Feature","geometry":{"type":"Polygon","coordinates":[[[139.873767,35.726481],[139.873168,35.726655],[139.87313,35.726503],[139.873138,35.726419],[139.87321,35.726323],[139.873121,35.726252],[139.873016,35.726166],[139.873001,35.72603],[139.873547,35.725903],[139.873653,35.726154],[139.873728,35.726326],[139.873767,35.726481]]]},"properties":{}},{"type":"Feature","geometry":{"type":"Polygon","coordinates":[[[139.87377,35.726491],[139.873833,35.726746],[139.873884,35.726879],[139.873133,35.72676],[139.87311,35.726682],[139.873168,35.726655],[139.873767,35.726481],[139.87377,35.726491]]]},"properties":{}},{"type":"Feature","geometry":{"type":"Polygon","coordinates":[[[139.877233,35.727031],[139.877327,35.726886],[139.877362,35.726799],[139.877681,35.726843],[139.878195,35.726918],[139.878251,35.726926],[139.878022,35.727476],[139.877806,35.728013],[139.877758,35.728005],[139.87712,35.7279],[139.877233,35.72746],[139.877286,35.72725],[139.877314,35.72716],[139.877315,35.727119],[139.877292,35.727082],[139.877233,35.727031]]]},"properties":{}},{"type":"Feature","geometry":{"type":"Polygon","coordinates":[[[139.87712,35.7279],[139.876692,35.727822],[139.877,35.727353],[139.877233,35.727031],[139.877292,35.727082],[139.877315,35.727119],[139.877314,35.72716],[139.877286,35.72725],[139.877233,35.72746],[139.87712,35.7279]]]},"properties":{}},{"type":"Feature","geometry":{"type":"Polygon","coordinates":[[[139.87712,35.7279],[139.877758,35.728005],[139.877806,35.728013],[139.877664,35.728408],[139.877401,35.729073],[139.877392,35.729097],[139.877338,35.729087],[139.876844,35.728997],[139.876952,35.728555],[139.877019,35.728296],[139.877036,35.728228],[139.87712,35.7279]]]},"properties":{}},{"type":"Feature","geometry":{"type":"Polygon","coordinates":[[[139.876844,35.728997],[139.875987,35.728854],[139.87627,35.728447],[139.876446,35.728188],[139.876692,35.727822],[139.87712,35.7279],[139.877036,35.728228],[139.877019,35.728296],[139.876952,35.728555],[139.876844,35.728997]]]},"properties":{}},{"type":"Feature","geometry":{"type":"Polygon","coordinates":[[[139.876844,35.728997],[139.877338,35.729087],[139.877392,35.729097],[139.87713,35.729771],[139.877083,35.729738],[139.876719,35.729483],[139.876844,35.728997]]]},"properties":{}},{"type":"Feature","geometry":{"type":"Polygon","coordinates":[[[139.876719,35.729483],[139.875894,35.72898],[139.875987,35.728854],[139.876844,35.728997],[139.876719,35.729483]]]},"properties":{}},{"type":"Feature","geometry":{"type":"Polygon","coordinates":[[[139.872688,35.726683],[139.872938,35.726725],[139.873133,35.72676],[139.873261,35.727088],[139.87327,35.727199],[139.873261,35.727217],[139.873244,35.727239],[139.873109,35.727143],[139.8725,35.726683],[139.87179,35.726179],[139.871601,35.726058],[139.871636,35.725946],[139.871651,35.725921],[139.871698,35.725955],[139.87218,35.726311],[139.872688,35.726683]]]},"properties":{}},{"type":"Feature","geometry":{"type":"Polygon","coordinates":[[[139.87218,35.726311],[139.8722,35.726256],[139.872267,35.726038],[139.872634,35.72619],[139.872641,35.726238],[139.873121,35.726252],[139.87321,35.726323],[139.873138,35.726419],[139.87313,35.726503],[139.873168,35.726655],[139.87311,35.726682],[139.872938,35.726725],[139.872688,35.726683],[139.87218,35.726311]]]},"properties":{}},{"type":"Feature","geometry":{"type":"Polygon","coordinates":[[[139.871698,35.725955],[139.871793,35.725797],[139.871932,35.725578],[139.872354,35.725758],[139.872267,35.726038],[139.8722,35.726256],[139.87218,35.726311],[139.871698,35.725955]]]},"properties":{}},{"type":"Feature","geometry":{"type":"Polygon","coordinates":[[[139.871563,35.725857],[139.871774,35.725505],[139.871874,35.725551],[139.871651,35.725921],[139.871563,35.725857]]]},"properties":{}},{"type":"Feature","geometry":{"type":"Polygon","coordinates":[[[139.871651,35.725921],[139.871636,35.725946],[139.871573,35.72604],[139.871486,35.725984],[139.871563,35.725857],[139.871651,35.725921]]]},"properties":{}},{"type":"Feature","geometry":{"type":"Polygon","coordinates":[[[139.871651,35.725921],[139.871874,35.725551],[139.871932,35.725578],[139.871793,35.725797],[139.871698,35.725955],[139.871651,35.725921]]]},"properties":{}},{"type":"Feature","geometry":{"type":"Polygon","coordinates":[[[139.872468,35.72463],[139.872426,35.724684],[139.872286,35.724875],[139.87216,35.725079],[139.871874,35.725551],[139.871774,35.725505],[139.872055,35.725039],[139.872187,35.724834],[139.872319,35.724642],[139.872374,35.724574],[139.872468,35.72463]]]},"properties":{}},{"type":"Feature","geometry":{"type":"Polygon","coordinates":[[[139.872468,35.72463],[139.872536,35.724543],[139.872643,35.72442],[139.872774,35.724281],[139.873103,35.723937],[139.873458,35.723555],[139.873408,35.723659],[139.873379,35.72373],[139.873255,35.723878],[139.873169,35.723975],[139.872974,35.724182],[139.872821,35.724341],[139.872657,35.724521],[139.872535,35.724669],[139.872468,35.72463]]]},"properties":{}},{"type":"Feature","geometry":{"type":"Polygon","coordinates":[[[139.872535,35.724669],[139.872375,35.724897],[139.872197,35.725166],[139.872085,35.725354],[139.871932,35.725578],[139.871874,35.725551],[139.87216,35.725079],[139.872286,35.724875],[139.872426,35.724684],[139.872468,35.72463],[139.872535,35.724669]]]},"properties":{}},{"type":"Feature","geometry":{"type":"Polygon","coordinates":[[[139.873949,35.726481],[139.874086,35.725981],[139.874128,35.725817],[139.874222,35.725447],[139.874282,35.725205],[139.875147,35.725357],[139.875014,35.725867],[139.874977,35.726006],[139.874853,35.726482],[139.874751,35.726481],[139.874291,35.726466],[139.874193,35.726468],[139.873949,35.726481]]]},"properties":{}},{"type":"Feature","geometry":{"type":"Polygon","coordinates":[[[139.874853,35.726482],[139.874977,35.726006],[139.875014,35.725867],[139.875147,35.725357],[139.875919,35.72548],[139.87584,35.725765],[139.875833,35.725804],[139.875835,35.725835],[139.87578,35.725926],[139.875728,35.726137],[139.875714,35.726197],[139.875669,35.726379],[139.87567,35.726447],[139.875641,35.726506],[139.874853,35.726482]]]},"properties":{}},{"type":"Feature","geometry":{"type":"Polygon","coordinates":[[[139.87567,35.726447],[139.875669,35.726379],[139.875714,35.726197],[139.875728,35.726137],[139.87578,35.725926],[139.875835,35.725835],[139.875863,35.725962],[139.875886,35.726055],[139.875904,35.726112],[139.875938,35.726184],[139.875891,35.726216],[139.87567,35.726447]]]},"properties":{}},{"type":"Feature","geometry":{"type":"Polygon","coordinates":[[[139.877185,35.726729],[139.877215,35.726741],[139.877282,35.726771],[139.877362,35.726799],[139.877327,35.726886],[139.877233,35.727031],[139.877,35.727353],[139.876692,35.727822],[139.876446,35.728188],[139.87627,35.728447],[139.875987,35.728854],[139.875894,35.72898],[139.875859,35.729027],[139.875701,35.728918],[139.875221,35.728591],[139.876546,35.726776],[139.876692,35.726515],[139.877185,35.726729]]]},"properties":{}},{"type":"Feature","geometry":{"type":"Polygon","coordinates":[[[139.877362,35.726799],[139.877468,35.726656],[139.877975,35.725833],[139.8787,35.725948],[139.878747,35.72596],[139.878642,35.726155],[139.878251,35.726926],[139.878195,35.726918],[139.877681,35.726843],[139.877362,35.726799]]]},"properties":{}},{"type":"Feature","geometry":{"type":"Polygon","coordinates":[[[139.872938,35.726725],[139.87311,35.726682],[139.873133,35.72676],[139.872938,35.726725]]]},"properties":{}},{"type":"Feature","geometry":{"type":"Polygon","coordinates":[[[139.87713,35.729771],[139.877392,35.729097],[139.877401,35.729073],[139.877463,35.729071],[139.877809,35.729059],[139.878122,35.729048],[139.878081,35.729371],[139.878027,35.729796],[139.877961,35.730298],[139.877918,35.730377],[139.877178,35.729808],[139.87713,35.729771]]]},"properties":{}},{"type":"Feature","geometry":{"type":"Polygon","coordinates":[[[139.877918,35.730377],[139.877914,35.730466],[139.877151,35.729922],[139.877087,35.729877],[139.87713,35.729771],[139.877178,35.729808],[139.877918,35.730377]]]},"properties":{}},{"type":"Feature","geometry":{"type":"Polygon","coordinates":[[[139.877087,35.729877],[139.876136,35.729217],[139.875859,35.729027],[139.875894,35.72898],[139.876719,35.729483],[139.877083,35.729738],[139.87713,35.729771],[139.877087,35.729877]]]},"properties":{}},{"type":"Feature","geometry":{"type":"Polygon","coordinates":[[[139.877087,35.729877],[139.877151,35.729922],[139.877914,35.730466],[139.877912,35.730508],[139.877139,35.729951],[139.877075,35.729907],[139.877087,35.729877]]]},"properties":{}},{"type":"Feature","geometry":{"type":"Polygon","coordinates":[[[139.877075,35.729907],[139.876118,35.729244],[139.875839,35.729054],[139.875859,35.729027],[139.876136,35.729217],[139.877087,35.729877],[139.877075,35.729907]]]},"properties":{}},{"type":"Feature","geometry":{"type":"Polygon","coordinates":[[[139.877075,35.729907],[139.877139,35.729951],[139.877912,35.730508],[139.877909,35.730577],[139.877113,35.730027],[139.877045,35.72998],[139.877075,35.729907]]]},"properties":{}},{"type":"Feature","geometry":{"type":"Polygon","coordinates":[[[139.877045,35.72998],[139.876046,35.729298],[139.875788,35.729123],[139.875839,35.729054],[139.876118,35.729244],[139.877075,35.729907],[139.877045,35.72998]]]},"properties":{}},{"type":"Feature","geometry":{"type":"Polygon","coordinates":[[[139.877045,35.72998],[139.877113,35.730027],[139.877909,35.730577],[139.877907,35.730622],[139.8771,35.730064],[139.87703,35.730017],[139.877045,35.72998]]]},"properties":{}},{"type":"Feature","geometry":{"type":"Polygon","coordinates":[[[139.87703,35.730017],[139.876013,35.729324],[139.875765,35.729156],[139.875788,35.729123],[139.876046,35.729298],[139.877045,35.72998],[139.87703,35.730017]]]},"properties":{}},{"type":"Feature","geometry":{"type":"Polygon","coordinates":[[[139.87703,35.730017],[139.8771,35.730064],[139.877907,35.730622],[139.877903,35.730697],[139.877472,35.730414],[139.877403,35.730365],[139.877054,35.730119],[139.876998,35.730094],[139.87703,35.730017]]]},"properties":{}},{"type":"Feature","geometry":{"type":"Polygon","coordinates":[[[139.876998,35.730094],[139.876946,35.730069],[139.876769,35.729953],[139.876567,35.729815],[139.87571,35.72923],[139.875765,35.729156],[139.876013,35.729324],[139.87703,35.730017],[139.876998,35.730094]]]},"properties":{}},{"type":"Feature","geometry":{"type":"Polygon","coordinates":[[[139.876998,35.730094],[139.877054,35.730119],[139.877403,35.730365],[139.87734,35.730379],[139.877296,35.730377],[139.876986,35.730349],[139.876909,35.73034],[139.876998,35.730094]]]},"properties":{}},{"type":"Feature","geometry":{"type":"Polygon","coordinates":[[[139.876909,35.73034],[139.876753,35.730769],[139.876736,35.730817],[139.876688,35.730814],[139.87664,35.73081],[139.875545,35.730734],[139.875508,35.730733],[139.87551,35.730677],[139.875524,35.730353],[139.875539,35.730084],[139.875522,35.730019],[139.875498,35.72996],[139.875463,35.729903],[139.875422,35.729848],[139.875597,35.729836],[139.875937,35.729829],[139.876302,35.729822],[139.876567,35.729815],[139.876769,35.729953],[139.876946,35.730069],[139.876998,35.730094],[139.876909,35.73034]]]},"properties":{}},{"type":"Feature","geometry":{"type":"Polygon","coordinates":[[[139.876909,35.73034],[139.876986,35.730349],[139.877296,35.730377],[139.877224,35.730907],[139.877134,35.731546],[139.877098,35.73187],[139.876815,35.731846],[139.876467,35.731823],[139.8764,35.731818],[139.876416,35.731767],[139.876484,35.731546],[139.876736,35.730817],[139.876753,35.730769],[139.876909,35.73034]]]},"properties":{}},{"type":"Feature","geometry":{"type":"Polygon","coordinates":[[[139.8764,35.731818],[139.876336,35.731814],[139.876302,35.731811],[139.875949,35.731786],[139.875595,35.731766],[139.87556,35.731764],[139.875527,35.731762],[139.875519,35.731442],[139.875517,35.731311],[139.875514,35.731222],[139.875512,35.731066],[139.875508,35.730781],[139.875508,35.730733],[139.875545,35.730734],[139.87664,35.73081],[139.876688,35.730814],[139.876736,35.730817],[139.876484,35.731546],[139.876416,35.731767],[139.8764,35.731818]]]},"properties":{}},{"type":"Feature","geometry":{"type":"Polygon","coordinates":[[[139.8764,35.731818],[139.876467,35.731823],[139.876815,35.731846],[139.877098,35.73187],[139.877094,35.732099],[139.877054,35.732258],[139.87699,35.732662],[139.876962,35.732897],[139.876957,35.732942],[139.876937,35.733007],[139.876281,35.732569],[139.876206,35.73252],[139.876234,35.73242],[139.876384,35.731878],[139.8764,35.731818]]]},"properties":{}},{"type":"Feature","geometry":{"type":"Polygon","coordinates":[[[139.876206,35.73252],[139.876134,35.732471],[139.875881,35.732295],[139.8755,35.732017],[139.875516,35.731962],[139.875523,35.731932],[139.875525,35.731869],[139.875527,35.731762],[139.87556,35.731764],[139.875595,35.731766],[139.875949,35.731786],[139.876302,35.731811],[139.876336,35.731814],[139.8764,35.731818],[139.876384,35.731878],[139.876234,35.73242],[139.876206,35.73252]]]},"properties":{}},{"type":"Feature","geometry":{"type":"Polygon","coordinates":[[[139.872698,35.73001],[139.872781,35.729695],[139.873294,35.729824],[139.873049,35.730128],[139.872989,35.730235],[139.872693,35.730032],[139.872698,35.73001]]]},"properties":{}},{"type":"Feature","geometry":{"type":"Polygon","coordinates":[[[139.872693,35.730032],[139.871984,35.729547],[139.871997,35.729523],[139.87202,35.729471],[139.87203,35.729419],[139.87227,35.729524],[139.872508,35.729624],[139.872781,35.729695],[139.872698,35.73001],[139.872693,35.730032]]]},"properties":{}},{"type":"Feature","geometry":{"type":"Polygon","coordinates":[[[139.872989,35.730235],[139.872954,35.730279],[139.872071,35.729682],[139.871947,35.729594],[139.871984,35.729547],[139.872693,35.730032],[139.872989,35.730235]]]},"properties":{}},{"type":"Feature","geometry":{"type":"Polygon","coordinates":[[[139.872781,35.729695],[139.872855,35.729349],[139.872874,35.729266],[139.873175,35.729335],[139.873543,35.729422],[139.873585,35.729436],[139.873539,35.729491],[139.873294,35.729824],[139.872781,35.729695]]]},"properties":{}},{"type":"Feature","geometry":{"type":"Polygon","coordinates":[[[139.87227,35.729524],[139.872398,35.729156],[139.872874,35.729266],[139.872855,35.729349],[139.872781,35.729695],[139.872508,35.729624],[139.87227,35.729524]]]},"properties":{}},{"type":"Feature","geometry":{"type":"Polygon","coordinates":[[[139.87203,35.729419],[139.872084,35.72908],[139.872398,35.729156],[139.87227,35.729524],[139.87203,35.729419]]]},"properties":{}},{"type":"Feature","geometry":{"type":"Polygon","coordinates":[[[139.87402,35.728957],[139.873988,35.729009],[139.873643,35.729373],[139.873585,35.729436],[139.873543,35.729422],[139.873541,35.72938],[139.873518,35.729128],[139.873511,35.728867],[139.873748,35.728889],[139.873831,35.728903],[139.873906,35.72892],[139.873963,35.728939],[139.87402,35.728957]]]},"properties":{}},{"type":"Feature","geometry":{"type":"Polygon","coordinates":[[[139.873511,35.728867],[139.873512,35.728837],[139.873761,35.728832],[139.873881,35.728834],[139.873999,35.728836],[139.874148,35.72863],[139.874201,35.728566],[139.874277,35.728498],[139.874228,35.728588],[139.874127,35.72877],[139.874047,35.728912],[139.87402,35.728957],[139.873963,35.728939],[139.873906,35.72892],[139.873831,35.728903],[139.873748,35.728889],[139.873511,35.728867]]]},"properties":{}},{"type":"Feature","geometry":{"type":"Polygon","coordinates":[[[139.873511,35.728867],[139.873518,35.729128],[139.873541,35.72938],[139.873543,35.729422],[139.873175,35.729335],[139.872874,35.729266],[139.872971,35.72887],[139.872976,35.728825],[139.873226,35.728834],[139.873277,35.728841],[139.873343,35.728854],[139.873511,35.728867]]]},"properties":{}},{"type":"Feature","geometry":{"type":"Polygon","coordinates":[[[139.872976,35.728825],[139.873051,35.728275],[139.873094,35.728275],[139.873287,35.728276],[139.873486,35.728271],[139.873645,35.728267],[139.873741,35.728268],[139.873825,35.728264],[139.874084,35.728267],[139.874258,35.728267],[139.874302,35.728268],[139.874396,35.728328],[139.874277,35.728498],[139.874201,35.728566],[139.874148,35.72863],[139.873999,35.728836],[139.873881,35.728834],[139.873761,35.728832],[139.873512,35.728837],[139.873511,35.728867],[139.873343,35.728854],[139.873277,35.728841],[139.873226,35.728834],[139.872976,35.728825]]]},"properties":{}},{"type":"Feature","geometry":{"type":"Polygon","coordinates":[[[139.872976,35.728825],[139.872971,35.72887],[139.872874,35.729266],[139.872398,35.729156],[139.872084,35.72908],[139.872145,35.72868],[139.872484,35.728777],[139.872663,35.728822],[139.87286,35.728824],[139.872976,35.728825]]]},"properties":{}},{"type":"Feature","geometry":{"type":"Polygon","coordinates":[[[139.872145,35.72868],[139.872217,35.728251],[139.872995,35.728264],[139.873051,35.728275],[139.872976,35.728825],[139.87286,35.728824],[139.872663,35.728822],[139.872484,35.728777],[139.872145,35.72868]]]},"properties":{}},{"type":"Feature","geometry":{"type":"Polygon","coordinates":[[[139.873097,35.727677],[139.8731,35.727716],[139.873099,35.727795],[139.873062,35.727936],[139.873058,35.727978],[139.873053,35.728243],[139.873051,35.728275],[139.872995,35.728264],[139.872217,35.728251],[139.872318,35.727641],[139.872609,35.727653],[139.873097,35.727677]]]},"properties":{}},{"type":"Feature","geometry":{"type":"Polygon","coordinates":[[[139.874396,35.728328],[139.874449,35.728261],[139.875126,35.728721],[139.874674,35.729341],[139.874235,35.729066],[139.874164,35.729024],[139.874098,35.728988],[139.874055,35.728971],[139.87402,35.728957],[139.874047,35.728912],[139.874127,35.72877],[139.874228,35.728588],[139.874277,35.728498],[139.874396,35.728328]]]},"properties":{}},{"type":"Feature","geometry":{"type":"Polygon","coordinates":[[[139.874449,35.728261],[139.874397,35.728225],[139.873216,35.727407],[139.87315,35.727358],[139.873186,35.727312],[139.873254,35.727363],[139.874423,35.728196],[139.874473,35.72823],[139.874449,35.728261]]]},"properties":{}},{"type":"Feature","geometry":{"type":"Polygon","coordinates":[[[139.874473,35.72823],[139.875149,35.728689],[139.875126,35.728721],[139.874449,35.728261],[139.874473,35.72823]]]},"properties":{}},{"type":"Feature","geometry":{"type":"Polygon","coordinates":[[[139.874473,35.72823],[139.874423,35.728196],[139.873254,35.727363],[139.873186,35.727312],[139.873219,35.727271],[139.873289,35.727321],[139.874477,35.72813],[139.874526,35.728163],[139.874473,35.72823]]]},"properties":{}},{"type":"Feature","geometry":{"type":"Polygon","coordinates":[[[139.874526,35.728163],[139.8752,35.72862],[139.875149,35.728689],[139.874473,35.72823],[139.874526,35.728163]]]},"properties":{}},{"type":"Feature","geometry":{"type":"Polygon","coordinates":[[[139.874526,35.728163],[139.874477,35.72813],[139.873289,35.727321],[139.873219,35.727271],[139.873244,35.727239],[139.873319,35.727294],[139.874496,35.728099],[139.874549,35.728135],[139.874526,35.728163]]]},"properties":{}},{"type":"Feature","geometry":{"type":"Polygon","coordinates":[[[139.874549,35.728135],[139.875221,35.728591],[139.8752,35.72862],[139.874526,35.728163],[139.874549,35.728135]]]},"properties":{}},{"type":"Feature","geometry":{"type":"Polygon","coordinates":[[[139.87402,35.728957],[139.874055,35.728971],[139.874098,35.728988],[139.874164,35.729024],[139.874235,35.729066],[139.874674,35.729341],[139.873645,35.73075],[139.873111,35.730386],[139.872954,35.730279],[139.872989,35.730235],[139.873049,35.730128],[139.873294,35.729824],[139.873539,35.729491],[139.873585,35.729436],[139.873643,35.729373],[139.873988,35.729009],[139.87402,35.728957]]]},"properties":{}},{"type":"Feature","geometry":{"type":"Polygon","coordinates":[[[139.875179,35.729657],[139.875196,35.729667],[139.875263,35.72971],[139.875086,35.730011],[139.874921,35.730288],[139.87477,35.730486],[139.874525,35.730822],[139.874428,35.730952],[139.8743,35.731122],[139.874262,35.73117],[139.874149,35.731093],[139.873645,35.73075],[139.874674,35.729341],[139.875179,35.729657]]]},"properties":{}},{"type":"Feature","geometry":{"type":"Polygon","coordinates":[[[139.874674,35.729341],[139.875126,35.728721],[139.875593,35.729039],[139.875765,35.729156],[139.87571,35.72923],[139.875661,35.729282],[139.875531,35.729428],[139.875313,35.729651],[139.875263,35.72971],[139.875196,35.729667],[139.875179,35.729657],[139.874674,35.729341]]]},"properties":{}},{"type":"Feature","geometry":{"type":"Polygon","coordinates":[[[139.876567,35.729815],[139.876302,35.729822],[139.875937,35.729829],[139.875597,35.729836],[139.875422,35.729848],[139.875378,35.729804],[139.875319,35.729751],[139.875263,35.72971],[139.875313,35.729651],[139.875531,35.729428],[139.875661,35.729282],[139.87571,35.72923],[139.876567,35.729815]]]},"properties":{}},{"type":"Feature","geometry":{"type":"Polygon","coordinates":[[[139.875839,35.729054],[139.875678,35.728945],[139.8752,35.72862],[139.875221,35.728591],[139.875701,35.728918],[139.875859,35.729027],[139.875839,35.729054]]]},"properties":{}},{"type":"Feature","geometry":{"type":"Polygon","coordinates":[[[139.875788,35.729123],[139.875621,35.72901],[139.875149,35.728689],[139.8752,35.72862],[139.875678,35.728945],[139.875839,35.729054],[139.875788,35.729123]]]},"properties":{}},{"type":"Feature","geometry":{"type":"Polygon","coordinates":[[[139.875765,35.729156],[139.875593,35.729039],[139.875126,35.728721],[139.875149,35.728689],[139.875621,35.72901],[139.875788,35.729123],[139.875765,35.729156]]]},"properties":{}},{"type":"Feature","geometry":{"type":"Polygon","coordinates":[[[139.874739,35.735494],[139.874918,35.735267],[139.874962,35.735268],[139.875797,35.735292],[139.875776,35.735822],[139.87469,35.735789],[139.874697,35.735737],[139.874714,35.735642],[139.874728,35.735563],[139.874739,35.735494]]]},"properties":{}},{"type":"Feature","geometry":{"type":"Polygon","coordinates":[[[139.87469,35.735789],[139.874682,35.735804],[139.874682,35.735819],[139.874681,35.73583],[139.874681,35.735944],[139.874722,35.736476],[139.87474,35.736552],[139.874756,35.736569],[139.874301,35.736657],[139.874293,35.736657],[139.874204,35.736662],[139.873814,35.736736],[139.87376,35.736723],[139.873848,35.7366],[139.874249,35.736037],[139.874527,35.735665],[139.874607,35.735561],[139.874664,35.735507],[139.874739,35.735494],[139.874728,35.735563],[139.874714,35.735642],[139.874697,35.735737],[139.87469,35.735789]]]},"properties":{}},{"type":"Feature","geometry":{"type":"Polygon","coordinates":[[[139.875776,35.735822],[139.875775,35.735854],[139.875746,35.736596],[139.875728,35.737026],[139.875714,35.737153],[139.875682,35.737174],[139.875158,35.737262],[139.875102,35.737291],[139.875079,35.737259],[139.875001,35.73709],[139.874848,35.7367],[139.874797,35.736612],[139.874756,35.736569],[139.87474,35.736552],[139.874722,35.736476],[139.874681,35.735944],[139.874681,35.73583],[139.874682,35.735819],[139.874682,35.735804],[139.87469,35.735789],[139.875776,35.735822]]]},"properties":{}},{"type":"Feature","geometry":{"type":"Polygon","coordinates":[[[139.875079,35.737259],[139.875102,35.737291],[139.874606,35.73756],[139.874454,35.737644],[139.874379,35.737179],[139.874333,35.736872],[139.874293,35.736657],[139.874301,35.736657],[139.874756,35.736569],[139.874797,35.736612],[139.874848,35.7367],[139.875001,35.73709],[139.875079,35.737259]]]},"properties":{}},{"type":"Feature","geometry":{"type":"Polygon","coordinates":[[[139.8818,35.732338],[139.881792,35.732386],[139.881779,35.732428],[139.881758,35.732463],[139.881681,35.732443],[139.881622,35.732433],[139.881453,35.732416],[139.88127,35.732409],[139.881104,35.732389],[139.881033,35.732381],[139.880921,35.732338],[139.880759,35.732262],[139.880675,35.732255],[139.88064,35.732257],[139.88062,35.732268],[139.880069,35.731894],[139.880677,35.731652],[139.880909,35.731443],[139.880939,35.731425],[139.881352,35.731336],[139.881468,35.731311],[139.881528,35.731299],[139.881797,35.732326],[139.8818,35.732338]]]},"properties":{}},{"type":"Feature","geometry":{"type":"Polygon","coordinates":[[[139.881528,35.731299],[139.881468,35.731311],[139.881352,35.731336],[139.880939,35.731425],[139.880909,35.731443],[139.880677,35.731652],[139.880069,35.731894],[139.87984,35.731743],[139.879855,35.731644],[139.879794,35.731502],[139.8798,35.731459],[139.879841,35.731403],[139.879849,35.731353],[139.879832,35.731277],[139.879758,35.730947],[139.879754,35.730925],[139.879751,35.7309],[139.880234,35.730848],[139.880276,35.730862],[139.880306,35.730877],[139.88044,35.730868],[139.880694,35.730853],[139.880857,35.730859],[139.880933,35.73085],[139.881028,35.730821],[139.881319,35.73069],[139.881338,35.730688],[139.881402,35.730679],[139.881403,35.730748],[139.881406,35.73079],[139.881411,35.730828],[139.881419,35.730872],[139.881512,35.73124],[139.881528,35.731299]]]},"properties":{}},{"type":"Feature","geometry":{"type":"Polygon","coordinates":[[[139.881402,35.730679],[139.881483,35.730673],[139.881899,35.73064],[139.882115,35.730639],[139.882154,35.730634],[139.882199,35.73063],[139.88227,35.730659],[139.882368,35.730669],[139.882475,35.730671],[139.882646,35.730647],[139.882822,35.730625],[139.882926,35.730625],[139.883153,35.73064],[139.883398,35.730641],[139.883617,35.730622],[139.883544,35.730952],[139.88348,35.731241],[139.883167,35.731148],[139.882842,35.731051],[139.882745,35.731023],[139.882445,35.731012],[139.882198,35.731058],[139.881932,35.731109],[139.881584,35.731217],[139.881512,35.73124],[139.881419,35.730872],[139.881411,35.730828],[139.881406,35.73079],[139.881403,35.730748],[139.881402,35.730679]]]},"properties":{}},{"type":"Feature","geometry":{"type":"Polygon","coordinates":[[[139.881402,35.730679],[139.881345,35.730635],[139.881315,35.730611],[139.881131,35.730533],[139.880998,35.730507],[139.88067,35.73036],[139.880672,35.730074],[139.880644,35.729988],[139.880559,35.729807],[139.880573,35.729742],[139.88063,35.729698],[139.880899,35.729704],[139.880983,35.729722],[139.88101,35.729731],[139.881207,35.729794],[139.881301,35.729836],[139.881379,35.729861],[139.881458,35.729877],[139.881516,35.729883],[139.881438,35.730427],[139.881402,35.730679]]]},"properties":{}},{"type":"Feature","geometry":{"type":"Polygon","coordinates":[[[139.881516,35.729883],[139.881589,35.729886],[139.88194,35.729898],[139.882052,35.729889],[139.88206,35.730081],[139.882138,35.730417],[139.882154,35.730634],[139.882115,35.730639],[139.881899,35.73064],[139.881483,35.730673],[139.881402,35.730679],[139.881438,35.730427],[139.881516,35.729883]]]},"properties":{}},{"type":"Feature","geometry":{"type":"Polygon","coordinates":[[[139.881516,35.729883],[139.881458,35.729877],[139.881379,35.729861],[139.881301,35.729836],[139.881207,35.729794],[139.88101,35.729731],[139.880983,35.729722],[139.880899,35.729704],[139.88063,35.729698],[139.880639,35.729465],[139.880699,35.729338],[139.880889,35.728971],[139.881593,35.728927],[139.881654,35.728923],[139.881651,35.728941],[139.881516,35.729883]]]},"properties":{}},{"type":"Feature","geometry":{"type":"Polygon","coordinates":[[[139.881651,35.728941],[139.881722,35.728943],[139.882032,35.728949],[139.882053,35.729147],[139.882086,35.729304],[139.882112,35.729389],[139.882154,35.729527],[139.882171,35.729821],[139.882052,35.729889],[139.88194,35.729898],[139.881589,35.729886],[139.881516,35.729883],[139.881651,35.728941]]]},"properties":{}},{"type":"Feature","geometry":{"type":"Polygon","coordinates":[[[139.881654,35.728923],[139.881684,35.728699],[139.881703,35.728578],[139.881749,35.728317],[139.881779,35.728217],[139.88182,35.728087],[139.88189,35.728092],[139.882408,35.728208],[139.882447,35.728217],[139.882846,35.728271],[139.883131,35.728314],[139.883049,35.728613],[139.882937,35.728988],[139.882912,35.729053],[139.882825,35.729008],[139.882726,35.728982],[139.882032,35.728949],[139.881722,35.728943],[139.881651,35.728941],[139.881654,35.728923]]]},"properties":{}},{"type":"Feature","geometry":{"type":"Polygon","coordinates":[[[139.881654,35.728923],[139.881593,35.728927],[139.880889,35.728971],[139.880881,35.728881],[139.880875,35.728783],[139.880872,35.728631],[139.880881,35.728537],[139.880897,35.728436],[139.880906,35.728338],[139.880898,35.728075],[139.881271,35.728082],[139.881762,35.728087],[139.88182,35.728087],[139.881779,35.728217],[139.881749,35.728317],[139.881703,35.728578],[139.881684,35.728699],[139.881654,35.728923]]]},"properties":{}},{"type":"Feature","geometry":{"type":"Polygon","coordinates":[[[139.88182,35.728087],[139.881762,35.728087],[139.881271,35.728082],[139.880898,35.728075],[139.880576,35.728081],[139.880789,35.727717],[139.880946,35.72745],[139.88099,35.727361],[139.881038,35.727215],[139.881378,35.727265],[139.881425,35.727271],[139.882018,35.727348],[139.882084,35.727357],[139.88182,35.728087]]]},"properties":{}},{"type":"Feature","geometry":{"type":"Polygon","coordinates":[[[139.882084,35.727357],[139.882152,35.727361],[139.882725,35.727396],[139.882408,35.728208],[139.88189,35.728092],[139.88182,35.728087],[139.882084,35.727357]]]},"properties":{}},{"type":"Feature","geometry":{"type":"Polygon","coordinates":[[[139.882084,35.727357],[139.882018,35.727348],[139.881425,35.727271],[139.881378,35.727265],[139.881038,35.727215],[139.881196,35.72673],[139.881363,35.726215],[139.881675,35.726268],[139.881792,35.726288],[139.882009,35.726321],[139.882173,35.726394],[139.882342,35.726498],[139.882393,35.726529],[139.882361,35.726592],[139.882309,35.726726],[139.882084,35.727357]]]},"properties":{}},{"type":"Feature","geometry":{"type":"Polygon","coordinates":[[[139.882393,35.726529],[139.882578,35.726226],[139.882661,35.726111],[139.882702,35.726066],[139.882749,35.726022],[139.882864,35.725927],[139.882913,35.725964],[139.883126,35.726128],[139.883252,35.726224],[139.882982,35.726824],[139.882957,35.72688],[139.882725,35.727396],[139.882152,35.727361],[139.882084,35.727357],[139.882309,35.726726],[139.882361,35.726592],[139.882393,35.726529]]]},"properties":{}},{"type":"Feature","geometry":{"type":"Polygon","coordinates":[[[139.882393,35.726529],[139.882342,35.726498],[139.882173,35.726394],[139.882009,35.726321],[139.881792,35.726288],[139.881675,35.726268],[139.881363,35.726215],[139.881421,35.725796],[139.881485,35.725424],[139.88191,35.725565],[139.881968,35.725586],[139.882199,35.725669],[139.882615,35.725825],[139.882804,35.725896],[139.882816,35.725902],[139.882864,35.725927],[139.882749,35.726022],[139.882702,35.726066],[139.882661,35.726111],[139.882578,35.726226],[139.882393,35.726529]]]},"properties":{}},{"type":"Feature","geometry":{"type":"Polygon","coordinates":[[[139.882864,35.725927],[139.882816,35.725902],[139.882804,35.725896],[139.882615,35.725825],[139.882199,35.725669],[139.881968,35.725586],[139.88191,35.725565],[139.881485,35.725424],[139.881499,35.725146],[139.881461,35.725026],[139.881336,35.724636],[139.881577,35.724517],[139.881816,35.724338],[139.882102,35.724098],[139.882331,35.723934],[139.882397,35.723887],[139.882459,35.723944],[139.882531,35.724011],[139.882583,35.724061],[139.882704,35.724178],[139.883266,35.724723],[139.883709,35.725151],[139.883778,35.725217],[139.883715,35.725266],[139.883316,35.725573],[139.883183,35.725673],[139.883129,35.725716],[139.882864,35.725927]]]},"properties":{}},{"type":"Feature","geometry":{"type":"Polygon","coordinates":[[[139.883778,35.725217],[139.883843,35.725276],[139.884398,35.725783],[139.885011,35.72637],[139.884954,35.72641],[139.884513,35.726719],[139.884475,35.726755],[139.884424,35.726914],[139.883669,35.726544],[139.883612,35.726508],[139.883252,35.726224],[139.883126,35.726128],[139.882913,35.725964],[139.882864,35.725927],[139.883129,35.725716],[139.883183,35.725673],[139.883316,35.725573],[139.883715,35.725266],[139.883778,35.725217]]]},"properties":{}},{"type":"Feature","geometry":{"type":"Polygon","coordinates":[[[139.883778,35.725217],[139.883709,35.725151],[139.883266,35.724723],[139.883311,35.724696],[139.883758,35.724341],[139.884081,35.724612],[139.884309,35.724802],[139.883819,35.725185],[139.883778,35.725217]]]},"properties":{}},{"type":"Feature","geometry":{"type":"Polygon","coordinates":[[[139.884309,35.724802],[139.884904,35.725363],[139.884424,35.725761],[139.884398,35.725783],[139.883843,35.725276],[139.883778,35.725217],[139.883819,35.725185],[139.884309,35.724802]]]},"properties":{}},{"type":"Feature","geometry":{"type":"Polygon","coordinates":[[[139.884309,35.724802],[139.884081,35.724612],[139.883758,35.724341],[139.883814,35.724236],[139.883829,35.724208],[139.884622,35.724321],[139.884605,35.724346],[139.884309,35.724802]]]},"properties":{}},{"type":"Feature","geometry":{"type":"Polygon","coordinates":[[[139.884622,35.724321],[139.885589,35.72446],[139.885569,35.724485],[139.885311,35.724814],[139.885219,35.724931],[139.885104,35.725077],[139.884904,35.725363],[139.884309,35.724802],[139.884605,35.724346],[139.884622,35.724321]]]},"properties":{}},{"type":"Feature","geometry":{"type":"Polygon","coordinates":[[[139.884622,35.724321],[139.883829,35.724208],[139.884067,35.723633],[139.884201,35.72331],[139.884579,35.723502],[139.885019,35.723726],[139.884935,35.723852],[139.884848,35.723982],[139.884622,35.724321]]]},"properties":{}},{"type":"Feature","geometry":{"type":"Polygon","coordinates":[[[139.885019,35.723726],[139.885178,35.723482],[139.88602,35.723912],[139.885752,35.724253],[139.885589,35.72446],[139.884622,35.724321],[139.884848,35.723982],[139.884935,35.723852],[139.885019,35.723726]]]},"properties":{}},{"type":"Feature","geometry":{"type":"Polygon","coordinates":[[[139.885019,35.723726],[139.884579,35.723502],[139.884201,35.72331],[139.884696,35.722673],[139.884958,35.722338],[139.885688,35.722718],[139.885363,35.723204],[139.885178,35.723482],[139.885019,35.723726]]]},"properties":{}},{"type":"Feature","geometry":{"type":"Polygon","coordinates":[[[139.885688,35.722718],[139.885726,35.722677],[139.886045,35.723035],[139.886108,35.723124],[139.886134,35.72316],[139.88635,35.723466],[139.886225,35.723635],[139.88602,35.723912],[139.885178,35.723482],[139.885363,35.723204],[139.885688,35.722718]]]},"properties":{}},{"type":"Feature","geometry":{"type":"Polygon","coordinates":[[[139.885688,35.722718],[139.884958,35.722338],[139.885151,35.722084],[139.88532,35.721864],[139.885496,35.721632],[139.886108,35.721954],[139.886307,35.722056],[139.886101,35.722277],[139.886013,35.72237],[139.885758,35.722643],[139.885726,35.722677],[139.885688,35.722718]]]},"properties":{}},{"type":"Feature","geometry":{"type":"Polygon","coordinates":[[[139.886307,35.722056],[139.887135,35.722479],[139.886826,35.722869],[139.886655,35.723084],[139.886594,35.723162],[139.88635,35.723466],[139.886134,35.72316],[139.886108,35.723124],[139.886045,35.723035],[139.885726,35.722677],[139.885758,35.722643],[139.886013,35.72237],[139.886101,35.722277],[139.886307,35.722056]]]},"properties":{}},{"type":"Feature","geometry":{"type":"Polygon","coordinates":[[[139.886934,35.721385],[139.887083,35.721224],[139.887168,35.721331],[139.887338,35.721447],[139.887474,35.721506],[139.887673,35.721536],[139.887818,35.721576],[139.887552,35.721912],[139.88738,35.722131],[139.887135,35.722479],[139.886307,35.722056],[139.886615,35.721731],[139.886934,35.721385]]]},"properties":{}},{"type":"Feature","geometry":{"type":"Polygon","coordinates":[[[139.886934,35.721385],[139.88666,35.721246],[139.886034,35.720937],[139.886414,35.720447],[139.886592,35.720377],[139.886675,35.720677],[139.886713,35.720728],[139.886864,35.720876],[139.886988,35.721101],[139.887083,35.721224],[139.886934,35.721385]]]},"properties":{}},{"type":"Feature","geometry":{"type":"Polygon","coordinates":[[[139.887083,35.721224],[139.886988,35.721101],[139.886864,35.720876],[139.886713,35.720728],[139.886675,35.720677],[139.886534,35.720211],[139.88726,35.719919],[139.887385,35.720103],[139.887606,35.720346],[139.887764,35.720496],[139.887083,35.721224]]]},"properties":{}},{"type":"Feature","geometry":{"type":"Polygon","coordinates":[[[139.887764,35.720496],[139.888172,35.7207],[139.888402,35.720814],[139.888118,35.721184],[139.887971,35.721375],[139.887818,35.721576],[139.887673,35.721536],[139.887474,35.721506],[139.887338,35.721447],[139.887168,35.721331],[139.887083,35.721224],[139.887764,35.720496]]]},"properties":{}},{"type":"Feature","geometry":{"type":"Polygon","coordinates":[[[139.887764,35.720496],[139.887606,35.720346],[139.887385,35.720103],[139.887361,35.720072],[139.887283,35.719945],[139.887267,35.719915],[139.887552,35.719796],[139.887883,35.719668],[139.88796,35.719638],[139.888067,35.719602],[139.888512,35.719432],[139.88859,35.719594],[139.888485,35.719723],[139.888218,35.720009],[139.888069,35.720169],[139.887764,35.720496]]]},"properties":{}},{"type":"Feature","geometry":{"type":"Polygon","coordinates":[[[139.888485,35.719723],[139.888714,35.719839],[139.888948,35.719957],[139.889031,35.719999],[139.888576,35.720589],[139.888402,35.720814],[139.888172,35.7207],[139.887764,35.720496],[139.888069,35.720169],[139.888218,35.720009],[139.888485,35.719723]]]},"properties":{}},{"type":"Feature","geometry":{"type":"Polygon","coordinates":[[[139.875102,35.737291],[139.875158,35.737262],[139.875682,35.737174],[139.875714,35.737153],[139.875679,35.737348],[139.875651,35.737551],[139.875627,35.737583],[139.875144,35.73732],[139.875102,35.737291]]]},"properties":{}},{"type":"Feature","geometry":{"type":"Polygon","coordinates":[[[139.875627,35.737583],[139.875545,35.737685],[139.875328,35.737949],[139.874606,35.73756],[139.875102,35.737291],[139.875144,35.73732],[139.875627,35.737583]]]},"properties":{}},{"type":"Feature","geometry":{"type":"Polygon","coordinates":[[[139.875627,35.737583],[139.875651,35.737551],[139.875679,35.737348],[139.875714,35.737153],[139.875746,35.73713],[139.876117,35.737049],[139.876481,35.736971],[139.87654,35.737347],[139.876123,35.737855],[139.875923,35.737746],[139.875689,35.737618],[139.875627,35.737583]]]},"properties":{}},{"type":"Feature","geometry":{"type":"Polygon","coordinates":[[[139.875923,35.737746],[139.875618,35.738109],[139.875328,35.737949],[139.875545,35.737685],[139.875627,35.737583],[139.875689,35.737618],[139.875923,35.737746]]]},"properties":{}},{"type":"Feature","geometry":{"type":"Polygon","coordinates":[[[139.876123,35.737855],[139.876238,35.73792],[139.875929,35.738281],[139.875618,35.738109],[139.875923,35.737746],[139.876123,35.737855]]]},"properties":{}},{"type":"Feature","geometry":{"type":"Polygon","coordinates":[[[139.876123,35.737855],[139.87654,35.737347],[139.876481,35.736971],[139.876666,35.736932],[139.876681,35.737021],[139.877144,35.737162],[139.876868,35.737755],[139.876841,35.73779],[139.876614,35.738061],[139.876579,35.738092],[139.876531,35.738079],[139.876238,35.73792],[139.876123,35.737855]]]},"properties":{}},{"type":"Feature","geometry":{"type":"Polygon","coordinates":[[[139.876579,35.738092],[139.876311,35.738416],[139.87627,35.738466],[139.875929,35.738281],[139.876238,35.73792],[139.876531,35.738079],[139.876579,35.738092]]]},"properties":{}},{"type":"Feature","geometry":{"type":"Polygon","coordinates":[[[139.876579,35.738092],[139.876614,35.738061],[139.876841,35.73779],[139.876868,35.737755],[139.877144,35.737162],[139.877652,35.737318],[139.877781,35.737356],[139.87816,35.737471],[139.877991,35.737847],[139.877627,35.737741],[139.877489,35.738054],[139.877843,35.738164],[139.877818,35.738218],[139.877716,35.738438],[139.877419,35.738353],[139.877218,35.738292],[139.877069,35.738246],[139.876896,35.738193],[139.87688,35.738188],[139.876866,35.738175],[139.876641,35.738108],[139.876579,35.738092]]]},"properties":{}},{"type":"Feature","geometry":{"type":"Polygon","coordinates":[[[139.877716,35.738438],[139.877818,35.738218],[139.878275,35.738355],[139.878177,35.738576],[139.877716,35.738438]]]},"properties":{}},{"type":"Feature","geometry":{"type":"Polygon","coordinates":[[[139.878177,35.738576],[139.878275,35.738355],[139.877818,35.738218],[139.877843,35.738164],[139.877904,35.738032],[139.878215,35.738121],[139.878242,35.738059],[139.878904,35.738265],[139.878949,35.73827],[139.878739,35.738745],[139.878698,35.738733],[139.878177,35.738576]]]},"properties":{}},{"type":"Feature","geometry":{"type":"Polygon","coordinates":[[[139.878739,35.738745],[139.878949,35.73827],[139.879052,35.738047],[139.879178,35.737777],[139.879734,35.737946],[139.8802,35.73808],[139.880153,35.73818],[139.880025,35.738454],[139.879922,35.738687],[139.879751,35.739054],[139.879447,35.73896],[139.878739,35.738745]]]},"properties":{}},{"type":"Feature","geometry":{"type":"Polygon","coordinates":[[[139.879751,35.739054],[139.879922,35.738687],[139.880025,35.738454],[139.880153,35.73818],[139.8802,35.73808],[139.880774,35.738255],[139.881099,35.738355],[139.881354,35.738429],[139.881335,35.738472],[139.881284,35.738596],[139.881215,35.738743],[139.881143,35.738898],[139.880889,35.739392],[139.880762,35.739356],[139.880334,35.739232],[139.879751,35.739054]]]},"properties":{}},{"type":"Feature","geometry":{"type":"Polygon","coordinates":[[[139.880889,35.739392],[139.881143,35.738898],[139.881215,35.738743],[139.881284,35.738596],[139.881335,35.738472],[139.881354,35.738429],[139.881687,35.73853],[139.882123,35.738662],[139.881935,35.739079],[139.881683,35.739636],[139.880889,35.739392]]]},"properties":{}},{"type":"Feature","geometry":{"type":"Polygon","coordinates":[[[139.881683,35.739636],[139.881935,35.739079],[139.882123,35.738662],[139.882161,35.738674],[139.882684,35.738831],[139.883136,35.738967],[139.882699,35.739939],[139.881722,35.739648],[139.881683,35.739636]]]},"properties":{}},{"type":"Feature","geometry":{"type":"Polygon","coordinates":[[[139.882699,35.739939],[139.883136,35.738967],[139.883481,35.739078],[139.883523,35.73909],[139.883112,35.740066],[139.883067,35.740052],[139.882699,35.739939]]]},"properties":{}},{"type":"Feature","geometry":{"type":"Polygon","coordinates":[[[139.892685,35.737071],[139.892672,35.737513],[139.892677,35.737604],[139.892681,35.737724],[139.892018,35.737753],[139.891708,35.737766],[139.891176,35.73779],[139.891135,35.737198],[139.891918,35.737129],[139.892685,35.737071]]]},"properties":{}},{"type":"Feature","geometry":{"type":"Polygon","coordinates":[[[139.891918,35.737129],[139.891865,35.736831],[139.891854,35.736806],[139.891827,35.736748],[139.892764,35.736449],[139.892747,35.736528],[139.892685,35.737071],[139.891918,35.737129]]]},"properties":{}},{"type":"Feature","geometry":{"type":"Polygon","coordinates":[[[139.891135,35.737198],[139.891131,35.737155],[139.891111,35.737076],[139.891075,35.736991],[139.891827,35.736748],[139.891854,35.736806],[139.891865,35.736831],[139.891918,35.737129],[139.891135,35.737198]]]},"properties":{}},{"type":"Feature","geometry":{"type":"Polygon","coordinates":[[[139.889626,35.73744],[139.889787,35.7374],[139.889907,35.737362],[139.890098,35.737302],[139.890341,35.737226],[139.890373,35.737304],[139.890413,35.737825],[139.88966,35.737863],[139.889639,35.737578],[139.889626,35.73744]]]},"properties":{}},{"type":"Feature","geometry":{"type":"Polygon","coordinates":[[[139.88966,35.737863],[139.888928,35.737912],[139.888903,35.737563],[139.888902,35.737496],[139.888904,35.737435],[139.889041,35.737454],[139.889188,35.737468],[139.889317,35.73747],[139.889456,35.737466],[139.889626,35.73744],[139.889639,35.737578],[139.88966,35.737863]]]},"properties":{}},{"type":"Feature","geometry":{"type":"Polygon","coordinates":[[[139.883598,35.733205],[139.883538,35.733202],[139.883227,35.733187],[139.883237,35.733153],[139.883293,35.732959],[139.883426,35.732566],[139.883848,35.732653],[139.883885,35.732661],[139.883598,35.733205]]]},"properties":{}},{"type":"Feature","geometry":{"type":"Polygon","coordinates":[[[139.883885,35.732661],[139.883939,35.732671],[139.884362,35.732756],[139.884268,35.73314],[139.884259,35.733175],[139.883919,35.733203],[139.883844,35.733204],[139.883667,35.733205],[139.883598,35.733205],[139.883885,35.732661]]]},"properties":{}},{"type":"Feature","geometry":{"type":"Polygon","coordinates":[[[139.883885,35.732661],[139.883848,35.732653],[139.883426,35.732566],[139.883583,35.732102],[139.883676,35.732091],[139.884097,35.732054],[139.884059,35.732263],[139.883996,35.732422],[139.883986,35.732449],[139.883953,35.732531],[139.883885,35.732661]]]},"properties":{}},{"type":"Feature","geometry":{"type":"Polygon","coordinates":[[[139.884097,35.732054],[139.884152,35.732045],[139.884513,35.731982],[139.884577,35.731984],[139.884718,35.731999],[139.884775,35.732022],[139.884814,35.732059],[139.884859,35.73218],[139.884869,35.73219],[139.884907,35.732201],[139.88494,35.732198],[139.885037,35.732135],[139.885123,35.73207],[139.884896,35.732565],[139.884875,35.73283],[139.884816,35.732835],[139.884753,35.732827],[139.884362,35.732756],[139.883939,35.732671],[139.883885,35.732661],[139.883953,35.732531],[139.883986,35.732449],[139.883996,35.732422],[139.884059,35.732263],[139.884097,35.732054]]]},"properties":{}},{"type":"Feature","geometry":{"type":"Polygon","coordinates":[[[139.884495,35.731248],[139.885166,35.730776],[139.885196,35.730781],[139.885487,35.730831],[139.885686,35.73095],[139.885739,35.730992],[139.88589,35.731072],[139.885962,35.731096],[139.886042,35.731111],[139.886068,35.731122],[139.886091,35.731131],[139.886126,35.731114],[139.88655,35.731179],[139.8866,35.731179],[139.886652,35.73118],[139.886487,35.731617],[139.88642,35.731793],[139.886286,35.732154],[139.88623,35.73216],[139.886028,35.732182],[139.885785,35.732217],[139.885797,35.732385],[139.885624,35.73238],[139.885541,35.732363],[139.885438,35.732335],[139.885415,35.732324],[139.885405,35.732304],[139.885397,35.732266],[139.885381,35.732242],[139.885296,35.732176],[139.885123,35.73207],[139.885037,35.732135],[139.88494,35.732198],[139.884907,35.732201],[139.884869,35.73219],[139.884859,35.73218],[139.884814,35.732059],[139.884775,35.732022],[139.884718,35.731999],[139.884577,35.731984],[139.884513,35.731982],[139.884152,35.732045],[139.884097,35.732054],[139.884112,35.732013],[139.88437,35.731501],[139.884442,35.73136],[139.884495,35.731248]]]},"properties":{}},{"type":"Feature","geometry":{"type":"Polygon","coordinates":[[[139.884495,35.731248],[139.88411,35.731519],[139.883964,35.731373],[139.88348,35.731241],[139.883544,35.730952],[139.884084,35.731041],[139.88422,35.730997],[139.884572,35.731094],[139.884495,35.731248]]]},"properties":{}},{"type":"Feature","geometry":{"type":"Polygon","coordinates":[[[139.884572,35.731094],[139.884693,35.730842],[139.884786,35.730802],[139.884949,35.73077],[139.885033,35.730764],[139.88511,35.730768],[139.885166,35.730776],[139.884495,35.731248],[139.884572,35.731094]]]},"properties":{}},{"type":"Feature","geometry":{"type":"Polygon","coordinates":[[[139.884572,35.731094],[139.88422,35.730997],[139.884084,35.731041],[139.883544,35.730952],[139.883617,35.730622],[139.883755,35.730606],[139.884203,35.730701],[139.884693,35.730842],[139.884572,35.731094]]]},"properties":{}},{"type":"Feature","geometry":{"type":"Polygon","coordinates":[[[139.884693,35.730842],[139.884203,35.730701],[139.884396,35.730022],[139.884265,35.729688],[139.884207,35.729526],[139.884277,35.729375],[139.885318,35.72961],[139.885171,35.729891],[139.885067,35.730144],[139.884813,35.730589],[139.884693,35.730842]]]},"properties":{}},{"type":"Feature","geometry":{"type":"Polygon","coordinates":[[[139.885318,35.72961],[139.885406,35.729459],[139.885445,35.729377],[139.885935,35.729494],[139.886278,35.729548],[139.886402,35.729556],[139.886592,35.72959],[139.886716,35.729718],[139.886286,35.73],[139.885912,35.73025],[139.885335,35.730647],[139.885166,35.730776],[139.88511,35.730768],[139.885033,35.730764],[139.884949,35.73077],[139.884786,35.730802],[139.884693,35.730842],[139.884813,35.730589],[139.885067,35.730144],[139.885171,35.729891],[139.885318,35.72961]]]},"properties":{}},{"type":"Feature","geometry":{"type":"Polygon","coordinates":[[[139.885318,35.72961],[139.884277,35.729375],[139.884328,35.729215],[139.884402,35.728863],[139.884491,35.728817],[139.88487,35.728616],[139.885073,35.728691],[139.885425,35.72882],[139.885704,35.728919],[139.88556,35.729149],[139.885533,35.729194],[139.885445,35.729377],[139.885406,35.729459],[139.885318,35.72961]]]},"properties":{}},{"type":"Feature","geometry":{"type":"Polygon","coordinates":[[[139.88556,35.729149],[139.885704,35.728919],[139.88588,35.728672],[139.88607,35.728243],[139.886232,35.728385],[139.886355,35.728484],[139.886644,35.72872],[139.887294,35.729334],[139.887085,35.729471],[139.886716,35.729718],[139.886592,35.72959],[139.886402,35.729556],[139.886278,35.729548],[139.885935,35.729494],[139.885445,35.729377],[139.885533,35.729194],[139.88556,35.729149]]]},"properties":{}},{"type":"Feature","geometry":{"type":"Polygon","coordinates":[[[139.885704,35.728919],[139.885425,35.72882],[139.885073,35.728691],[139.88487,35.728616],[139.885097,35.72849],[139.88523,35.728348],[139.885333,35.728262],[139.885637,35.727995],[139.885744,35.728],[139.88584,35.727991],[139.885861,35.728009],[139.886075,35.728219],[139.88607,35.728243],[139.88588,35.728672],[139.885704,35.728919]]]},"properties":{}},{"type":"Feature","geometry":{"type":"Polygon","coordinates":[[[139.886075,35.728219],[139.886164,35.728007],[139.886324,35.727718],[139.886351,35.727671],[139.886421,35.727733],[139.886553,35.72789],[139.886765,35.728072],[139.887088,35.728384],[139.887391,35.728634],[139.887414,35.728655],[139.887555,35.728793],[139.88752,35.728878],[139.887368,35.729274],[139.887294,35.729334],[139.886644,35.72872],[139.886355,35.728484],[139.886232,35.728385],[139.88607,35.728243],[139.886075,35.728219]]]},"properties":{}},{"type":"Feature","geometry":{"type":"Polygon","coordinates":[[[139.886075,35.728219],[139.885861,35.728009],[139.885886,35.727989],[139.886273,35.727683],[139.886287,35.72768],[139.886351,35.727671],[139.886324,35.727718],[139.886164,35.728007],[139.886075,35.728219]]]},"properties":{}},{"type":"Feature","geometry":{"type":"Polygon","coordinates":[[[139.885912,35.73025],[139.885939,35.730268],[139.885982,35.730298],[139.886218,35.730395],[139.886501,35.730499],[139.886707,35.730473],[139.886759,35.730474],[139.886859,35.730495],[139.886902,35.730504],[139.886888,35.730543],[139.886652,35.73118],[139.8866,35.731179],[139.88655,35.731179],[139.886126,35.731114],[139.886091,35.731131],[139.886068,35.731122],[139.886042,35.731111],[139.885962,35.731096],[139.88589,35.731072],[139.885739,35.730992],[139.885686,35.73095],[139.885487,35.730831],[139.885196,35.730781],[139.885166,35.730776],[139.885335,35.730647],[139.885912,35.73025]]]},"properties":{}},{"type":"Feature","geometry":{"type":"Polygon","coordinates":[[[139.886716,35.729718],[139.887085,35.729471],[139.887294,35.729334],[139.887368,35.729274],[139.887331,35.729359],[139.886987,35.730289],[139.886915,35.730474],[139.886902,35.730504],[139.886859,35.730495],[139.886759,35.730474],[139.886707,35.730473],[139.886501,35.730499],[139.886218,35.730395],[139.885982,35.730298],[139.885939,35.730268],[139.885912,35.73025],[139.886286,35.73],[139.886716,35.729718]]]},"properties":{}},{"type":"Feature","geometry":{"type":"Polygon","coordinates":[[[139.88777,35.728995],[139.887819,35.72904],[139.88806,35.729272],[139.88809,35.729299],[139.888711,35.729884],[139.888658,35.72992],[139.888191,35.730239],[139.887615,35.730642],[139.887287,35.730581],[139.887036,35.730536],[139.8868,35.731335],[139.886792,35.731361],[139.886745,35.731454],[139.886703,35.731596],[139.886609,35.731913],[139.886474,35.732296],[139.886451,35.732442],[139.886442,35.732484],[139.886276,35.732953],[139.886263,35.733007],[139.886162,35.733415],[139.886153,35.733451],[139.885893,35.733428],[139.8858,35.73342],[139.885831,35.733346],[139.885837,35.73333],[139.886006,35.732879],[139.886187,35.732414],[139.886286,35.732154],[139.88642,35.731793],[139.886487,35.731617],[139.886652,35.73118],[139.886888,35.730543],[139.886902,35.730504],[139.886915,35.730474],[139.886987,35.730289],[139.887331,35.729359],[139.887368,35.729274],[139.887442,35.729213],[139.887722,35.729028],[139.88777,35.728995]]]},"properties":{}},{"type":"Feature","geometry":{"type":"Polygon","coordinates":[[[139.882289,35.733077],[139.882228,35.733077],[139.882186,35.733072],[139.882152,35.73306],[139.882119,35.733045],[139.882013,35.732976],[139.881894,35.732893],[139.88184,35.732854],[139.881796,35.732824],[139.881753,35.732794],[139.881707,35.732762],[139.88169,35.73274],[139.88168,35.732712],[139.88168,35.732676],[139.881705,35.732588],[139.881744,35.732547],[139.881785,35.732526],[139.881812,35.73252],[139.88186,35.732521],[139.881909,35.732532],[139.882016,35.732614],[139.882062,35.732649],[139.882129,35.732711],[139.882212,35.732799],[139.882233,35.73283],[139.882238,35.732862],[139.882232,35.732903],[139.882214,35.732942],[139.882208,35.732968],[139.882206,35.732996],[139.882217,35.733024],[139.882243,35.733053],[139.882289,35.733077]]]},"properties":{}},{"type":"Feature","geometry":{"type":"Polygon","coordinates":[[[139.882232,35.732903],[139.882332,35.73283],[139.882573,35.732651],[139.882859,35.732439],[139.883426,35.732566],[139.883293,35.732959],[139.883237,35.733153],[139.883227,35.733187],[139.882951,35.733175],[139.882289,35.733077],[139.882243,35.733053],[139.882217,35.733024],[139.882206,35.732996],[139.882208,35.732968],[139.882214,35.732942],[139.882232,35.732903]]]},"properties":{}},{"type":"Feature","geometry":{"type":"Polygon","coordinates":[[[139.882052,35.729889],[139.882171,35.729821],[139.8822,35.729813],[139.882608,35.729847],[139.882779,35.729856],[139.88283,35.729859],[139.882794,35.730165],[139.882646,35.730647],[139.882475,35.730671],[139.882368,35.730669],[139.88227,35.730659],[139.882199,35.73063],[139.882154,35.730634],[139.882138,35.730417],[139.88206,35.730081],[139.882052,35.729889]]]},"properties":{}},{"type":"Feature","geometry":{"type":"Polygon","coordinates":[[[139.882171,35.729821],[139.882154,35.729527],[139.882112,35.729389],[139.882086,35.729304],[139.882053,35.729147],[139.882032,35.728949],[139.882726,35.728982],[139.882825,35.729008],[139.882912,35.729053],[139.882814,35.729267],[139.882774,35.729475],[139.882752,35.729587],[139.882743,35.729686],[139.882779,35.729856],[139.882608,35.729847],[139.8822,35.729813],[139.882171,35.729821]]]},"properties":{}},{"type":"Feature","geometry":{"type":"Polygon","coordinates":[[[139.882779,35.729856],[139.882743,35.729686],[139.882752,35.729587],[139.882774,35.729475],[139.882814,35.729267],[139.882912,35.729053],[139.883193,35.72912],[139.883235,35.72913],[139.88378,35.729259],[139.883757,35.729378],[139.883741,35.729459],[139.883718,35.729707],[139.883374,35.729716],[139.883252,35.72974],[139.883118,35.729785],[139.882978,35.729833],[139.88283,35.729859],[139.882779,35.729856]]]},"properties":{}},{"type":"Feature","geometry":{"type":"Polygon","coordinates":[[[139.883718,35.729707],[139.88378,35.729705],[139.883761,35.729888],[139.883732,35.730066],[139.883617,35.730622],[139.883398,35.730641],[139.883153,35.73064],[139.882926,35.730625],[139.882822,35.730625],[139.882646,35.730647],[139.882794,35.730165],[139.88283,35.729859],[139.882978,35.729833],[139.883118,35.729785],[139.883252,35.72974],[139.883374,35.729716],[139.883718,35.729707]]]},"properties":{}},{"type":"Feature","geometry":{"type":"Polygon","coordinates":[[[139.883718,35.729707],[139.883741,35.729459],[139.883757,35.729378],[139.88378,35.729259],[139.884001,35.729306],[139.884277,35.729375],[139.884207,35.729526],[139.884134,35.72958],[139.883799,35.729686],[139.88378,35.729705],[139.883718,35.729707]]]},"properties":{}},{"type":"Feature","geometry":{"type":"Polygon","coordinates":[[[139.884207,35.729526],[139.884265,35.729688],[139.884396,35.730022],[139.884203,35.730701],[139.883755,35.730606],[139.883617,35.730622],[139.883732,35.730066],[139.883761,35.729888],[139.88378,35.729705],[139.883799,35.729686],[139.884134,35.72958],[139.884207,35.729526]]]},"properties":{}},{"type":"Feature","geometry":{"type":"Polygon","coordinates":[[[139.884277,35.729375],[139.884001,35.729306],[139.88378,35.729259],[139.883863,35.728936],[139.883907,35.728749],[139.883923,35.728708],[139.884139,35.728778],[139.884402,35.728863],[139.884328,35.729215],[139.884277,35.729375]]]},"properties":{}},{"type":"Feature","geometry":{"type":"Polygon","coordinates":[[[139.884402,35.728863],[139.884139,35.728778],[139.883923,35.728708],[139.883994,35.728415],[139.88487,35.728616],[139.884491,35.728817],[139.884402,35.728863]]]},"properties":{}},{"type":"Feature","geometry":{"type":"Polygon","coordinates":[[[139.88487,35.728616],[139.883994,35.728415],[139.884051,35.728212],[139.884132,35.727874],[139.884224,35.727481],[139.884655,35.727478],[139.884908,35.72748],[139.884992,35.727513],[139.885528,35.727726],[139.885563,35.727748],[139.88584,35.727991],[139.885744,35.728],[139.885637,35.727995],[139.885333,35.728262],[139.88523,35.728348],[139.885097,35.72849],[139.88487,35.728616]]]},"properties":{}},{"type":"Feature","geometry":{"type":"Polygon","coordinates":[[[139.881402,35.730679],[139.881338,35.730688],[139.881319,35.73069],[139.881028,35.730821],[139.880933,35.73085],[139.880857,35.730859],[139.880694,35.730853],[139.88044,35.730868],[139.880306,35.730877],[139.880276,35.730862],[139.880285,35.730806],[139.880317,35.730609],[139.880377,35.730532],[139.880575,35.730463],[139.88067,35.73036],[139.880998,35.730507],[139.881131,35.730533],[139.881315,35.730611],[139.881345,35.730635],[139.881402,35.730679]]]},"properties":{}},{"type":"Feature","geometry":{"type":"Polygon","coordinates":[[[139.879669,35.730585],[139.880048,35.73057],[139.880145,35.730584],[139.880317,35.730609],[139.880285,35.730806],[139.880276,35.730862],[139.880234,35.730848],[139.879751,35.7309],[139.879694,35.730769],[139.879669,35.730585]]]},"properties":{}},{"type":"Feature","geometry":{"type":"Polygon","coordinates":[[[139.879751,35.7309],[139.879754,35.730925],[139.879758,35.730947],[139.879627,35.730959],[139.879309,35.731057],[139.879016,35.731169],[139.879312,35.731379],[139.879752,35.731682],[139.879712,35.731718],[139.87964,35.731668],[139.878849,35.731124],[139.878077,35.730582],[139.877914,35.730466],[139.877918,35.730377],[139.877983,35.7304],[139.878196,35.730421],[139.878212,35.730403],[139.878246,35.730331],[139.878231,35.730251],[139.878236,35.730233],[139.878373,35.730202],[139.878631,35.730081],[139.878818,35.730023],[139.878873,35.730006],[139.878912,35.729992],[139.879,35.729946],[139.879061,35.729923],[139.879394,35.729819],[139.879535,35.729745],[139.87966,35.729676],[139.879669,35.730585],[139.879694,35.730769],[139.879751,35.7309]]]},"properties":{}},{"type":"Feature","geometry":{"type":"Polygon","coordinates":[[[139.87984,35.731743],[139.879752,35.731682],[139.879312,35.731379],[139.879016,35.731169],[139.879309,35.731057],[139.879627,35.730959],[139.879758,35.730947],[139.879832,35.731277],[139.879849,35.731353],[139.879841,35.731403],[139.8798,35.731459],[139.879794,35.731502],[139.879855,35.731644],[139.87984,35.731743]]]},"properties":{}},{"type":"Feature","geometry":{"type":"Polygon","coordinates":[[[139.893211,35.734955],[139.893183,35.735065],[139.892946,35.735168],[139.892483,35.735343],[139.892029,35.735497],[139.891531,35.735628],[139.891011,35.73574],[139.890955,35.73575],[139.89094,35.735695],[139.891286,35.735626],[139.891333,35.735314],[139.892036,35.735383],[139.892152,35.735394],[139.892427,35.735308],[139.892651,35.735224],[139.892698,35.734888],[139.893211,35.734955]]]},"properties":{}},{"type":"Feature","geometry":{"type":"Polygon","coordinates":[[[139.892698,35.734888],[139.892762,35.73451],[139.893234,35.734552],[139.893302,35.734559],[139.893211,35.734955],[139.892698,35.734888]]]},"properties":{}},{"type":"Feature","geometry":{"type":"Polygon","coordinates":[[[139.892698,35.734888],[139.892651,35.735224],[139.892427,35.735308],[139.892152,35.735394],[139.892036,35.735383],[139.891333,35.735314],[139.89141,35.734764],[139.891794,35.734799],[139.892698,35.734888]]]},"properties":{}},{"type":"Feature","geometry":{"type":"Polygon","coordinates":[[[139.89141,35.734764],[139.891462,35.734396],[139.892762,35.73451],[139.892698,35.734888],[139.891794,35.734799],[139.89141,35.734764]]]},"properties":{}},{"type":"Feature","geometry":{"type":"Polygon","coordinates":[[[139.89141,35.734764],[139.891333,35.735314],[139.891302,35.735312],[139.890577,35.735247],[139.890654,35.73469],[139.891371,35.73476],[139.89141,35.734764]]]},"properties":{}},{"type":"Feature","geometry":{"type":"Polygon","coordinates":[[[139.890654,35.73469],[139.890712,35.734318],[139.891422,35.734392],[139.891462,35.734396],[139.89141,35.734764],[139.891371,35.73476],[139.890654,35.73469]]]},"properties":{}},{"type":"Feature","geometry":{"type":"Polygon","coordinates":[[[139.890654,35.73469],[139.890577,35.735247],[139.889774,35.735165],[139.889809,35.734855],[139.889811,35.734609],[139.890654,35.73469]]]},"properties":{}},{"type":"Feature","geometry":{"type":"Polygon","coordinates":[[[139.889811,35.734609],[139.889836,35.734232],[139.890712,35.734318],[139.890654,35.73469],[139.889811,35.734609]]]},"properties":{}},{"type":"Feature","geometry":{"type":"Polygon","coordinates":[[[139.889811,35.734609],[139.889809,35.734855],[139.889774,35.735165],[139.889233,35.735125],[139.88927,35.734779],[139.889314,35.734564],[139.889811,35.734609]]]},"properties":{}},{"type":"Feature","geometry":{"type":"Polygon","coordinates":[[[139.889314,35.734564],[139.889377,35.73422],[139.889362,35.734184],[139.889836,35.734232],[139.889811,35.734609],[139.889314,35.734564]]]},"properties":{}},{"type":"Feature","geometry":{"type":"Polygon","coordinates":[[[139.884027,35.734545],[139.883994,35.734525],[139.883738,35.734372],[139.883755,35.734144],[139.884018,35.734096],[139.884453,35.734017],[139.884513,35.734016],[139.884027,35.734545]]]},"properties":{}},{"type":"Feature","geometry":{"type":"Polygon","coordinates":[[[139.884513,35.734016],[139.884854,35.734095],[139.885029,35.734154],[139.88517,35.734181],[139.885437,35.734218],[139.8855,35.734227],[139.885302,35.734742],[139.885203,35.734742],[139.884908,35.734734],[139.884713,35.734657],[139.884532,35.734811],[139.884027,35.734545],[139.884513,35.734016]]]},"properties":{}},{"type":"Feature","geometry":{"type":"Polygon","coordinates":[[[139.884513,35.734016],[139.884453,35.734017],[139.884018,35.734096],[139.88425,35.733211],[139.884259,35.733175],[139.88441,35.733164],[139.884569,35.733164],[139.884738,35.733177],[139.884858,35.733194],[139.884857,35.73323],[139.884852,35.733472],[139.884827,35.73357],[139.884513,35.734016]]]},"properties":{}},{"type":"Feature","geometry":{"type":"Polygon","coordinates":[[[139.884858,35.733194],[139.884931,35.733205],[139.885073,35.733232],[139.885254,35.73328],[139.885708,35.733398],[139.885714,35.733399],[139.8858,35.73342],[139.885774,35.73349],[139.885649,35.733826],[139.88554,35.734108],[139.8855,35.734227],[139.885437,35.734218],[139.88517,35.734181],[139.885029,35.734154],[139.884854,35.734095],[139.884513,35.734016],[139.884827,35.73357],[139.884852,35.733472],[139.884857,35.73323],[139.884858,35.733194]]]},"properties":{}},{"type":"Feature","geometry":{"type":"Polygon","coordinates":[[[139.884027,35.734545],[139.884005,35.734583],[139.883781,35.734451],[139.883155,35.734037],[139.88318,35.733984],[139.883203,35.733935],[139.883231,35.733963],[139.883237,35.733969],[139.883755,35.734144],[139.883738,35.734372],[139.883994,35.734525],[139.884027,35.734545]]]},"properties":{}},{"type":"Feature","geometry":{"type":"Polygon","coordinates":[[[139.884858,35.733194],[139.88486,35.733158],[139.884875,35.73283],[139.884907,35.732824],[139.885222,35.7329],[139.885693,35.732918],[139.885742,35.733003],[139.885746,35.733068],[139.885702,35.73316],[139.885703,35.733189],[139.885721,35.733263],[139.885798,35.733307],[139.885837,35.73333],[139.885831,35.733346],[139.8858,35.73342],[139.885714,35.733399],[139.885708,35.733398],[139.885254,35.73328],[139.885073,35.733232],[139.884931,35.733205],[139.884858,35.733194]]]},"properties":{}},{"type":"Feature","geometry":{"type":"Polygon","coordinates":[[[139.884259,35.733175],[139.884268,35.73314],[139.884362,35.732756],[139.884753,35.732827],[139.884816,35.732835],[139.884875,35.73283],[139.88486,35.733158],[139.884858,35.733194],[139.884738,35.733177],[139.884569,35.733164],[139.88441,35.733164],[139.884259,35.733175]]]},"properties":{}},{"type":"Feature","geometry":{"type":"Polygon","coordinates":[[[139.884259,35.733175],[139.88425,35.733211],[139.884018,35.734096],[139.883755,35.734144],[139.883237,35.733969],[139.883231,35.733963],[139.883203,35.733935],[139.883229,35.73389],[139.883373,35.733647],[139.883455,35.733484],[139.883598,35.733205],[139.883667,35.733205],[139.883844,35.733204],[139.883919,35.733203],[139.884259,35.733175]]]},"properties":{}},{"type":"Feature","geometry":{"type":"Polygon","coordinates":[[[139.883598,35.733205],[139.883455,35.733484],[139.883373,35.733647],[139.883229,35.73389],[139.883203,35.733935],[139.88318,35.733984],[139.883155,35.734037],[139.882928,35.733887],[139.88206,35.733289],[139.8819,35.733184],[139.881735,35.733077],[139.881206,35.732713],[139.880578,35.732303],[139.88062,35.732268],[139.88064,35.732257],[139.880675,35.732255],[139.880759,35.732262],[139.880921,35.732338],[139.881033,35.732381],[139.881104,35.732389],[139.88127,35.732409],[139.881453,35.732416],[139.881622,35.732433],[139.881681,35.732443],[139.881758,35.732463],[139.881728,35.732524],[139.881705,35.732588],[139.88168,35.732676],[139.88168,35.732712],[139.88169,35.73274],[139.881707,35.732762],[139.881753,35.732794],[139.881796,35.732824],[139.88184,35.732854],[139.881894,35.732893],[139.882013,35.732976],[139.882119,35.733045],[139.882152,35.73306],[139.882186,35.733072],[139.882228,35.733077],[139.882289,35.733077],[139.882951,35.733175],[139.883227,35.733187],[139.883538,35.733202],[139.883598,35.733205]]]},"properties":{}},{"type":"Feature","geometry":{"type":"Polygon","coordinates":[[[139.888183,35.737949],[139.888146,35.737307],[139.888185,35.737224],[139.888812,35.737412],[139.888904,35.737435],[139.888902,35.737496],[139.888903,35.737563],[139.888928,35.737912],[139.888183,35.737949]]]},"properties":{}},{"type":"Feature","geometry":{"type":"Polygon","coordinates":[[[139.887427,35.737955],[139.887382,35.737349],[139.887372,35.737079],[139.887405,35.736996],[139.888185,35.737224],[139.888146,35.737307],[139.888183,35.737949],[139.887807,35.737953],[139.887427,35.737955]]]},"properties":{}},{"type":"Feature","geometry":{"type":"Polygon","coordinates":[[[139.891135,35.737198],[139.891176,35.73779],[139.890793,35.737806],[139.890413,35.737825],[139.890373,35.737304],[139.890341,35.737226],[139.891075,35.736991],[139.891111,35.737076],[139.891131,35.737155],[139.891135,35.737198]]]},"properties":{}},{"type":"Feature","geometry":{"type":"Polygon","coordinates":[[[139.870899,35.719033],[139.871957,35.719213],[139.871926,35.71937],[139.871841,35.71943],[139.871797,35.719637],[139.870944,35.719653],[139.870899,35.719033]]]},"properties":{}},{"type":"Feature","geometry":{"type":"Polygon","coordinates":[[[139.873134,35.733029],[139.872852,35.733002],[139.872819,35.732985],[139.872887,35.732897],[139.873357,35.732314],[139.873373,35.732295],[139.8734,35.732308],[139.873777,35.732328],[139.873799,35.732906],[139.873804,35.733085],[139.87374,35.733082],[139.873134,35.733029]]]},"properties":{}},{"type":"Feature","geometry":{"type":"Polygon","coordinates":[[[139.873804,35.733085],[139.873802,35.733136],[139.873923,35.73386],[139.873875,35.733859],[139.873116,35.733771],[139.873037,35.733763],[139.873134,35.733029],[139.87374,35.733082],[139.873804,35.733085]]]},"properties":{}},{"type":"Feature","geometry":{"type":"Polygon","coordinates":[[[139.873804,35.733085],[139.873799,35.732906],[139.873777,35.732328],[139.874013,35.73234],[139.874124,35.732345],[139.874472,35.732362],[139.87452,35.732369],[139.874477,35.732646],[139.874458,35.732814],[139.874449,35.733079],[139.873804,35.733085]]]},"properties":{}},{"type":"Feature","geometry":{"type":"Polygon","coordinates":[[[139.874449,35.733079],[139.874438,35.733399],[139.874449,35.73383],[139.873923,35.73386],[139.873802,35.733136],[139.873804,35.733085],[139.874449,35.733079]]]},"properties":{}},{"type":"Feature","geometry":{"type":"Polygon","coordinates":[[[139.873923,35.73386],[139.874449,35.73383],[139.874451,35.734088],[139.874463,35.734316],[139.87449,35.73437],[139.874075,35.73436],[139.873997,35.734358],[139.873998,35.734301],[139.873998,35.734284],[139.873923,35.73386]]]},"properties":{}},{"type":"Feature","geometry":{"type":"Polygon","coordinates":[[[139.873997,35.734358],[139.873213,35.734333],[139.873152,35.734331],[139.873137,35.734277],[139.873024,35.733866],[139.873037,35.733763],[139.873116,35.733771],[139.873875,35.733859],[139.873923,35.73386],[139.873998,35.734284],[139.873998,35.734301],[139.873997,35.734358]]]},"properties":{}},{"type":"Feature","geometry":{"type":"Polygon","coordinates":[[[139.873997,35.734358],[139.874075,35.73436],[139.87449,35.73437],[139.874513,35.734426],[139.874538,35.734487],[139.87457,35.734589],[139.874588,35.734693],[139.874592,35.734728],[139.874578,35.73518],[139.874584,35.735202],[139.874609,35.735213],[139.874793,35.735248],[139.874843,35.735257],[139.87477,35.73535],[139.874607,35.735561],[139.874551,35.735552],[139.874032,35.735471],[139.87398,35.735469],[139.873985,35.734989],[139.87399,35.734711],[139.873996,35.734409],[139.873997,35.734358]]]},"properties":{}},{"type":"Feature","geometry":{"type":"Polygon","coordinates":[[[139.873985,35.734989],[139.873206,35.734966],[139.873203,35.734795],[139.873189,35.734626],[139.873173,35.734478],[139.87316,35.734389],[139.873152,35.734331],[139.873213,35.734333],[139.873997,35.734358],[139.873996,35.734409],[139.87399,35.734711],[139.873985,35.734989]]]},"properties":{}},{"type":"Feature","geometry":{"type":"Polygon","coordinates":[[[139.87398,35.735469],[139.873915,35.735467],[139.873664,35.73546],[139.873449,35.735455],[139.873161,35.735454],[139.873184,35.735288],[139.873202,35.735115],[139.873206,35.734966],[139.873985,35.734989],[139.87398,35.735469]]]},"properties":{}},{"type":"Feature","geometry":{"type":"Polygon","coordinates":[[[139.87398,35.735469],[139.874032,35.735471],[139.874551,35.735552],[139.874607,35.735561],[139.874527,35.735665],[139.874249,35.736037],[139.873848,35.7366],[139.873196,35.736486],[139.872849,35.736413],[139.872929,35.736224],[139.873012,35.736037],[139.873041,35.735993],[139.873069,35.735972],[139.87311,35.735947],[139.873142,35.735929],[139.873184,35.735899],[139.873226,35.735856],[139.873236,35.735824],[139.873238,35.735791],[139.873231,35.735764],[139.873299,35.735753],[139.873609,35.735791],[139.873726,35.73585],[139.873799,35.735879],[139.873881,35.735866],[139.873901,35.735835],[139.87398,35.735469]]]},"properties":{}},{"type":"Feature","geometry":{"type":"Polygon","coordinates":[[[139.873231,35.735764],[139.873158,35.735633],[139.87315,35.735605],[139.873146,35.735577],[139.873148,35.735522],[139.873161,35.735454],[139.873449,35.735455],[139.873664,35.73546],[139.873915,35.735467],[139.87398,35.735469],[139.873901,35.735835],[139.873881,35.735866],[139.873799,35.735879],[139.873726,35.73585],[139.873609,35.735791],[139.873299,35.735753],[139.873231,35.735764]]]},"properties":{}},{"type":"Feature","geometry":{"type":"Polygon","coordinates":[[[139.874182,35.731273],[139.874752,35.731667],[139.874752,35.731772],[139.874499,35.731781],[139.873766,35.731807],[139.874067,35.731418],[139.874182,35.731273]]]},"properties":{}},{"type":"Feature","geometry":{"type":"Polygon","coordinates":[[[139.873766,35.731807],[139.874499,35.731781],[139.874752,35.731772],[139.874761,35.732369],[139.87452,35.732369],[139.874472,35.732362],[139.874124,35.732345],[139.874013,35.73234],[139.873777,35.732328],[139.8734,35.732308],[139.873373,35.732295],[139.873766,35.731807]]]},"properties":{}},{"type":"Feature","geometry":{"type":"Polygon","coordinates":[[[139.872901,35.730345],[139.872024,35.729741],[139.871899,35.729659],[139.871842,35.729621],[139.871852,35.729532],[139.871947,35.729594],[139.872071,35.729682],[139.872954,35.730279],[139.872901,35.730345]]]},"properties":{}},{"type":"Feature","geometry":{"type":"Polygon","coordinates":[[[139.872954,35.730279],[139.873111,35.730386],[139.873645,35.73075],[139.873596,35.730817],[139.873051,35.730449],[139.872901,35.730345],[139.872954,35.730279]]]},"properties":{}},{"type":"Feature","geometry":{"type":"Polygon","coordinates":[[[139.874212,35.731235],[139.875142,35.731873],[139.875283,35.731963],[139.875525,35.732142],[139.875464,35.732129],[139.875267,35.732035],[139.874752,35.731667],[139.874182,35.731273],[139.874212,35.731235]]]},"properties":{}},{"type":"Feature","geometry":{"type":"Polygon","coordinates":[[[139.874212,35.731235],[139.874107,35.731163],[139.873596,35.730817],[139.873645,35.73075],[139.874149,35.731093],[139.874262,35.73117],[139.874212,35.731235]]]},"properties":{}},{"type":"Feature","geometry":{"type":"Polygon","coordinates":[[[139.874262,35.73117],[139.875334,35.731904],[139.8755,35.732017],[139.875881,35.732295],[139.876134,35.732471],[139.876206,35.73252],[139.876188,35.732618],[139.876095,35.732552],[139.875547,35.732158],[139.875525,35.732142],[139.875283,35.731963],[139.875142,35.731873],[139.874212,35.731235],[139.874262,35.73117]]]},"properties":{}},{"type":"Feature","geometry":{"type":"Polygon","coordinates":[[[139.8743,35.731122],[139.874743,35.731424],[139.875234,35.731756],[139.87544,35.731906],[139.875516,35.731962],[139.8755,35.732017],[139.875334,35.731904],[139.874262,35.73117],[139.8743,35.731122]]]},"properties":{}},{"type":"Feature","geometry":{"type":"Polygon","coordinates":[[[139.874525,35.730822],[139.874563,35.730837],[139.874607,35.73084],[139.874727,35.730829],[139.874728,35.730878],[139.874732,35.731162],[139.874743,35.731424],[139.8743,35.731122],[139.874428,35.730952],[139.874525,35.730822]]]},"properties":{}},{"type":"Feature","geometry":{"type":"Polygon","coordinates":[[[139.875263,35.72971],[139.875319,35.729751],[139.875378,35.729804],[139.875422,35.729848],[139.875463,35.729903],[139.875498,35.72996],[139.875522,35.730019],[139.875539,35.730084],[139.875524,35.730353],[139.87551,35.730677],[139.875508,35.730733],[139.875413,35.730734],[139.875388,35.730737],[139.875128,35.730769],[139.874727,35.730829],[139.874607,35.73084],[139.874563,35.730837],[139.874525,35.730822],[139.87477,35.730486],[139.874921,35.730288],[139.875086,35.730011],[139.875263,35.72971]]]},"properties":{}},{"type":"Feature","geometry":{"type":"Polygon","coordinates":[[[139.874752,35.731772],[139.874752,35.731667],[139.875267,35.732035],[139.875464,35.732129],[139.875525,35.732142],[139.875547,35.732158],[139.875548,35.732248],[139.875547,35.732366],[139.87552,35.732366],[139.875466,35.732367],[139.874761,35.732369],[139.874752,35.731772]]]},"properties":{}},{"type":"Feature","geometry":{"type":"Polygon","coordinates":[[[139.877806,35.728013],[139.87788,35.728019],[139.878265,35.728049],[139.878165,35.728777],[139.878122,35.729048],[139.877809,35.729059],[139.877463,35.729071],[139.877401,35.729073],[139.877664,35.728408],[139.877806,35.728013]]]},"properties":{}},{"type":"Feature","geometry":{"type":"Polygon","coordinates":[[[139.878251,35.726926],[139.878328,35.726932],[139.878408,35.726938],[139.878328,35.727555],[139.878265,35.728049],[139.87788,35.728019],[139.877806,35.728013],[139.878022,35.727476],[139.878251,35.726926]]]},"properties":{}},{"type":"Feature","geometry":{"type":"Polygon","coordinates":[[[139.875622,35.711648],[139.876124,35.711636],[139.875944,35.712337],[139.875893,35.712535],[139.875877,35.712597],[139.875834,35.71259],[139.875463,35.712529],[139.875376,35.712515],[139.875481,35.712251],[139.875583,35.711895],[139.875622,35.711648]]]},"properties":{}},{"type":"Feature","geometry":{"type":"Polygon","coordinates":[[[139.875606,35.711387],[139.875912,35.71132],[139.876205,35.711291],[139.876124,35.711636],[139.875622,35.711648],[139.875606,35.711387]]]},"properties":{}},{"type":"Feature","geometry":{"type":"Polygon","coordinates":[[[139.875606,35.711387],[139.875255,35.711491],[139.875188,35.71152],[139.87505,35.711648],[139.875017,35.711627],[139.874962,35.710744],[139.874958,35.710714],[139.875624,35.710685],[139.875653,35.710684],[139.875691,35.710683],[139.875752,35.710681],[139.875733,35.710738],[139.875712,35.710803],[139.875665,35.71094],[139.875626,35.711156],[139.875606,35.711387]]]},"properties":{}},{"type":"Feature","geometry":{"type":"Polygon","coordinates":[[[139.875712,35.710803],[139.876097,35.710749],[139.876408,35.710652],[139.87631,35.710961],[139.876205,35.711291],[139.875912,35.71132],[139.875606,35.711387],[139.875626,35.711156],[139.875665,35.71094],[139.875712,35.710803]]]},"properties":{}},{"type":"Feature","geometry":{"type":"Polygon","coordinates":[[[139.875752,35.710681],[139.876157,35.709624],[139.876185,35.709557],[139.876737,35.709615],[139.876408,35.710652],[139.876097,35.710749],[139.875712,35.710803],[139.875733,35.710738],[139.875752,35.710681]]]},"properties":{}},{"type":"Feature","geometry":{"type":"Polygon","coordinates":[[[139.875752,35.710681],[139.875691,35.710683],[139.875653,35.710684],[139.875624,35.710685],[139.875622,35.710658],[139.875573,35.709866],[139.87556,35.709643],[139.876157,35.709624],[139.875752,35.710681]]]},"properties":{}},{"type":"Feature","geometry":{"type":"Polygon","coordinates":[[[139.876157,35.709624],[139.87556,35.709643],[139.875543,35.709362],[139.87552,35.708999],[139.875485,35.708606],[139.875882,35.708584],[139.875933,35.708582],[139.876547,35.708565],[139.876613,35.708563],[139.876599,35.708605],[139.876477,35.708962],[139.876392,35.709208],[139.876262,35.709411],[139.876185,35.709557],[139.876157,35.709624]]]},"properties":{}},{"type":"Feature","geometry":{"type":"Polygon","coordinates":[[[139.876613,35.708563],[139.876917,35.708599],[139.877141,35.708624],[139.877615,35.708681],[139.877471,35.709185],[139.877321,35.709664],[139.876737,35.709615],[139.876185,35.709557],[139.876262,35.709411],[139.876392,35.709208],[139.876477,35.708962],[139.876599,35.708605],[139.876613,35.708563]]]},"properties":{}},{"type":"Feature","geometry":{"type":"Polygon","coordinates":[[[139.876613,35.708563],[139.876547,35.708565],[139.875933,35.708582],[139.875724,35.708249],[139.875727,35.708098],[139.875743,35.707717],[139.875744,35.707681],[139.875748,35.707605],[139.876933,35.707551],[139.876954,35.70755],[139.877029,35.707546],[139.877001,35.707616],[139.876973,35.707682],[139.876854,35.707968],[139.876838,35.708008],[139.876613,35.708563]]]},"properties":{}},{"type":"Feature","geometry":{"type":"Polygon","coordinates":[[[139.876854,35.707968],[139.876951,35.70796],[139.877447,35.707985],[139.877829,35.707995],[139.877626,35.708643],[139.877615,35.708681],[139.877141,35.708624],[139.876917,35.708599],[139.876613,35.708563],[139.876838,35.708008],[139.876854,35.707968]]]},"properties":{}},{"type":"Feature","geometry":{"type":"Polygon","coordinates":[[[139.877029,35.707546],[139.877134,35.70754],[139.877995,35.707493],[139.87784,35.707963],[139.877829,35.707995],[139.877447,35.707985],[139.876951,35.70796],[139.876854,35.707968],[139.876973,35.707682],[139.877001,35.707616],[139.877029,35.707546]]]},"properties":{}},{"type":"Feature","geometry":{"type":"Polygon","coordinates":[[[139.877029,35.707546],[139.876954,35.70755],[139.876933,35.707551],[139.875748,35.707605],[139.875741,35.707333],[139.875625,35.706853],[139.875621,35.706658],[139.87545,35.706218],[139.875439,35.706184],[139.875406,35.706143],[139.875464,35.706139],[139.875941,35.70612],[139.875986,35.706118],[139.876209,35.706116],[139.876753,35.706088],[139.877435,35.706063],[139.877512,35.70607],[139.877576,35.706084],[139.877558,35.706128],[139.877313,35.706722],[139.877157,35.7071],[139.87705,35.707472],[139.877029,35.707546]]]},"properties":{}},{"type":"Feature","geometry":{"type":"Polygon","coordinates":[[[139.877157,35.7071],[139.877528,35.707121],[139.878101,35.707155],[139.87802,35.707414],[139.877995,35.707493],[139.877134,35.70754],[139.877029,35.707546],[139.87705,35.707472],[139.877157,35.7071]]]},"properties":{}},{"type":"Feature","geometry":{"type":"Polygon","coordinates":[[[139.877576,35.706084],[139.877629,35.706091],[139.87835,35.706161],[139.878267,35.706492],[139.878171,35.706873],[139.878101,35.707155],[139.877528,35.707121],[139.877157,35.7071],[139.877313,35.706722],[139.877558,35.706128],[139.877576,35.706084]]]},"properties":{}},{"type":"Feature","geometry":{"type":"Polygon","coordinates":[[[139.877576,35.706084],[139.877512,35.70607],[139.877435,35.706063],[139.876753,35.706088],[139.876685,35.705722],[139.876689,35.705528],[139.876689,35.705494],[139.876728,35.705496],[139.877673,35.705555],[139.877729,35.705559],[139.877576,35.706084]]]},"properties":{}},{"type":"Feature","geometry":{"type":"Polygon","coordinates":[[[139.877729,35.705559],[139.877783,35.705564],[139.878012,35.705584],[139.878475,35.705621],[139.87835,35.706161],[139.877629,35.706091],[139.877576,35.706084],[139.877729,35.705559]]]},"properties":{}},{"type":"Feature","geometry":{"type":"Polygon","coordinates":[[[139.877729,35.705559],[139.877673,35.705555],[139.876728,35.705496],[139.876689,35.705494],[139.876679,35.705452],[139.876524,35.705072],[139.876475,35.704952],[139.876831,35.704861],[139.87715,35.704779],[139.877772,35.704731],[139.878047,35.70471],[139.87795,35.704953],[139.877792,35.705349],[139.877729,35.705559]]]},"properties":{}},{"type":"Feature","geometry":{"type":"Polygon","coordinates":[[[139.878047,35.70471],[139.878705,35.704609],[139.878568,35.705215],[139.878475,35.705621],[139.878012,35.705584],[139.877783,35.705564],[139.877729,35.705559],[139.877792,35.705349],[139.87795,35.704953],[139.878047,35.70471]]]},"properties":{}},{"type":"Feature","geometry":{"type":"Polygon","coordinates":[[[139.878047,35.70471],[139.877835,35.704298],[139.877715,35.704062],[139.878253,35.703936],[139.878575,35.703944],[139.878047,35.70471]]]},"properties":{}},{"type":"Feature","geometry":{"type":"Polygon","coordinates":[[[139.878575,35.703944],[139.878979,35.703373],[139.879052,35.703277],[139.879509,35.703298],[139.880201,35.70333],[139.880209,35.703443],[139.880201,35.703841],[139.880202,35.703857],[139.880208,35.704064],[139.88025,35.704276],[139.880256,35.704473],[139.880236,35.704677],[139.879991,35.704657],[139.879948,35.704653],[139.879399,35.704593],[139.879232,35.704592],[139.879009,35.704591],[139.878705,35.704609],[139.878047,35.70471],[139.878575,35.703944]]]},"properties":{}},{"type":"Feature","geometry":{"type":"Polygon","coordinates":[[[139.878575,35.703944],[139.878253,35.703936],[139.877715,35.704062],[139.877597,35.703916],[139.87749,35.703688],[139.877418,35.703532],[139.878011,35.7034],[139.878293,35.703373],[139.878765,35.703328],[139.878979,35.703373],[139.878575,35.703944]]]},"properties":{}},{"type":"Feature","geometry":{"type":"Polygon","coordinates":[[[139.879052,35.703277],[139.878897,35.703224],[139.87879,35.703174],[139.878717,35.70312],[139.878646,35.703048],[139.878477,35.702868],[139.878461,35.702847],[139.878419,35.702793],[139.879499,35.702707],[139.879459,35.702758],[139.879052,35.703277]]]},"properties":{}},{"type":"Feature","geometry":{"type":"Polygon","coordinates":[[[139.879499,35.702707],[139.880358,35.702632],[139.880354,35.702692],[139.880345,35.70283],[139.880276,35.702979],[139.880205,35.703109],[139.880201,35.70333],[139.879509,35.703298],[139.879052,35.703277],[139.879459,35.702758],[139.879499,35.702707]]]},"properties":{}},{"type":"Feature","geometry":{"type":"Polygon","coordinates":[[[139.880634,35.703288],[139.880378,35.703217],[139.880201,35.70333],[139.880205,35.703109],[139.880276,35.702979],[139.880345,35.70283],[139.880354,35.702692],[139.880358,35.702632],[139.880932,35.702585],[139.880906,35.702647],[139.880634,35.703288]]]},"properties":{}},{"type":"Feature","geometry":{"type":"Polygon","coordinates":[[[139.880932,35.702585],[139.881198,35.702569],[139.881358,35.70256],[139.881325,35.702687],[139.881172,35.703289],[139.881095,35.703302],[139.881034,35.703313],[139.880979,35.703349],[139.880948,35.703408],[139.880773,35.703356],[139.880634,35.703288],[139.880906,35.702647],[139.880932,35.702585]]]},"properties":{}},{"type":"Feature","geometry":{"type":"Polygon","coordinates":[[[139.881172,35.703289],[139.881011,35.703922],[139.880941,35.703915],[139.880909,35.703912],[139.880944,35.703635],[139.880948,35.703408],[139.880979,35.703349],[139.881034,35.703313],[139.881095,35.703302],[139.881172,35.703289]]]},"properties":{}},{"type":"Feature","geometry":{"type":"Polygon","coordinates":[[[139.880909,35.703912],[139.880497,35.703871],[139.880201,35.703841],[139.880209,35.703443],[139.880201,35.70333],[139.880378,35.703217],[139.880634,35.703288],[139.880773,35.703356],[139.880948,35.703408],[139.880944,35.703635],[139.880909,35.703912]]]},"properties":{}},{"type":"Feature","geometry":{"type":"Polygon","coordinates":[[[139.880909,35.703912],[139.880941,35.703915],[139.881011,35.703922],[139.880821,35.704744],[139.880705,35.704731],[139.880909,35.703912]]]},"properties":{}},{"type":"Feature","geometry":{"type":"Polygon","coordinates":[[[139.880705,35.704731],[139.880676,35.704728],[139.880236,35.704677],[139.880256,35.704473],[139.88025,35.704276],[139.880208,35.704064],[139.880202,35.703857],[139.880201,35.703841],[139.880497,35.703871],[139.880909,35.703912],[139.880705,35.704731]]]},"properties":{}},{"type":"Feature","geometry":{"type":"Polygon","coordinates":[[[139.887435,35.70315],[139.887389,35.702604],[139.888076,35.702577],[139.88813,35.703176],[139.888128,35.703244],[139.887803,35.703206],[139.887679,35.70319],[139.887435,35.70315]]]},"properties":{}},{"type":"Feature","geometry":{"type":"Polygon","coordinates":[[[139.888128,35.703244],[139.887992,35.703579],[139.88749,35.703607],[139.887435,35.70315],[139.887679,35.70319],[139.887803,35.703206],[139.888128,35.703244]]]},"properties":{}},{"type":"Feature","geometry":{"type":"Polygon","coordinates":[[[139.888128,35.703244],[139.88813,35.703176],[139.888076,35.702577],[139.888863,35.70253],[139.888814,35.703233],[139.888485,35.703238],[139.888128,35.703244]]]},"properties":{}},{"type":"Feature","geometry":{"type":"Polygon","coordinates":[[[139.888814,35.703233],[139.889265,35.70322],[139.889123,35.703739],[139.887992,35.703579],[139.888128,35.703244],[139.888485,35.703238],[139.888814,35.703233]]]},"properties":{}},{"type":"Feature","geometry":{"type":"Polygon","coordinates":[[[139.888814,35.703233],[139.888863,35.70253],[139.889462,35.702502],[139.889294,35.703115],[139.889265,35.70322],[139.888814,35.703233]]]},"properties":{}},{"type":"Feature","geometry":{"type":"Polygon","coordinates":[[[139.885402,35.703727],[139.885545,35.702946],[139.885847,35.702971],[139.885783,35.703378],[139.885781,35.703687],[139.885402,35.703727]]]},"properties":{}},{"type":"Feature","geometry":{"type":"Polygon","coordinates":[[[139.885781,35.703687],[139.885772,35.704317],[139.885731,35.704692],[139.885237,35.704714],[139.885396,35.703758],[139.885402,35.703727],[139.885781,35.703687]]]},"properties":{}},{"type":"Feature","geometry":{"type":"Polygon","coordinates":[[[139.885781,35.703687],[139.885783,35.703378],[139.885847,35.702971],[139.885896,35.702664],[139.886313,35.702648],[139.886324,35.70364],[139.885781,35.703687]]]},"properties":{}},{"type":"Feature","geometry":{"type":"Polygon","coordinates":[[[139.886324,35.70364],[139.886374,35.704653],[139.885731,35.704692],[139.885772,35.704317],[139.885781,35.703687],[139.886324,35.70364]]]},"properties":{}},{"type":"Feature","geometry":{"type":"Polygon","coordinates":[[[139.886324,35.70364],[139.886313,35.702648],[139.886674,35.702634],[139.886736,35.703167],[139.8868,35.703644],[139.886324,35.70364]]]},"properties":{}},{"type":"Feature","geometry":{"type":"Polygon","coordinates":[[[139.8868,35.703644],[139.886861,35.704011],[139.886895,35.704278],[139.886941,35.704622],[139.886374,35.704653],[139.886324,35.70364],[139.8868,35.703644]]]},"properties":{}},{"type":"Feature","geometry":{"type":"Polygon","coordinates":[[[139.8868,35.703644],[139.886736,35.703167],[139.887286,35.703122],[139.887435,35.70315],[139.88749,35.703607],[139.8868,35.703644]]]},"properties":{}},{"type":"Feature","geometry":{"type":"Polygon","coordinates":[[[139.88749,35.703607],[139.887992,35.703579],[139.887978,35.703994],[139.886861,35.704011],[139.8868,35.703644],[139.88749,35.703607]]]},"properties":{}},{"type":"Feature","geometry":{"type":"Polygon","coordinates":[[[139.889123,35.703739],[139.888822,35.704839],[139.887978,35.704685],[139.887978,35.703994],[139.887992,35.703579],[139.889123,35.703739]]]},"properties":{}},{"type":"Feature","geometry":{"type":"Polygon","coordinates":[[[139.889123,35.703739],[139.889265,35.70322],[139.889294,35.703115],[139.889806,35.703349],[139.889679,35.703808],[139.889123,35.703739]]]},"properties":{}},{"type":"Feature","geometry":{"type":"Polygon","coordinates":[[[139.889679,35.703808],[139.889369,35.704936],[139.888822,35.704839],[139.889123,35.703739],[139.889679,35.703808]]]},"properties":{}},{"type":"Feature","geometry":{"type":"Polygon","coordinates":[[[139.889679,35.703808],[139.889806,35.703349],[139.890053,35.702472],[139.890578,35.702443],[139.890562,35.702494],[139.890378,35.703156],[139.890189,35.703826],[139.89016,35.703887],[139.889679,35.703808]]]},"properties":{}},{"type":"Feature","geometry":{"type":"Polygon","coordinates":[[[139.89016,35.703887],[139.889987,35.704117],[139.889934,35.704197],[139.889984,35.704649],[139.889877,35.705023],[139.889369,35.704936],[139.889679,35.703808],[139.89016,35.703887]]]},"properties":{}},{"type":"Feature","geometry":{"type":"Polygon","coordinates":[[[139.89016,35.703887],[139.890189,35.703826],[139.890378,35.703156],[139.890566,35.703189],[139.890897,35.703246],[139.890822,35.703541],[139.890803,35.703614],[139.890773,35.703733],[139.890705,35.703998],[139.89016,35.703887]]]},"properties":{}},{"type":"Feature","geometry":{"type":"Polygon","coordinates":[[[139.890705,35.703998],[139.890608,35.704366],[139.890518,35.704353],[139.889987,35.704117],[139.89016,35.703887],[139.890705,35.703998]]]},"properties":{}},{"type":"Feature","geometry":{"type":"Polygon","coordinates":[[[139.890705,35.703998],[139.890773,35.703733],[139.890803,35.703614],[139.891831,35.703794],[139.891736,35.704185],[139.890705,35.703998]]]},"properties":{}},{"type":"Feature","geometry":{"type":"Polygon","coordinates":[[[139.891736,35.704185],[139.892119,35.704254],[139.891895,35.704596],[139.890608,35.704366],[139.890705,35.703998],[139.891736,35.704185]]]},"properties":{}},{"type":"Feature","geometry":{"type":"Polygon","coordinates":[[[139.891736,35.704185],[139.891831,35.703794],[139.89192,35.703424],[139.89258,35.703539],[139.892119,35.704254],[139.891736,35.704185]]]},"properties":{}},{"type":"Feature","geometry":{"type":"Polygon","coordinates":[[[139.892119,35.704254],[139.89258,35.703539],[139.893145,35.703802],[139.89299,35.704402],[139.892519,35.704326],[139.892119,35.704254]]]},"properties":{}},{"type":"Feature","geometry":{"type":"Polygon","coordinates":[[[139.892519,35.704326],[139.892419,35.704735],[139.892374,35.704802],[139.891895,35.704596],[139.892119,35.704254],[139.892519,35.704326]]]},"properties":{}},{"type":"Feature","geometry":{"type":"Polygon","coordinates":[[[139.89299,35.704402],[139.892887,35.70478],[139.892789,35.705143],[139.892217,35.705037],[139.892374,35.704802],[139.892419,35.704735],[139.892519,35.704326],[139.89299,35.704402]]]},"properties":{}},{"type":"Feature","geometry":{"type":"Polygon","coordinates":[[[139.89299,35.704402],[139.893145,35.703802],[139.893261,35.703467],[139.893372,35.703941],[139.893418,35.704137],[139.893479,35.704396],[139.893502,35.704492],[139.89299,35.704402]]]},"properties":{}},{"type":"Feature","geometry":{"type":"Polygon","coordinates":[[[139.893502,35.704492],[139.89365,35.705083],[139.892887,35.70478],[139.89299,35.704402],[139.893502,35.704492]]]},"properties":{}},{"type":"Feature","geometry":{"type":"Polygon","coordinates":[[[139.888863,35.70253],[139.888865,35.702117],[139.890163,35.702039],[139.890152,35.702118],[139.890139,35.702176],[139.890053,35.702472],[139.889462,35.702502],[139.888863,35.70253]]]},"properties":{}},{"type":"Feature","geometry":{"type":"Polygon","coordinates":[[[139.888076,35.702577],[139.887875,35.70225],[139.887864,35.702176],[139.888865,35.702117],[139.888863,35.70253],[139.888076,35.702577]]]},"properties":{}},{"type":"Feature","geometry":{"type":"Polygon","coordinates":[[[139.887389,35.702604],[139.886674,35.702634],[139.886621,35.702245],[139.887864,35.702176],[139.887875,35.70225],[139.888076,35.702577],[139.887389,35.702604]]]},"properties":{}},{"type":"Feature","geometry":{"type":"Polygon","coordinates":[[[139.887389,35.702604],[139.887435,35.70315],[139.887286,35.703122],[139.886736,35.703167],[139.886674,35.702634],[139.887389,35.702604]]]},"properties":{}},{"type":"Feature","geometry":{"type":"Polygon","coordinates":[[[139.889294,35.703115],[139.889462,35.702502],[139.890053,35.702472],[139.889806,35.703349],[139.889294,35.703115]]]},"properties":{}},{"type":"Feature","geometry":{"type":"Polygon","coordinates":[[[139.887978,35.704685],[139.88772,35.704639],[139.88745,35.704621],[139.887168,35.704619],[139.886941,35.704622],[139.886895,35.704278],[139.886861,35.704011],[139.887978,35.703994],[139.887978,35.704685]]]},"properties":{}},{"type":"Feature","geometry":{"type":"Polygon","coordinates":[[[139.885731,35.704692],[139.885633,35.705498],[139.885065,35.705541],[139.885237,35.704714],[139.885731,35.704692]]]},"properties":{}},{"type":"Feature","geometry":{"type":"Polygon","coordinates":[[[139.886374,35.704653],[139.886486,35.705097],[139.886556,35.705418],[139.885633,35.705498],[139.885731,35.704692],[139.886374,35.704653]]]},"properties":{}},{"type":"Feature","geometry":{"type":"Polygon","coordinates":[[[139.886941,35.704622],[139.88697,35.704886],[139.88699,35.705029],[139.887006,35.705112],[139.887022,35.705184],[139.887062,35.705305],[139.886556,35.705418],[139.886486,35.705097],[139.886374,35.704653],[139.886941,35.704622]]]},"properties":{}},{"type":"Feature","geometry":{"type":"Polygon","coordinates":[[[139.887978,35.704685],[139.887972,35.705085],[139.887969,35.705254],[139.887099,35.705403],[139.887062,35.705305],[139.887022,35.705184],[139.887006,35.705112],[139.88699,35.705029],[139.88697,35.704886],[139.886941,35.704622],[139.887168,35.704619],[139.88745,35.704621],[139.88772,35.704639],[139.887978,35.704685]]]},"properties":{}},{"type":"Feature","geometry":{"type":"Polygon","coordinates":[[[139.888822,35.704839],[139.888738,35.705198],[139.887972,35.705085],[139.887978,35.704685],[139.888822,35.704839]]]},"properties":{}},{"type":"Feature","geometry":{"type":"Polygon","coordinates":[[[139.889369,35.704936],[139.889089,35.705938],[139.888562,35.705827],[139.888647,35.705522],[139.888738,35.705198],[139.888822,35.704839],[139.889369,35.704936]]]},"properties":{}},{"type":"Feature","geometry":{"type":"Polygon","coordinates":[[[139.889877,35.705023],[139.889762,35.705424],[139.889587,35.706037],[139.889089,35.705938],[139.889369,35.704936],[139.889877,35.705023]]]},"properties":{}},{"type":"Feature","geometry":{"type":"Polygon","coordinates":[[[139.889877,35.705023],[139.889984,35.704649],[139.890191,35.704685],[139.890498,35.704739],[139.890807,35.704793],[139.890725,35.705095],[139.890718,35.705121],[139.890703,35.705175],[139.889877,35.705023]]]},"properties":{}},{"type":"Feature","geometry":{"type":"Polygon","coordinates":[[[139.890703,35.705175],[139.890689,35.705227],[139.890608,35.705525],[139.890595,35.705573],[139.890417,35.705541],[139.889762,35.705424],[139.889877,35.705023],[139.890703,35.705175]]]},"properties":{}},{"type":"Feature","geometry":{"type":"Polygon","coordinates":[[[139.890703,35.705175],[139.890718,35.705121],[139.890725,35.705095],[139.890807,35.704793],[139.891183,35.704858],[139.891658,35.70494],[139.891515,35.705159],[139.891453,35.705248],[139.891422,35.705292],[139.891352,35.705281],[139.890703,35.705175]]]},"properties":{}},{"type":"Feature","geometry":{"type":"Polygon","coordinates":[[[139.891422,35.705292],[139.891383,35.705353],[139.891175,35.705676],[139.890595,35.705573],[139.890608,35.705525],[139.890689,35.705227],[139.890703,35.705175],[139.891352,35.705281],[139.891422,35.705292]]]},"properties":{}},{"type":"Feature","geometry":{"type":"Polygon","coordinates":[[[139.891422,35.705292],[139.891453,35.705248],[139.891515,35.705159],[139.891658,35.70494],[139.892217,35.705037],[139.892789,35.705143],[139.892682,35.705535],[139.891505,35.705308],[139.891422,35.705292]]]},"properties":{}},{"type":"Feature","geometry":{"type":"Polygon","coordinates":[[[139.892682,35.705535],[139.892764,35.705591],[139.892247,35.705906],[139.892152,35.705849],[139.891266,35.705692],[139.891175,35.705676],[139.891383,35.705353],[139.891422,35.705292],[139.891505,35.705308],[139.892682,35.705535]]]},"properties":{}},{"type":"Feature","geometry":{"type":"Polygon","coordinates":[[[139.892682,35.705535],[139.892789,35.705143],[139.892887,35.70478],[139.89365,35.705083],[139.892962,35.70548],[139.892764,35.705591],[139.892682,35.705535]]]},"properties":{}},{"type":"Feature","geometry":{"type":"Polygon","coordinates":[[[139.888941,35.707898],[139.8885,35.708174],[139.888438,35.708046],[139.888388,35.707847],[139.888271,35.707392],[139.888193,35.706996],[139.888614,35.706922],[139.88876,35.707349],[139.888887,35.707753],[139.888941,35.707898]]]},"properties":{}},{"type":"Feature","geometry":{"type":"Polygon","coordinates":[[[139.88876,35.707349],[139.889144,35.707274],[139.889288,35.707669],[139.888941,35.707898],[139.888887,35.707753],[139.88876,35.707349]]]},"properties":{}},{"type":"Feature","geometry":{"type":"Polygon","coordinates":[[[139.888614,35.706922],[139.888997,35.706855],[139.889144,35.707274],[139.88876,35.707349],[139.888614,35.706922]]]},"properties":{}},{"type":"Feature","geometry":{"type":"Polygon","coordinates":[[[139.888614,35.706922],[139.888193,35.706996],[139.888122,35.706751],[139.888046,35.706414],[139.888002,35.706223],[139.888032,35.706218],[139.888456,35.706214],[139.888614,35.706922]]]},"properties":{}},{"type":"Feature","geometry":{"type":"Polygon","coordinates":[[[139.888456,35.706214],[139.888891,35.706125],[139.889039,35.706112],[139.889002,35.706264],[139.888981,35.706398],[139.888971,35.706527],[139.888973,35.706664],[139.888984,35.706766],[139.888997,35.706855],[139.888614,35.706922],[139.888456,35.706214]]]},"properties":{}},{"type":"Feature","geometry":{"type":"Polygon","coordinates":[[[139.888456,35.706214],[139.888032,35.706218],[139.887988,35.705879],[139.887992,35.70571],[139.888562,35.705827],[139.888456,35.706214]]]},"properties":{}},{"type":"Feature","geometry":{"type":"Polygon","coordinates":[[[139.888562,35.705827],[139.889089,35.705938],[139.889039,35.706112],[139.888891,35.706125],[139.888456,35.706214],[139.888562,35.705827]]]},"properties":{}},{"type":"Feature","geometry":{"type":"Polygon","coordinates":[[[139.888562,35.705827],[139.887992,35.70571],[139.88795,35.705702],[139.887964,35.705437],[139.888647,35.705522],[139.888562,35.705827]]]},"properties":{}},{"type":"Feature","geometry":{"type":"Polygon","coordinates":[[[139.888647,35.705522],[139.887964,35.705437],[139.887969,35.705254],[139.887972,35.705085],[139.888738,35.705198],[139.888647,35.705522]]]},"properties":{}},{"type":"Feature","geometry":{"type":"Polygon","coordinates":[[[139.889215,35.709921],[139.889278,35.709925],[139.889302,35.709927],[139.889702,35.709951],[139.890132,35.709949],[139.890185,35.709949],[139.890204,35.710007],[139.89032,35.710373],[139.889749,35.71051],[139.88972,35.710518],[139.889621,35.710414],[139.889218,35.710407],[139.889117,35.710405],[139.88913,35.710345],[139.889215,35.709921]]]},"properties":{}},{"type":"Feature","geometry":{"type":"Polygon","coordinates":[[[139.889117,35.710405],[139.889218,35.710407],[139.889621,35.710414],[139.88972,35.710518],[139.889759,35.710578],[139.889785,35.710705],[139.889822,35.7108],[139.889831,35.710929],[139.889835,35.710991],[139.88981,35.710993],[139.889066,35.711062],[139.888974,35.711071],[139.888985,35.71101],[139.889117,35.710405]]]},"properties":{}},{"type":"Feature","geometry":{"type":"Polygon","coordinates":[[[139.888974,35.711071],[139.88883,35.711082],[139.888755,35.711088],[139.888099,35.711159],[139.888038,35.710993],[139.887891,35.710588],[139.888309,35.710535],[139.888475,35.710456],[139.888628,35.710393],[139.888726,35.710392],[139.889022,35.710402],[139.889117,35.710405],[139.888985,35.71101],[139.888974,35.711071]]]},"properties":{}},{"type":"Feature","geometry":{"type":"Polygon","coordinates":[[[139.888974,35.711071],[139.889066,35.711062],[139.88981,35.710993],[139.889813,35.711033],[139.889816,35.711066],[139.889822,35.711136],[139.889811,35.711188],[139.88974,35.711227],[139.889668,35.711252],[139.889485,35.711315],[139.889133,35.711321],[139.88901,35.711314],[139.888978,35.711312],[139.888922,35.711308],[139.888961,35.711129],[139.888974,35.711071]]]},"properties":{}},{"type":"Feature","geometry":{"type":"Polygon","coordinates":[[[139.888922,35.711308],[139.888978,35.711312],[139.88901,35.711314],[139.889133,35.711321],[139.889485,35.711315],[139.889668,35.711252],[139.88974,35.711227],[139.889718,35.711326],[139.889713,35.711569],[139.889675,35.711832],[139.889578,35.712507],[139.88953,35.7125],[139.888678,35.712384],[139.888594,35.712372],[139.888614,35.712307],[139.888922,35.711308]]]},"properties":{}},{"type":"Feature","geometry":{"type":"Polygon","coordinates":[[[139.888594,35.712372],[139.888523,35.712362],[139.888336,35.712335],[139.888257,35.712305],[139.88824,35.712298],[139.888172,35.71218],[139.888166,35.71213],[139.888139,35.712028],[139.888179,35.711679],[139.888229,35.711578],[139.888255,35.711414],[139.888241,35.711285],[139.888119,35.711165],[139.888539,35.711132],[139.888963,35.711065],[139.888614,35.712307],[139.888594,35.712372]]]},"properties":{}},{"type":"Feature","geometry":{"type":"Polygon","coordinates":[[[139.888594,35.712372],[139.888678,35.712384],[139.88953,35.7125],[139.889578,35.712507],[139.8896,35.712833],[139.889625,35.713105],[139.889616,35.713166],[139.888786,35.712968],[139.888744,35.712958],[139.888564,35.712916],[139.888508,35.712903],[139.888431,35.712885],[139.888454,35.712812],[139.888572,35.712441],[139.888594,35.712372]]]},"properties":{}},{"type":"Feature","geometry":{"type":"Polygon","coordinates":[[[139.888431,35.712885],[139.888364,35.712868],[139.888311,35.712854],[139.887843,35.712734],[139.887862,35.712667],[139.887846,35.712557],[139.887725,35.712094],[139.888172,35.71218],[139.88824,35.712298],[139.888257,35.712305],[139.888336,35.712335],[139.888523,35.712362],[139.888594,35.712372],[139.888572,35.712441],[139.888454,35.712812],[139.888431,35.712885]]]},"properties":{}},{"type":"Feature","geometry":{"type":"Polygon","coordinates":[[[139.888431,35.712885],[139.888508,35.712903],[139.888564,35.712916],[139.888744,35.712958],[139.888786,35.712968],[139.889616,35.713166],[139.889381,35.713709],[139.889373,35.71374],[139.888682,35.713571],[139.888324,35.713493],[139.888245,35.713476],[139.888262,35.71342],[139.888409,35.712954],[139.888431,35.712885]]]},"properties":{}},{"type":"Feature","geometry":{"type":"Polygon","coordinates":[[[139.888245,35.713476],[139.888186,35.713467],[139.887792,35.713412],[139.887545,35.713477],[139.887556,35.713445],[139.887843,35.712858],[139.887846,35.712806],[139.887843,35.712734],[139.888311,35.712854],[139.888364,35.712868],[139.888431,35.712885],[139.888409,35.712954],[139.888262,35.71342],[139.888245,35.713476]]]},"properties":{}},{"type":"Feature","geometry":{"type":"Polygon","coordinates":[[[139.888245,35.713476],[139.888324,35.713493],[139.888682,35.713571],[139.889373,35.71374],[139.889353,35.713811],[139.889189,35.714564],[139.888823,35.714486],[139.888372,35.714391],[139.88812,35.714338],[139.888038,35.714321],[139.888055,35.714254],[139.888227,35.713549],[139.888245,35.713476]]]},"properties":{}},{"type":"Feature","geometry":{"type":"Polygon","coordinates":[[[139.888038,35.714321],[139.887976,35.714297],[139.887446,35.714081],[139.887389,35.714057],[139.887407,35.713992],[139.887545,35.713477],[139.887792,35.713412],[139.888186,35.713467],[139.888245,35.713476],[139.888227,35.713549],[139.888055,35.714254],[139.888038,35.714321]]]},"properties":{}},{"type":"Feature","geometry":{"type":"Polygon","coordinates":[[[139.888038,35.714321],[139.88812,35.714338],[139.888372,35.714391],[139.888823,35.714486],[139.889189,35.714564],[139.888807,35.715263],[139.888265,35.715141],[139.887989,35.715078],[139.887885,35.715055],[139.887904,35.714965],[139.888025,35.714384],[139.888038,35.714321]]]},"properties":{}},{"type":"Feature","geometry":{"type":"Polygon","coordinates":[[[139.887885,35.715055],[139.887765,35.715028],[139.887223,35.714902],[139.887159,35.714886],[139.887176,35.714827],[139.887184,35.714797],[139.887243,35.714579],[139.887369,35.714129],[139.887389,35.714057],[139.887446,35.714081],[139.887976,35.714297],[139.888038,35.714321],[139.888025,35.714384],[139.887904,35.714965],[139.887885,35.715055]]]},"properties":{}},{"type":"Feature","geometry":{"type":"Polygon","coordinates":[[[139.889726,35.707409],[139.889288,35.707669],[139.889144,35.707274],[139.888997,35.706855],[139.88949,35.706788],[139.889726,35.707409]]]},"properties":{}},{"type":"Feature","geometry":{"type":"Polygon","coordinates":[[[139.88949,35.706788],[139.889955,35.706734],[139.890115,35.707189],[139.889726,35.707409],[139.88949,35.706788]]]},"properties":{}},{"type":"Feature","geometry":{"type":"Polygon","coordinates":[[[139.88949,35.706788],[139.88945,35.706511],[139.88947,35.70623],[139.889889,35.706333],[139.889955,35.706734],[139.88949,35.706788]]]},"properties":{}},{"type":"Feature","geometry":{"type":"Polygon","coordinates":[[[139.889955,35.706734],[139.889889,35.706333],[139.890348,35.70644],[139.890492,35.706675],[139.889955,35.706734]]]},"properties":{}},{"type":"Feature","geometry":{"type":"Polygon","coordinates":[[[139.890492,35.706675],[139.890627,35.706867],[139.890437,35.706999],[139.890115,35.707189],[139.889955,35.706734],[139.890492,35.706675]]]},"properties":{}},{"type":"Feature","geometry":{"type":"Polygon","coordinates":[[[139.885863,35.711255],[139.885326,35.711343],[139.885169,35.71045],[139.885482,35.710427],[139.886257,35.710614],[139.886018,35.710991],[139.885956,35.711085],[139.885863,35.711255]]]},"properties":{}},{"type":"Feature","geometry":{"type":"Polygon","coordinates":[[[139.886257,35.710614],[139.886264,35.710595],[139.886644,35.710668],[139.886797,35.710673],[139.88696,35.710657],[139.887248,35.710644],[139.887261,35.710886],[139.887243,35.711154],[139.887074,35.711155],[139.886697,35.711153],[139.886548,35.711164],[139.88639,35.711179],[139.886255,35.711194],[139.886113,35.711218],[139.885863,35.711255],[139.885956,35.711085],[139.886018,35.710991],[139.886257,35.710614]]]},"properties":{}},{"type":"Feature","geometry":{"type":"Polygon","coordinates":[[[139.886257,35.710614],[139.885482,35.710427],[139.885169,35.71045],[139.884736,35.710481],[139.884812,35.709862],[139.88486,35.709607],[139.884909,35.709377],[139.884967,35.709153],[139.885023,35.708876],[139.885783,35.708786],[139.885936,35.709374],[139.886027,35.709418],[139.887036,35.709512],[139.886264,35.710595],[139.886257,35.710614]]]},"properties":{}},{"type":"Feature","geometry":{"type":"Polygon","coordinates":[[[139.887036,35.709512],[139.887136,35.709512],[139.887148,35.710222],[139.887248,35.710644],[139.88696,35.710657],[139.886797,35.710673],[139.886644,35.710668],[139.886264,35.710595],[139.887036,35.709512]]]},"properties":{}},{"type":"Feature","geometry":{"type":"Polygon","coordinates":[[[139.887036,35.709512],[139.886027,35.709418],[139.885936,35.709374],[139.885783,35.708786],[139.886678,35.708983],[139.887288,35.70912],[139.887036,35.709512]]]},"properties":{}},{"type":"Feature","geometry":{"type":"Polygon","coordinates":[[[139.887288,35.70912],[139.887538,35.708737],[139.887573,35.708672],[139.887605,35.708747],[139.88769,35.708876],[139.887778,35.709037],[139.887806,35.709105],[139.887891,35.709362],[139.887899,35.709413],[139.887136,35.709512],[139.887036,35.709512],[139.887288,35.70912]]]},"properties":{}},{"type":"Feature","geometry":{"type":"Polygon","coordinates":[[[139.887288,35.70912],[139.886678,35.708983],[139.886718,35.708441],[139.886804,35.708463],[139.886952,35.708508],[139.887127,35.708562],[139.887237,35.708593],[139.887368,35.708625],[139.88749,35.708653],[139.887573,35.708672],[139.887538,35.708737],[139.887288,35.70912]]]},"properties":{}},{"type":"Feature","geometry":{"type":"Polygon","coordinates":[[[139.884958,35.722338],[139.884696,35.722673],[139.884201,35.72331],[139.88382,35.723107],[139.883457,35.722914],[139.883705,35.722591],[139.883781,35.722491],[139.883887,35.722351],[139.88398,35.72223],[139.884,35.722204],[139.884067,35.722117],[139.884194,35.72195],[139.88446,35.722085],[139.88468,35.722197],[139.884958,35.722338]]]},"properties":{}},{"type":"Feature","geometry":{"type":"Polygon","coordinates":[[[139.884194,35.72195],[139.884436,35.721755],[139.884775,35.721469],[139.885081,35.721413],[139.885496,35.721632],[139.88532,35.721864],[139.885151,35.722084],[139.884958,35.722338],[139.88468,35.722197],[139.88446,35.722085],[139.884194,35.72195]]]},"properties":{}},{"type":"Feature","geometry":{"type":"Polygon","coordinates":[[[139.88358,35.721638],[139.883452,35.72156],[139.883416,35.72154],[139.883816,35.721381],[139.883874,35.721354],[139.884092,35.721266],[139.884359,35.721151],[139.884954,35.720912],[139.884966,35.72095],[139.885047,35.721292],[139.885081,35.721413],[139.884775,35.721469],[139.884436,35.721755],[139.884194,35.72195],[139.88358,35.721638]]]},"properties":{}},{"type":"Feature","geometry":{"type":"Polygon","coordinates":[[[139.88358,35.721638],[139.883312,35.721933],[139.883274,35.721975],[139.883115,35.72215],[139.882975,35.722304],[139.882823,35.722471],[139.882751,35.72255],[139.882354,35.722358],[139.882018,35.722186],[139.882005,35.722174],[139.881982,35.722152],[139.88336,35.721561],[139.883416,35.72154],[139.883452,35.72156],[139.88358,35.721638]]]},"properties":{}},{"type":"Feature","geometry":{"type":"Polygon","coordinates":[[[139.878771,35.725922],[139.879379,35.724945],[139.879392,35.724925],[139.879473,35.724951],[139.879555,35.724978],[139.879515,35.725285],[139.879486,35.725506],[139.879422,35.725994],[139.878847,35.72594],[139.878823,35.725938],[139.878771,35.725922]]]},"properties":{}},{"type":"Feature","geometry":{"type":"Polygon","coordinates":[[[139.879422,35.725994],[139.87937,35.726372],[139.879281,35.727017],[139.878741,35.726968],[139.878408,35.726938],[139.878328,35.726932],[139.878251,35.726926],[139.878642,35.726155],[139.878747,35.72596],[139.878771,35.725922],[139.878823,35.725938],[139.878847,35.72594],[139.879422,35.725994]]]},"properties":{}},{"type":"Feature","geometry":{"type":"Polygon","coordinates":[[[139.879422,35.725994],[139.879486,35.725506],[139.879515,35.725285],[139.879555,35.724978],[139.879911,35.725065],[139.880399,35.725177],[139.880333,35.725574],[139.880268,35.726073],[139.879878,35.726037],[139.879772,35.726027],[139.879422,35.725994]]]},"properties":{}},{"type":"Feature","geometry":{"type":"Polygon","coordinates":[[[139.880268,35.726073],[139.88012,35.727082],[139.879761,35.727053],[139.879281,35.727017],[139.87937,35.726372],[139.879422,35.725994],[139.879772,35.726027],[139.879878,35.726037],[139.880268,35.726073]]]},"properties":{}},{"type":"Feature","geometry":{"type":"Polygon","coordinates":[[[139.880268,35.726073],[139.880333,35.725574],[139.880399,35.725177],[139.880702,35.725242],[139.880949,35.725302],[139.880901,35.725636],[139.880884,35.725749],[139.88083,35.726123],[139.880268,35.726073]]]},"properties":{}},{"type":"Feature","geometry":{"type":"Polygon","coordinates":[[[139.88083,35.726123],[139.88068,35.727162],[139.88012,35.727082],[139.880268,35.726073],[139.88083,35.726123]]]},"properties":{}},{"type":"Feature","geometry":{"type":"Polygon","coordinates":[[[139.88083,35.726123],[139.880884,35.725749],[139.880901,35.725636],[139.880949,35.725302],[139.881204,35.72536],[139.881485,35.725424],[139.881421,35.725796],[139.881363,35.726215],[139.88083,35.726123]]]},"properties":{}},{"type":"Feature","geometry":{"type":"Polygon","coordinates":[[[139.881363,35.726215],[139.881196,35.72673],[139.881038,35.727215],[139.88068,35.727162],[139.88083,35.726123],[139.881363,35.726215]]]},"properties":{}},{"type":"Feature","geometry":{"type":"Polygon","coordinates":[[[139.882037,35.707576],[139.88203,35.707621],[139.88206,35.707649],[139.882182,35.707689],[139.882237,35.707706],[139.882179,35.708241],[139.882127,35.708238],[139.881538,35.708194],[139.881481,35.708189],[139.88148,35.70814],[139.88148,35.707555],[139.88148,35.707482],[139.882037,35.707576]]]},"properties":{}},{"type":"Feature","geometry":{"type":"Polygon","coordinates":[[[139.88148,35.707482],[139.88148,35.707555],[139.88148,35.70814],[139.881481,35.708189],[139.881432,35.708176],[139.881067,35.708076],[139.880762,35.708063],[139.880788,35.707615],[139.880812,35.70751],[139.880822,35.707474],[139.880847,35.707402],[139.881205,35.707442],[139.881386,35.707468],[139.88148,35.707482]]]},"properties":{}},{"type":"Feature","geometry":{"type":"Polygon","coordinates":[[[139.880847,35.707402],[139.880866,35.707319],[139.880873,35.707284],[139.881041,35.706495],[139.881048,35.706464],[139.881095,35.706469],[139.881314,35.706493],[139.881654,35.706531],[139.882328,35.706598],[139.882369,35.706602],[139.882363,35.70665],[139.882277,35.707387],[139.882272,35.707426],[139.88218,35.707436],[139.88211,35.707436],[139.881521,35.7074],[139.881501,35.707406],[139.881488,35.707418],[139.88148,35.707482],[139.881386,35.707468],[139.881205,35.707442],[139.880847,35.707402]]]},"properties":{}},{"type":"Feature","geometry":{"type":"Polygon","coordinates":[[[139.880847,35.707402],[139.880822,35.707474],[139.880812,35.70751],[139.880788,35.707615],[139.880762,35.708063],[139.88026,35.70803],[139.880161,35.708023],[139.880292,35.707495],[139.880321,35.707375],[139.880437,35.707377],[139.880464,35.707378],[139.880847,35.707402]]]},"properties":{}},{"type":"Feature","geometry":{"type":"Polygon","coordinates":[[[139.880321,35.707375],[139.880443,35.70685],[139.88053,35.70651],[139.880554,35.706416],[139.880664,35.706426],[139.880993,35.706459],[139.881048,35.706464],[139.881041,35.706495],[139.880873,35.707284],[139.880866,35.707319],[139.880847,35.707402],[139.880464,35.707378],[139.880437,35.707377],[139.880321,35.707375]]]},"properties":{}},{"type":"Feature","geometry":{"type":"Polygon","coordinates":[[[139.880321,35.707375],[139.880292,35.707495],[139.880161,35.708023],[139.880014,35.70802],[139.880141,35.707512],[139.880171,35.707382],[139.880321,35.707375]]]},"properties":{}},{"type":"Feature","geometry":{"type":"Polygon","coordinates":[[[139.880171,35.707382],[139.880402,35.706487],[139.880424,35.706402],[139.880554,35.706416],[139.88053,35.70651],[139.880443,35.70685],[139.880321,35.707375],[139.880171,35.707382]]]},"properties":{}},{"type":"Feature","geometry":{"type":"Polygon","coordinates":[[[139.880171,35.707382],[139.880141,35.707512],[139.880014,35.70802],[139.879916,35.708017],[139.879622,35.70801],[139.879276,35.708021],[139.879287,35.707966],[139.879386,35.707487],[139.8794,35.707423],[139.880053,35.707392],[139.880171,35.707382]]]},"properties":{}},{"type":"Feature","geometry":{"type":"Polygon","coordinates":[[[139.8794,35.707423],[139.879419,35.70734],[139.879443,35.707237],[139.879448,35.707211],[139.879512,35.706894],[139.879585,35.706527],[139.879634,35.706311],[139.880317,35.70639],[139.880424,35.706402],[139.880402,35.706487],[139.880171,35.707382],[139.880053,35.707392],[139.8794,35.707423]]]},"properties":{}},{"type":"Feature","geometry":{"type":"Polygon","coordinates":[[[139.8794,35.707423],[139.879386,35.707487],[139.879287,35.707966],[139.879276,35.708021],[139.878852,35.708049],[139.878588,35.708036],[139.878533,35.708033],[139.878589,35.707591],[139.878625,35.707523],[139.878658,35.707461],[139.8794,35.707423]]]},"properties":{}},{"type":"Feature","geometry":{"type":"Polygon","coordinates":[[[139.878658,35.707461],[139.878683,35.707423],[139.87873,35.707233],[139.87874,35.70719],[139.879443,35.707237],[139.879419,35.70734],[139.8794,35.707423],[139.878658,35.707461]]]},"properties":{}},{"type":"Feature","geometry":{"type":"Polygon","coordinates":[[[139.878658,35.707461],[139.878625,35.707523],[139.878589,35.707591],[139.878533,35.708033],[139.878478,35.70803],[139.877829,35.707995],[139.87784,35.707963],[139.877995,35.707493],[139.878573,35.707465],[139.878658,35.707461]]]},"properties":{}},{"type":"Feature","geometry":{"type":"Polygon","coordinates":[[[139.877995,35.707493],[139.87802,35.707414],[139.878101,35.707155],[139.87874,35.70719],[139.87873,35.707233],[139.878683,35.707423],[139.878658,35.707461],[139.878573,35.707465],[139.877995,35.707493]]]},"properties":{}},{"type":"Feature","geometry":{"type":"Polygon","coordinates":[[[139.870767,35.707842],[139.871437,35.707807],[139.871645,35.707799],[139.871647,35.707851],[139.871649,35.707936],[139.87172,35.708781],[139.871671,35.708784],[139.870904,35.708824],[139.870854,35.708826],[139.870851,35.708791],[139.870847,35.708745],[139.870845,35.708729],[139.870776,35.707939],[139.870767,35.707842]]]},"properties":{}},{"type":"Feature","geometry":{"type":"Polygon","coordinates":[[[139.87049,35.704274],[139.871003,35.704245],[139.87181,35.704215],[139.87188,35.705245],[139.87122,35.705273],[139.871177,35.705278],[139.870577,35.705301],[139.870528,35.704726],[139.87049,35.704274]]]},"properties":{}},{"type":"Feature","geometry":{"type":"Polygon","coordinates":[[[139.872706,35.704176],[139.872724,35.70443],[139.872742,35.704678],[139.872752,35.704819],[139.872761,35.704946],[139.872779,35.705206],[139.87188,35.705245],[139.87181,35.704215],[139.872388,35.70419],[139.872706,35.704176]]]},"properties":{}},{"type":"Feature","geometry":{"type":"Polygon","coordinates":[[[139.875074,35.704073],[139.875122,35.704637],[139.875123,35.704647],[139.875212,35.705092],[139.874575,35.705126],[139.874539,35.704615],[139.87452,35.704354],[139.874502,35.704095],[139.875074,35.704073]]]},"properties":{}},{"type":"Feature","geometry":{"type":"Polygon","coordinates":[[[139.876192,35.704018],[139.876119,35.70428],[139.87616,35.704369],[139.876211,35.704681],[139.87626,35.704753],[139.876274,35.704773],[139.876408,35.704868],[139.876475,35.704952],[139.875917,35.705124],[139.875212,35.705092],[139.875123,35.704647],[139.875122,35.704637],[139.875074,35.704073],[139.87526,35.704066],[139.875498,35.70406],[139.876192,35.704018]]]},"properties":{}},{"type":"Feature","geometry":{"type":"Polygon","coordinates":[[[139.876192,35.704018],[139.876222,35.703765],[139.876357,35.703574],[139.876822,35.703529],[139.877276,35.703269],[139.877418,35.703532],[139.87749,35.703688],[139.876192,35.704018]]]},"properties":{}},{"type":"Feature","geometry":{"type":"Polygon","coordinates":[[[139.87749,35.703688],[139.877597,35.703916],[139.877715,35.704062],[139.877151,35.704178],[139.876923,35.704294],[139.876617,35.704335],[139.876469,35.704355],[139.87616,35.704369],[139.876119,35.70428],[139.876192,35.704018],[139.87749,35.703688]]]},"properties":{}},{"type":"Feature","geometry":{"type":"Polygon","coordinates":[[[139.872971,35.708145],[139.872079,35.708177],[139.872054,35.707834],[139.87205,35.707779],[139.872128,35.707775],[139.872862,35.70774],[139.872945,35.707736],[139.872949,35.707795],[139.872971,35.708145]]]},"properties":{}},{"type":"Feature","geometry":{"type":"Polygon","coordinates":[[[139.873008,35.708718],[139.872962,35.708721],[139.872916,35.708723],[139.872122,35.708763],[139.872119,35.708718],[139.872105,35.708523],[139.872079,35.708177],[139.872971,35.708145],[139.873008,35.708718]]]},"properties":{}},{"type":"Feature","geometry":{"type":"Polygon","coordinates":[[[139.873081,35.709757],[139.872389,35.709784],[139.87235,35.709786],[139.872326,35.70966],[139.872234,35.709475],[139.872222,35.709271],[139.872168,35.709152],[139.872126,35.708791],[139.872122,35.708763],[139.872916,35.708723],[139.872962,35.708721],[139.873008,35.708718],[139.873076,35.709679],[139.873081,35.709757]]]},"properties":{}},{"type":"Feature","geometry":{"type":"Polygon","coordinates":[[[139.873153,35.710797],[139.872741,35.710817],[139.87263,35.71056],[139.872474,35.710204],[139.87235,35.709786],[139.872389,35.709784],[139.873081,35.709757],[139.873151,35.710763],[139.873153,35.710797]]]},"properties":{}},{"type":"Feature","geometry":{"type":"Polygon","coordinates":[[[139.872405,35.699979],[139.87149,35.700027],[139.871518,35.699773],[139.871524,35.699498],[139.871428,35.699229],[139.871191,35.698983],[139.871642,35.698956],[139.872335,35.698929],[139.872405,35.699979]]]},"properties":{}},{"type":"Feature","geometry":{"type":"Polygon","coordinates":[[[139.872424,35.700258],[139.872476,35.701026],[139.872253,35.701037],[139.871456,35.701076],[139.871448,35.701029],[139.871468,35.700929],[139.871516,35.700796],[139.871534,35.700726],[139.871503,35.700581],[139.87149,35.700027],[139.872405,35.699979],[139.872424,35.700258]]]},"properties":{}},{"type":"Feature","geometry":{"type":"Polygon","coordinates":[[[139.872495,35.701313],[139.872271,35.701319],[139.872253,35.701037],[139.872476,35.701026],[139.872495,35.701313]]]},"properties":{}},{"type":"Feature","geometry":{"type":"Polygon","coordinates":[[[139.872546,35.702071],[139.872091,35.702092],[139.872006,35.702096],[139.871667,35.702111],[139.871646,35.701801],[139.871633,35.701599],[139.871624,35.701586],[139.871603,35.701583],[139.871491,35.701587],[139.871466,35.701099],[139.871456,35.701076],[139.872253,35.701037],[139.872271,35.701319],[139.872495,35.701313],[139.87251,35.701536],[139.872546,35.702071]]]},"properties":{}},{"type":"Feature","geometry":{"type":"Polygon","coordinates":[[[139.872581,35.702592],[139.872598,35.70284],[139.872613,35.703072],[139.872164,35.703094],[139.871738,35.703114],[139.871667,35.702111],[139.872006,35.702096],[139.872091,35.702092],[139.872546,35.702071],[139.872563,35.702327],[139.872581,35.702592]]]},"properties":{}},{"type":"Feature","geometry":{"type":"Polygon","coordinates":[[[139.877772,35.704731],[139.877645,35.704378],[139.877656,35.704337],[139.877835,35.704298],[139.878047,35.70471],[139.877772,35.704731]]]},"properties":{}},{"type":"Feature","geometry":{"type":"Polygon","coordinates":[[[139.876475,35.704952],[139.876408,35.704868],[139.876274,35.704773],[139.87626,35.704753],[139.876211,35.704681],[139.87616,35.704369],[139.876469,35.704355],[139.876617,35.704335],[139.876923,35.704294],[139.877151,35.704178],[139.877715,35.704062],[139.877835,35.704298],[139.877656,35.704337],[139.877645,35.704378],[139.877772,35.704731],[139.87715,35.704779],[139.876831,35.704861],[139.876475,35.704952]]]},"properties":{}},{"type":"Feature","geometry":{"type":"Polygon","coordinates":[[[139.876475,35.704952],[139.876524,35.705072],[139.876679,35.705452],[139.876689,35.705494],[139.876647,35.70549],[139.876089,35.70554],[139.875835,35.705563],[139.875314,35.705635],[139.875212,35.705092],[139.875917,35.705124],[139.876475,35.704952]]]},"properties":{}},{"type":"Feature","geometry":{"type":"Polygon","coordinates":[[[139.875212,35.705092],[139.875314,35.705635],[139.87539,35.706105],[139.875395,35.706124],[139.875406,35.706143],[139.875319,35.706145],[139.875261,35.706148],[139.874637,35.706184],[139.874634,35.706128],[139.874575,35.705126],[139.875212,35.705092]]]},"properties":{}},{"type":"Feature","geometry":{"type":"Polygon","coordinates":[[[139.87101,35.710899],[139.871834,35.710862],[139.871881,35.71086],[139.871914,35.711195],[139.87195,35.711566],[139.871973,35.711843],[139.872025,35.712598],[139.871422,35.712902],[139.871149,35.712584],[139.87109,35.711792],[139.871035,35.711172],[139.87102,35.711013],[139.87101,35.710899]]]},"properties":{}},{"type":"Feature","geometry":{"type":"Polygon","coordinates":[[[139.872741,35.710817],[139.872687,35.71082],[139.872651,35.710822],[139.871881,35.71086],[139.871863,35.710609],[139.871844,35.710346],[139.87181,35.709879],[139.871806,35.70982],[139.87228,35.709792],[139.87235,35.709786],[139.872474,35.710204],[139.87263,35.71056],[139.872741,35.710817]]]},"properties":{}},{"type":"Feature","geometry":{"type":"Polygon","coordinates":[[[139.871645,35.707799],[139.871982,35.707783],[139.87205,35.707779],[139.872054,35.707834],[139.872079,35.708177],[139.872105,35.708523],[139.872119,35.708718],[139.872122,35.708763],[139.872035,35.708766],[139.87172,35.708781],[139.871649,35.707936],[139.871647,35.707851],[139.871645,35.707799]]]},"properties":{}},{"type":"Feature","geometry":{"type":"Polygon","coordinates":[[[139.87172,35.708781],[139.872035,35.708766],[139.872122,35.708763],[139.872126,35.708791],[139.872168,35.709152],[139.872222,35.709271],[139.872234,35.709475],[139.872326,35.70966],[139.87235,35.709786],[139.87228,35.709792],[139.871806,35.70982],[139.871803,35.709778],[139.871799,35.709736],[139.871758,35.709236],[139.871744,35.709076],[139.87172,35.708781]]]},"properties":{}},{"type":"Feature","geometry":{"type":"Polygon","coordinates":[[[139.871806,35.70982],[139.871,35.709863],[139.870937,35.709867],[139.870933,35.709819],[139.870928,35.70977],[139.87086,35.708906],[139.870856,35.708857],[139.870854,35.708826],[139.870904,35.708824],[139.871671,35.708784],[139.87172,35.708781],[139.871744,35.709076],[139.871758,35.709236],[139.871799,35.709736],[139.871803,35.709778],[139.871806,35.70982]]]},"properties":{}},{"type":"Feature","geometry":{"type":"Polygon","coordinates":[[[139.871844,35.710346],[139.870974,35.710393],[139.870944,35.709962],[139.87094,35.709908],[139.870937,35.709867],[139.871,35.709863],[139.871806,35.70982],[139.87181,35.709879],[139.871844,35.710346]]]},"properties":{}},{"type":"Feature","geometry":{"type":"Polygon","coordinates":[[[139.871881,35.71086],[139.871834,35.710862],[139.87101,35.710899],[139.870974,35.710393],[139.871844,35.710346],[139.871863,35.710609],[139.871881,35.71086]]]},"properties":{}},{"type":"Feature","geometry":{"type":"Polygon","coordinates":[[[139.871881,35.71086],[139.872651,35.710822],[139.872687,35.71082],[139.872741,35.710817],[139.87287,35.7111],[139.8729,35.71135],[139.872968,35.711514],[139.872912,35.711518],[139.87195,35.711566],[139.871914,35.711195],[139.871881,35.71086]]]},"properties":{}},{"type":"Feature","geometry":{"type":"Polygon","coordinates":[[[139.87195,35.711566],[139.872912,35.711518],[139.872968,35.711514],[139.872991,35.711552],[139.872996,35.71159],[139.872999,35.711739],[139.873009,35.711775],[139.873027,35.711841],[139.873055,35.711918],[139.873163,35.712107],[139.873178,35.712188],[139.873122,35.712191],[139.872991,35.712201],[139.872906,35.712218],[139.872769,35.712258],[139.872641,35.71231],[139.872025,35.712598],[139.871973,35.711843],[139.87195,35.711566]]]},"properties":{}},{"type":"Feature","geometry":{"type":"Polygon","coordinates":[[[139.872119,35.713706],[139.871422,35.712902],[139.872025,35.712598],[139.872119,35.713706]]]},"properties":{}},{"type":"Feature","geometry":{"type":"Polygon","coordinates":[[[139.874958,35.710714],[139.874914,35.710003],[139.874906,35.70989],[139.874894,35.70976],[139.87489,35.709717],[139.874887,35.709675],[139.87556,35.709643],[139.875573,35.709866],[139.875622,35.710658],[139.875624,35.710685],[139.874958,35.710714]]]},"properties":{}},{"type":"Feature","geometry":{"type":"Polygon","coordinates":[[[139.871738,35.703114],[139.87082,35.703151],[139.870844,35.70288],[139.870904,35.702585],[139.870899,35.702488],[139.870891,35.70236],[139.870994,35.70214],[139.871667,35.702111],[139.871738,35.703114]]]},"properties":{}},{"type":"Feature","geometry":{"type":"Polygon","coordinates":[[[139.874887,35.709675],[139.874834,35.708894],[139.874833,35.708875],[139.874814,35.708631],[139.875385,35.708609],[139.875439,35.708607],[139.875485,35.708606],[139.87552,35.708999],[139.875543,35.709362],[139.87556,35.709643],[139.874887,35.709675]]]},"properties":{}},{"type":"Feature","geometry":{"type":"Polygon","coordinates":[[[139.904425,35.703612],[139.90445,35.703564],[139.904833,35.702831],[139.905194,35.702953],[139.905714,35.703132],[139.905775,35.703155],[139.905413,35.703853],[139.905361,35.703929],[139.905296,35.703907],[139.904425,35.703612]]]},"properties":{}},{"type":"Feature","geometry":{"type":"Polygon","coordinates":[[[139.90348,35.703289],[139.903506,35.703238],[139.903881,35.702505],[139.904354,35.70267],[139.904833,35.702831],[139.90445,35.703564],[139.904425,35.703612],[139.90348,35.703289]]]},"properties":{}},{"type":"Feature","geometry":{"type":"Polygon","coordinates":[[[139.90249,35.702943],[139.902513,35.702898],[139.902747,35.702448],[139.902897,35.702165],[139.903881,35.702505],[139.903506,35.703238],[139.90348,35.703289],[139.90249,35.702943]]]},"properties":{}},{"type":"Feature","geometry":{"type":"Polygon","coordinates":[[[139.90147,35.702594],[139.901493,35.702548],[139.901783,35.701976],[139.901882,35.702442],[139.901953,35.702759],[139.90147,35.702594]]]},"properties":{}},{"type":"Feature","geometry":{"type":"Polygon","coordinates":[[[139.900456,35.702251],[139.900482,35.702199],[139.900855,35.701471],[139.901738,35.701767],[139.901783,35.701976],[139.901493,35.702548],[139.90147,35.702594],[139.900456,35.702251]]]},"properties":{}},{"type":"Feature","geometry":{"type":"Polygon","coordinates":[[[139.899444,35.701902],[139.899468,35.701854],[139.899491,35.701805],[139.899826,35.701122],[139.900362,35.701304],[139.900855,35.701471],[139.900482,35.702199],[139.900456,35.702251],[139.899444,35.701902]]]},"properties":{}},{"type":"Feature","geometry":{"type":"Polygon","coordinates":[[[139.89815,35.701541],[139.898028,35.701498],[139.897967,35.701477],[139.897989,35.701417],[139.898023,35.701338],[139.898067,35.701255],[139.898232,35.700937],[139.898393,35.700643],[139.898457,35.700664],[139.898839,35.700792],[139.898453,35.701525],[139.898425,35.701579],[139.898306,35.701558],[139.89815,35.701541]]]},"properties":{}},{"type":"Feature","geometry":{"type":"Polygon","coordinates":[[[139.89795,35.701524],[139.897967,35.701477],[139.898028,35.701498],[139.89815,35.701541],[139.898069,35.701532],[139.89795,35.701524]]]},"properties":{}},{"type":"Feature","geometry":{"type":"Polygon","coordinates":[[[139.882498,35.693256],[139.882621,35.693386],[139.882609,35.693495],[139.882526,35.694226],[139.882517,35.694306],[139.882403,35.69545],[139.882358,35.696018],[139.882343,35.696154],[139.882274,35.696801],[139.882213,35.697261],[139.882201,35.697349],[139.882042,35.697347],[139.882008,35.697312],[139.882016,35.69725],[139.882098,35.696611],[139.882175,35.696002],[139.882263,35.695408],[139.882403,35.694195],[139.882485,35.693364],[139.882498,35.693256]]]},"properties":{}},{"type":"Feature","geometry":{"type":"Polygon","coordinates":[[[139.882403,35.694195],[139.882334,35.694204],[139.88204,35.694238],[139.882013,35.693941],[139.881986,35.693784],[139.881958,35.693657],[139.881772,35.693085],[139.882011,35.692948],[139.882042,35.69293],[139.882069,35.692944],[139.882103,35.692963],[139.882426,35.693204],[139.882433,35.693208],[139.882498,35.693256],[139.882485,35.693364],[139.882403,35.694195]]]},"properties":{}},{"type":"Feature","geometry":{"type":"Polygon","coordinates":[[[139.882263,35.695408],[139.882165,35.695384],[139.882089,35.695366],[139.881928,35.695326],[139.881622,35.695222],[139.881184,35.694992],[139.880969,35.694947],[139.880984,35.694787],[139.88095,35.694368],[139.880898,35.694075],[139.881106,35.694109],[139.881411,35.694212],[139.881537,35.694275],[139.88159,35.694295],[139.881792,35.694313],[139.88204,35.694238],[139.882334,35.694204],[139.882403,35.694195],[139.882263,35.695408]]]},"properties":{}},{"type":"Feature","geometry":{"type":"Polygon","coordinates":[[[139.882175,35.696002],[139.882091,35.695995],[139.88207,35.696015],[139.882037,35.696068],[139.882004,35.696114],[139.881795,35.696154],[139.881663,35.696382],[139.88166,35.696387],[139.881637,35.696411],[139.881603,35.696422],[139.881423,35.696333],[139.88116,35.69627],[139.881015,35.696227],[139.880907,35.696141],[139.880731,35.695906],[139.880695,35.695748],[139.881123,35.695641],[139.881346,35.695586],[139.881622,35.695222],[139.881928,35.695326],[139.882089,35.695366],[139.882165,35.695384],[139.882263,35.695408],[139.882175,35.696002]]]},"properties":{}},{"type":"Feature","geometry":{"type":"Polygon","coordinates":[[[139.882098,35.696611],[139.882034,35.696577],[139.88182,35.696466],[139.881663,35.696382],[139.881795,35.696154],[139.882004,35.696114],[139.882037,35.696068],[139.88207,35.696015],[139.882091,35.695995],[139.882175,35.696002],[139.882098,35.696611]]]},"properties":{}},{"type":"Feature","geometry":{"type":"Polygon","coordinates":[[[139.882008,35.697312],[139.881893,35.697196],[139.881845,35.697092],[139.881833,35.697074],[139.881812,35.697049],[139.881735,35.696994],[139.881664,35.696955],[139.881636,35.696929],[139.881615,35.696898],[139.881595,35.696866],[139.881581,35.696805],[139.881572,35.696777],[139.88156,35.69675],[139.881541,35.696728],[139.881513,35.696713],[139.881489,35.6967],[139.881504,35.696667],[139.881511,35.696653],[139.881603,35.696449],[139.881603,35.696422],[139.881637,35.696411],[139.88166,35.696387],[139.881663,35.696382],[139.88182,35.696466],[139.882034,35.696577],[139.882098,35.696611],[139.882016,35.69725],[139.882008,35.697312]]]},"properties":{}},{"type":"Feature","geometry":{"type":"Polygon","coordinates":[[[139.882008,35.697312],[139.882042,35.697347],[139.882004,35.697346],[139.882008,35.697312]]]},"properties":{}},{"type":"Feature","geometry":{"type":"Polygon","coordinates":[[[139.882004,35.697346],[139.881865,35.697343],[139.88177,35.697342],[139.881758,35.697341],[139.881771,35.697286],[139.881788,35.697211],[139.881782,35.697173],[139.881765,35.697111],[139.881695,35.697047],[139.881561,35.696976],[139.881544,35.696967],[139.881518,35.696944],[139.881463,35.696756],[139.881474,35.696731],[139.881489,35.6967],[139.881513,35.696713],[139.881541,35.696728],[139.88156,35.69675],[139.881572,35.696777],[139.881581,35.696805],[139.881595,35.696866],[139.881615,35.696898],[139.881636,35.696929],[139.881664,35.696955],[139.881735,35.696994],[139.881812,35.697049],[139.881833,35.697074],[139.881845,35.697092],[139.881893,35.697196],[139.882008,35.697312],[139.882004,35.697346]]]},"properties":{}},{"type":"Feature","geometry":{"type":"Polygon","coordinates":[[[139.882004,35.697346],[139.882042,35.697347],[139.882081,35.697386],[139.881998,35.697385],[139.882004,35.697346]]]},"properties":{}},{"type":"Feature","geometry":{"type":"Polygon","coordinates":[[[139.881998,35.697385],[139.881841,35.697382],[139.881435,35.697373],[139.881688,35.697339],[139.881758,35.697341],[139.88177,35.697342],[139.881865,35.697343],[139.882004,35.697346],[139.881998,35.697385]]]},"properties":{}},{"type":"Feature","geometry":{"type":"Polygon","coordinates":[[[139.881976,35.697541],[139.882174,35.697535],[139.882165,35.697605],[139.882159,35.697651],[139.882019,35.698713],[139.881927,35.699441],[139.881883,35.699776],[139.881761,35.700568],[139.881682,35.701113],[139.881621,35.701711],[139.881543,35.702409],[139.881534,35.702461],[139.881448,35.702466],[139.881453,35.702443],[139.88148,35.702205],[139.881544,35.701722],[139.881675,35.700569],[139.881717,35.699649],[139.881793,35.698874],[139.881848,35.698416],[139.88187,35.69828],[139.881953,35.697699],[139.881966,35.697611],[139.881976,35.697541]]]},"properties":{}},{"type":"Feature","geometry":{"type":"Polygon","coordinates":[[[139.881953,35.697699],[139.881862,35.697696],[139.881788,35.697693],[139.881755,35.697773],[139.881247,35.697946],[139.881092,35.69802],[139.880909,35.698085],[139.880793,35.6981],[139.880736,35.698114],[139.880715,35.697998],[139.88068,35.697667],[139.880681,35.697617],[139.880683,35.697589],[139.881682,35.697548],[139.881846,35.697544],[139.881976,35.697541],[139.881966,35.697611],[139.881953,35.697699]]]},"properties":{}},{"type":"Feature","geometry":{"type":"Polygon","coordinates":[[[139.88187,35.69828],[139.881789,35.69827],[139.881759,35.698257],[139.881749,35.698066],[139.881755,35.697773],[139.881788,35.697693],[139.881862,35.697696],[139.881953,35.697699],[139.88187,35.69828]]]},"properties":{}},{"type":"Feature","geometry":{"type":"Polygon","coordinates":[[[139.881717,35.699649],[139.881678,35.699839],[139.881656,35.699966],[139.881615,35.699972],[139.881583,35.699983],[139.881111,35.700595],[139.880983,35.700728],[139.880963,35.70056],[139.880941,35.700429],[139.880906,35.70031],[139.880843,35.700167],[139.880789,35.699934],[139.880768,35.699277],[139.880783,35.699222],[139.880828,35.699149],[139.880876,35.699064],[139.880946,35.698942],[139.880982,35.69887],[139.880965,35.698815],[139.880894,35.698685],[139.880773,35.69844],[139.880736,35.698114],[139.880793,35.6981],[139.880909,35.698085],[139.881092,35.69802],[139.881247,35.697946],[139.881755,35.697773],[139.881749,35.698066],[139.881759,35.698257],[139.881789,35.69827],[139.88187,35.69828],[139.881848,35.698416],[139.881793,35.698874],[139.881717,35.699649]]]},"properties":{}},{"type":"Feature","geometry":{"type":"Polygon","coordinates":[[[139.880745,35.705197],[139.880881,35.704751],[139.880967,35.704762],[139.880875,35.705241],[139.880777,35.705589],[139.880586,35.706296],[139.880554,35.706416],[139.880424,35.706402],[139.880458,35.706273],[139.880641,35.705584],[139.880745,35.705197]]]},"properties":{}},{"type":"Feature","geometry":{"type":"Polygon","coordinates":[[[139.880641,35.705584],[139.880503,35.705585],[139.879771,35.70559],[139.879866,35.705084],[139.879948,35.704653],[139.879991,35.704657],[139.880236,35.704677],[139.880676,35.704728],[139.880705,35.704731],[139.880821,35.704744],[139.880745,35.705197],[139.880641,35.705584]]]},"properties":{}},{"type":"Feature","geometry":{"type":"Polygon","coordinates":[[[139.880424,35.706402],[139.880317,35.70639],[139.879634,35.706311],[139.879771,35.70559],[139.880503,35.705585],[139.880641,35.705584],[139.880458,35.706273],[139.880424,35.706402]]]},"properties":{}},{"type":"Feature","geometry":{"type":"Polygon","coordinates":[[[139.880014,35.70802],[139.880161,35.708023],[139.880137,35.708116],[139.879991,35.708724],[139.879896,35.709089],[139.879798,35.709494],[139.87976,35.709649],[139.879732,35.709761],[139.879625,35.709746],[139.87965,35.709632],[139.87977,35.709065],[139.87985,35.708733],[139.879997,35.708094],[139.880014,35.70802]]]},"properties":{}},{"type":"Feature","geometry":{"type":"Polygon","coordinates":[[[139.87985,35.708733],[139.879747,35.708732],[139.879692,35.708731],[139.879219,35.708727],[139.879222,35.708689],[139.879276,35.708021],[139.879622,35.70801],[139.879916,35.708017],[139.880014,35.70802],[139.879997,35.708094],[139.87985,35.708733]]]},"properties":{}},{"type":"Feature","geometry":{"type":"Polygon","coordinates":[[[139.879625,35.709746],[139.87955,35.709733],[139.879402,35.709725],[139.879129,35.70971],[139.879133,35.709671],[139.879165,35.709389],[139.87917,35.709316],[139.879178,35.70923],[139.879186,35.70913],[139.879192,35.709049],[139.879219,35.708727],[139.879692,35.708731],[139.879747,35.708732],[139.87985,35.708733],[139.87977,35.709065],[139.87965,35.709632],[139.879625,35.709746]]]},"properties":{}},{"type":"Feature","geometry":{"type":"Polygon","coordinates":[[[139.879524,35.710196],[139.879439,35.710187],[139.879385,35.710181],[139.879283,35.71017],[139.879084,35.710149],[139.879116,35.709837],[139.879129,35.70971],[139.879402,35.709725],[139.87955,35.709733],[139.879625,35.709746],[139.879607,35.709826],[139.879524,35.710196]]]},"properties":{}},{"type":"Feature","geometry":{"type":"Polygon","coordinates":[[[139.879452,35.710487],[139.87938,35.710486],[139.87906,35.710477],[139.879061,35.710453],[139.879084,35.710149],[139.879283,35.71017],[139.879385,35.710181],[139.879439,35.710187],[139.879524,35.710196],[139.879452,35.710487]]]},"properties":{}},{"type":"Feature","geometry":{"type":"Polygon","coordinates":[[[139.881717,35.699649],[139.881675,35.700569],[139.881544,35.701722],[139.88148,35.702205],[139.881453,35.702443],[139.881448,35.702466],[139.881371,35.70247],[139.881384,35.702363],[139.88147,35.701637],[139.881485,35.701503],[139.881509,35.70129],[139.881592,35.70053],[139.881656,35.699966],[139.881678,35.699839],[139.881717,35.699649]]]},"properties":{}},{"type":"Feature","geometry":{"type":"Polygon","coordinates":[[[139.881509,35.70129],[139.88146,35.701287],[139.881095,35.701262],[139.881052,35.701242],[139.881038,35.701211],[139.881003,35.700928],[139.880988,35.700775],[139.880983,35.700728],[139.881111,35.700595],[139.881583,35.699983],[139.881615,35.699972],[139.881656,35.699966],[139.881592,35.70053],[139.881509,35.70129]]]},"properties":{}},{"type":"Feature","geometry":{"type":"Polygon","coordinates":[[[139.881485,35.701503],[139.88147,35.701637],[139.881264,35.701644],[139.88066,35.701694],[139.880493,35.701484],[139.880467,35.701363],[139.880383,35.701174],[139.880319,35.701043],[139.880287,35.700818],[139.880622,35.700787],[139.880988,35.700775],[139.881003,35.700928],[139.881038,35.701211],[139.881052,35.701242],[139.881095,35.701262],[139.88146,35.701287],[139.881509,35.70129],[139.881485,35.701503]]]},"properties":{}},{"type":"Feature","geometry":{"type":"Polygon","coordinates":[[[139.881883,35.699776],[139.881882,35.700035],[139.881875,35.700242],[139.881836,35.700578],[139.881784,35.701015],[139.881722,35.701542],[139.881677,35.701918],[139.881626,35.70235],[139.881613,35.702457],[139.881534,35.702461],[139.881543,35.702409],[139.881621,35.701711],[139.881682,35.701113],[139.881761,35.700568],[139.881883,35.699776]]]},"properties":{}},{"type":"Feature","geometry":{"type":"Polygon","coordinates":[[[139.877022,35.697594],[139.876979,35.697546],[139.877193,35.697498],[139.877386,35.697457],[139.877592,35.697418],[139.877802,35.697386],[139.878109,35.697351],[139.878397,35.697332],[139.878456,35.697331],[139.878733,35.697327],[139.879585,35.697317],[139.88039,35.697302],[139.880621,35.697301],[139.881688,35.697339],[139.881435,35.697373],[139.880876,35.697359],[139.879048,35.697372],[139.878549,35.69738],[139.878266,35.69739],[139.878,35.697409],[139.877718,35.697449],[139.877442,35.697503],[139.877117,35.697572],[139.877022,35.697594]]]},"properties":{}},{"type":"Feature","geometry":{"type":"Polygon","coordinates":[[[139.877022,35.697594],[139.877081,35.697661],[139.876822,35.697718],[139.876321,35.697835],[139.876264,35.697772],[139.8768,35.697646],[139.877022,35.697594]]]},"properties":{}},{"type":"Feature","geometry":{"type":"Polygon","coordinates":[[[139.876264,35.697772],[139.876223,35.697725],[139.876374,35.69769],[139.876979,35.697546],[139.877022,35.697594],[139.8768,35.697646],[139.876264,35.697772]]]},"properties":{}},{"type":"Feature","geometry":{"type":"Polygon","coordinates":[[[139.876264,35.697772],[139.876321,35.697835],[139.875973,35.697917],[139.875606,35.698004],[139.875552,35.697941],[139.875947,35.697846],[139.876264,35.697772]]]},"properties":{}},{"type":"Feature","geometry":{"type":"Polygon","coordinates":[[[139.875552,35.697941],[139.875508,35.69789],[139.876223,35.697725],[139.876264,35.697772],[139.875947,35.697846],[139.875552,35.697941]]]},"properties":{}},{"type":"Feature","geometry":{"type":"Polygon","coordinates":[[[139.875552,35.697941],[139.875606,35.698004],[139.874798,35.698198],[139.874749,35.698133],[139.875552,35.697941]]]},"properties":{}},{"type":"Feature","geometry":{"type":"Polygon","coordinates":[[[139.874749,35.698133],[139.87471,35.698082],[139.874991,35.698015],[139.875191,35.697967],[139.875508,35.69789],[139.875552,35.697941],[139.874749,35.698133]]]},"properties":{}},{"type":"Feature","geometry":{"type":"Polygon","coordinates":[[[139.874749,35.698133],[139.874798,35.698198],[139.874056,35.698376],[139.874039,35.698303],[139.874749,35.698133]]]},"properties":{}},{"type":"Feature","geometry":{"type":"Polygon","coordinates":[[[139.874039,35.698303],[139.874026,35.698247],[139.87471,35.698082],[139.874749,35.698133],[139.874039,35.698303]]]},"properties":{}},{"type":"Feature","geometry":{"type":"Polygon","coordinates":[[[139.874039,35.698303],[139.874056,35.698376],[139.873448,35.698522],[139.873227,35.698571],[139.873237,35.698492],[139.873428,35.698449],[139.874039,35.698303]]]},"properties":{}},{"type":"Feature","geometry":{"type":"Polygon","coordinates":[[[139.873237,35.698492],[139.873244,35.698431],[139.873662,35.698332],[139.874026,35.698247],[139.874039,35.698303],[139.873428,35.698449],[139.873237,35.698492]]]},"properties":{}},{"type":"Feature","geometry":{"type":"Polygon","coordinates":[[[139.873428,35.725054],[139.873492,35.724811],[139.873542,35.724626],[139.873581,35.724478],[139.873917,35.72438],[139.874136,35.724309],[139.874374,35.724193],[139.874475,35.724149],[139.874558,35.724158],[139.874501,35.724373],[139.874396,35.724774],[139.874346,35.724962],[139.874282,35.725205],[139.873428,35.725054]]]},"properties":{}},{"type":"Feature","geometry":{"type":"Polygon","coordinates":[[[139.874282,35.725205],[139.874346,35.724962],[139.874396,35.724774],[139.874501,35.724373],[139.874558,35.724158],[139.874958,35.724183],[139.875001,35.724184],[139.874968,35.724588],[139.874985,35.724715],[139.875262,35.724925],[139.875147,35.725357],[139.874282,35.725205]]]},"properties":{}},{"type":"Feature","geometry":{"type":"Polygon","coordinates":[[[139.875147,35.725357],[139.875262,35.724925],[139.875375,35.725016],[139.875761,35.725169],[139.875976,35.725236],[139.875919,35.72548],[139.875147,35.725357]]]},"properties":{}},{"type":"Feature","geometry":{"type":"Polygon","coordinates":[[[139.875919,35.72548],[139.875976,35.725236],[139.876398,35.725319],[139.876303,35.725488],[139.87626,35.725542],[139.875919,35.72548]]]},"properties":{}},{"type":"Feature","geometry":{"type":"Polygon","coordinates":[[[139.87626,35.725542],[139.876228,35.72558],[139.876196,35.725629],[139.875966,35.726],[139.875904,35.726112],[139.875886,35.726055],[139.875863,35.725962],[139.875835,35.725835],[139.875833,35.725804],[139.87584,35.725765],[139.875919,35.72548],[139.87626,35.725542]]]},"properties":{}},{"type":"Feature","geometry":{"type":"Polygon","coordinates":[[[139.875214,35.717935],[139.874941,35.717894],[139.874771,35.718607],[139.874489,35.718557],[139.873938,35.718494],[139.873816,35.718499],[139.873706,35.718487],[139.873185,35.718399],[139.873195,35.718373],[139.873318,35.718046],[139.873384,35.71787],[139.873408,35.717761],[139.873474,35.717468],[139.873572,35.717139],[139.8736,35.717065],[139.873713,35.716776],[139.873843,35.716516],[139.874028,35.716242],[139.874107,35.716118],[139.874159,35.716089],[139.874362,35.716312],[139.874593,35.716532],[139.875044,35.716947],[139.875075,35.716975],[139.875175,35.717068],[139.875222,35.717111],[139.875381,35.717258],[139.875318,35.717516],[139.875286,35.717649],[139.875214,35.717935]]]},"properties":{}},{"type":"Feature","geometry":{"type":"Polygon","coordinates":[[[139.875051,35.718657],[139.874771,35.718607],[139.874941,35.717894],[139.875214,35.717935],[139.875051,35.718657]]]},"properties":{}},{"type":"Feature","geometry":{"type":"Polygon","coordinates":[[[139.874785,35.719678],[139.874242,35.719593],[139.873878,35.719532],[139.873744,35.71951],[139.873161,35.71949],[139.87279,35.719443],[139.872818,35.719357],[139.872866,35.719222],[139.872999,35.718862],[139.873185,35.718399],[139.873706,35.718487],[139.873816,35.718499],[139.873938,35.718494],[139.874489,35.718557],[139.874771,35.718607],[139.875051,35.718657],[139.874915,35.719168],[139.874785,35.719678]]]},"properties":{}},{"type":"Feature","geometry":{"type":"Polygon","coordinates":[[[139.874266,35.721754],[139.874607,35.721812],[139.874836,35.721851],[139.874894,35.72186],[139.874491,35.722312],[139.874107,35.722716],[139.874056,35.722608],[139.87414,35.722264],[139.874266,35.721754]]]},"properties":{}},{"type":"Feature","geometry":{"type":"Polygon","coordinates":[[[139.91442,35.708281],[139.912458,35.707172],[139.912293,35.707075],[139.91234,35.707019],[139.912507,35.707118],[139.913563,35.707737],[139.91442,35.708281]]]},"properties":{}},{"type":"Feature","geometry":{"type":"Polygon","coordinates":[[[139.911739,35.706573],[139.911701,35.706592],[139.911648,35.706616],[139.911244,35.706383],[139.910637,35.706031],[139.910195,35.705786],[139.909825,35.705593],[139.909541,35.705455],[139.909275,35.705331],[139.909006,35.705219],[139.908555,35.705049],[139.908774,35.705086],[139.909143,35.705217],[139.909633,35.705415],[139.910444,35.705836],[139.910482,35.705857],[139.910496,35.705865],[139.911083,35.70619],[139.911687,35.70653],[139.911739,35.706573]]]},"properties":{}},{"type":"Feature","geometry":{"type":"Polygon","coordinates":[[[139.910482,35.705857],[139.910491,35.705826],[139.910492,35.705822],[139.910563,35.705709],[139.910688,35.705607],[139.910724,35.705513],[139.910789,35.705348],[139.911601,35.705379],[139.911758,35.705349],[139.91183,35.705982],[139.911921,35.706451],[139.911932,35.70651],[139.911842,35.70654],[139.911739,35.706573],[139.911687,35.70653],[139.911083,35.70619],[139.910496,35.705865],[139.910482,35.705857]]]},"properties":{}},{"type":"Feature","geometry":{"type":"Polygon","coordinates":[[[139.909633,35.705415],[139.909643,35.705382],[139.90983,35.704781],[139.910854,35.704969],[139.910889,35.704976],[139.910789,35.705348],[139.910724,35.705513],[139.910688,35.705607],[139.910563,35.705709],[139.910492,35.705822],[139.910491,35.705826],[139.910482,35.705857],[139.910444,35.705836],[139.909633,35.705415]]]},"properties":{}},{"type":"Feature","geometry":{"type":"Polygon","coordinates":[[[139.908555,35.705049],[139.90836,35.704975],[139.908394,35.704909],[139.908773,35.704171],[139.909996,35.704169],[139.91,35.704199],[139.910002,35.70421],[139.90983,35.704781],[139.909643,35.705382],[139.909633,35.705415],[139.909143,35.705217],[139.908774,35.705086],[139.908555,35.705049]]]},"properties":{}},{"type":"Feature","geometry":{"type":"Polygon","coordinates":[[[139.908963,35.705507],[139.908943,35.705544],[139.908618,35.706126],[139.90808,35.705946],[139.907676,35.705806],[139.908041,35.705151],[139.908076,35.705089],[139.90826,35.70515],[139.908528,35.705295],[139.908963,35.705507]]]},"properties":{}},{"type":"Feature","geometry":{"type":"Polygon","coordinates":[[[139.909622,35.705829],[139.909603,35.705863],[139.909332,35.706368],[139.908873,35.706209],[139.908618,35.706126],[139.908943,35.705544],[139.908963,35.705507],[139.909212,35.705627],[139.909622,35.705829]]]},"properties":{}},{"type":"Feature","geometry":{"type":"Polygon","coordinates":[[[139.910428,35.706289],[139.910029,35.706615],[139.909984,35.706599],[139.909332,35.706368],[139.909603,35.705863],[139.909622,35.705829],[139.910359,35.706252],[139.910428,35.706289]]]},"properties":{}},{"type":"Feature","geometry":{"type":"Polygon","coordinates":[[[139.911263,35.706797],[139.911218,35.706824],[139.911052,35.706923],[139.910782,35.707075],[139.910731,35.707033],[139.910029,35.706615],[139.910428,35.706289],[139.910907,35.706568],[139.911204,35.706739],[139.911263,35.706797]]]},"properties":{}},{"type":"Feature","geometry":{"type":"Polygon","coordinates":[[[139.893003,35.702321],[139.893103,35.70279],[139.89258,35.703539],[139.89192,35.703424],[139.890897,35.703246],[139.891107,35.702414],[139.893003,35.702321]]]},"properties":{}},{"type":"Feature","geometry":{"type":"Polygon","coordinates":[[[139.891107,35.702414],[139.89123,35.701984],[139.892937,35.701881],[139.892933,35.701909],[139.892934,35.701931],[139.893003,35.702321],[139.891107,35.702414]]]},"properties":{}},{"type":"Feature","geometry":{"type":"Polygon","coordinates":[[[139.891107,35.702414],[139.890897,35.703246],[139.890566,35.703189],[139.890378,35.703156],[139.890562,35.702494],[139.890578,35.702443],[139.891107,35.702414]]]},"properties":{}},{"type":"Feature","geometry":{"type":"Polygon","coordinates":[[[139.890578,35.702443],[139.890053,35.702472],[139.890139,35.702176],[139.890152,35.702118],[139.890163,35.702039],[139.89123,35.701984],[139.891107,35.702414],[139.890578,35.702443]]]},"properties":{}},{"type":"Feature","geometry":{"type":"Polygon","coordinates":[[[139.891175,35.705676],[139.891266,35.705692],[139.892152,35.705849],[139.892247,35.705906],[139.892215,35.705923],[139.891378,35.706417],[139.891324,35.706348],[139.890895,35.706094],[139.891175,35.705676]]]},"properties":{}},{"type":"Feature","geometry":{"type":"Polygon","coordinates":[[[139.890895,35.706094],[139.891324,35.706348],[139.891378,35.706417],[139.890695,35.706827],[139.890627,35.706867],[139.890492,35.706675],[139.890773,35.706272],[139.890895,35.706094]]]},"properties":{}},{"type":"Feature","geometry":{"type":"Polygon","coordinates":[[[139.897819,35.701423],[139.897967,35.701477],[139.89795,35.701524],[139.897819,35.701423]]]},"properties":{}},{"type":"Feature","geometry":{"type":"Polygon","coordinates":[[[139.897819,35.701423],[139.897778,35.701409],[139.897562,35.70133],[139.89735,35.701242],[139.897148,35.701146],[139.896944,35.701034],[139.896741,35.7009],[139.896557,35.700762],[139.896377,35.700605],[139.89621,35.700438],[139.89606,35.700268],[139.895915,35.700085],[139.895118,35.699065],[139.894957,35.698866],[139.894777,35.698657],[139.894613,35.698489],[139.894448,35.698333],[139.894283,35.698195],[139.894106,35.698067],[139.89392,35.69795],[139.893795,35.69788],[139.893826,35.697817],[139.893889,35.697859],[139.894049,35.697965],[139.894282,35.698127],[139.894479,35.698286],[139.894658,35.698454],[139.894836,35.698638],[139.894969,35.698797],[139.895086,35.69894],[139.895661,35.699666],[139.8958,35.699838],[139.896155,35.700261],[139.89637,35.70052],[139.89653,35.700663],[139.89666,35.70078],[139.896813,35.700887],[139.896964,35.700982],[139.897124,35.701077],[139.89729,35.701161],[139.897449,35.701233],[139.897737,35.70136],[139.897819,35.701423]]]},"properties":{}},{"type":"Feature","geometry":{"type":"Polygon","coordinates":[[[139.897449,35.701233],[139.897846,35.700454],[139.898393,35.700643],[139.898232,35.700937],[139.898067,35.701255],[139.898023,35.701338],[139.897989,35.701417],[139.897967,35.701477],[139.897819,35.701423],[139.897737,35.70136],[139.897449,35.701233]]]},"properties":{}},{"type":"Feature","geometry":{"type":"Polygon","coordinates":[[[139.896964,35.700982],[139.897561,35.699779],[139.898102,35.699962],[139.897846,35.700454],[139.897449,35.701233],[139.89729,35.701161],[139.897124,35.701077],[139.896964,35.700982]]]},"properties":{}},{"type":"Feature","geometry":{"type":"Polygon","coordinates":[[[139.89653,35.700663],[139.897061,35.69961],[139.897561,35.699779],[139.896964,35.700982],[139.896813,35.700887],[139.89666,35.70078],[139.89653,35.700663]]]},"properties":{}},{"type":"Feature","geometry":{"type":"Polygon","coordinates":[[[139.896155,35.700261],[139.896556,35.699439],[139.897061,35.69961],[139.89653,35.700663],[139.89637,35.70052],[139.896155,35.700261]]]},"properties":{}},{"type":"Feature","geometry":{"type":"Polygon","coordinates":[[[139.895661,35.699666],[139.895889,35.699213],[139.896556,35.699439],[139.896155,35.700261],[139.8958,35.699838],[139.895661,35.699666]]]},"properties":{}},{"type":"Feature","geometry":{"type":"Polygon","coordinates":[[[139.895086,35.69894],[139.895303,35.699014],[139.895889,35.699213],[139.895661,35.699666],[139.895086,35.69894]]]},"properties":{}},{"type":"Feature","geometry":{"type":"Polygon","coordinates":[[[139.894836,35.698638],[139.894893,35.698525],[139.895006,35.698295],[139.895083,35.698147],[139.895164,35.697986],[139.895252,35.697812],[139.895305,35.697829],[139.895819,35.698],[139.895731,35.698174],[139.895653,35.698327],[139.895583,35.698464],[139.895573,35.698483],[139.895463,35.698699],[139.895449,35.698727],[139.895303,35.699014],[139.895086,35.69894],[139.894969,35.698797],[139.894836,35.698638]]]},"properties":{}},{"type":"Feature","geometry":{"type":"Polygon","coordinates":[[[139.893826,35.697817],[139.893849,35.69777],[139.89403,35.697408],[139.894106,35.697433],[139.894139,35.697444],[139.894658,35.697616],[139.895196,35.697794],[139.895252,35.697812],[139.895164,35.697986],[139.895083,35.698147],[139.895006,35.698295],[139.894893,35.698525],[139.894836,35.698638],[139.894658,35.698454],[139.894479,35.698286],[139.894282,35.698127],[139.894049,35.697965],[139.893889,35.697859],[139.893826,35.697817]]]},"properties":{}},{"type":"Feature","geometry":{"type":"Polygon","coordinates":[[[139.893809,35.701977],[139.893103,35.70279],[139.893003,35.702321],[139.892934,35.701931],[139.892933,35.701909],[139.892937,35.701881],[139.893791,35.701841],[139.893809,35.701977]]]},"properties":{}},{"type":"Feature","geometry":{"type":"Polygon","coordinates":[[[139.893809,35.701977],[139.893909,35.702119],[139.893945,35.702226],[139.893969,35.702371],[139.893962,35.702616],[139.893961,35.702703],[139.893971,35.702855],[139.893959,35.703165],[139.893963,35.703386],[139.893958,35.703552],[139.893982,35.704287],[139.893484,35.704408],[139.893261,35.703467],[139.893103,35.70279],[139.893809,35.701977]]]},"properties":{}},{"type":"Feature","geometry":{"type":"Polygon","coordinates":[[[139.897277,35.690939],[139.897342,35.69096],[139.897398,35.690978],[139.897904,35.691144],[139.898438,35.691326],[139.898484,35.691342],[139.89854,35.691362],[139.899054,35.691549],[139.89909,35.69156],[139.899937,35.691841],[139.900031,35.691873],[139.900144,35.69191],[139.900235,35.691955],[139.900311,35.691992],[139.900498,35.692085],[139.9007,35.692191],[139.900958,35.692327],[139.901167,35.692446],[139.901224,35.692473],[139.901339,35.692531],[139.901684,35.692707],[139.901513,35.69292],[139.901422,35.693038],[139.901182,35.693343],[139.900952,35.693615],[139.900721,35.693888],[139.90067,35.69395],[139.900615,35.693914],[139.900228,35.693658],[139.900204,35.693642],[139.899743,35.693331],[139.899422,35.693139],[139.899126,35.69302],[139.89905,35.692989],[139.899009,35.693062],[139.898792,35.693453],[139.898692,35.693657],[139.898573,35.693877],[139.898427,35.694162],[139.898344,35.69404],[139.89722,35.692458],[139.896999,35.692154],[139.897185,35.692486],[139.897711,35.693227],[139.8984,35.694215],[139.898347,35.694318],[139.897609,35.69328],[139.897077,35.69253],[139.89682,35.692239],[139.89703,35.692536],[139.898147,35.694108],[139.898325,35.694359],[139.898244,35.694519],[139.897365,35.694224],[139.897047,35.694121],[139.89695,35.694083],[139.896522,35.693944],[139.895875,35.693726],[139.8962,35.693079],[139.89661,35.692266],[139.896653,35.69218],[139.896695,35.692096],[139.897176,35.69114],[139.897277,35.690939]]]},"properties":{}},{"type":"Feature","geometry":{"type":"Polygon","coordinates":[[[139.895875,35.693726],[139.896522,35.693944],[139.8965,35.693986],[139.896319,35.694349],[139.896256,35.694475],[139.896179,35.69463],[139.896128,35.694732],[139.896023,35.694942],[139.895449,35.694739],[139.895373,35.694712],[139.895525,35.694413],[139.895604,35.694259],[139.895702,35.694066],[139.895875,35.693726]]]},"properties":{}},{"type":"Feature","geometry":{"type":"Polygon","coordinates":[[[139.895373,35.694712],[139.895449,35.694739],[139.896023,35.694942],[139.895938,35.695112],[139.895749,35.69549],[139.895728,35.695532],[139.895644,35.695506],[139.89508,35.695314],[139.895373,35.694712]]]},"properties":{}},{"type":"Feature","geometry":{"type":"Polygon","coordinates":[[[139.89508,35.695314],[139.895644,35.695506],[139.895624,35.695549],[139.895448,35.695912],[139.895347,35.69612],[139.89527,35.696278],[139.895914,35.696496],[139.895819,35.696686],[139.895748,35.696826],[139.895651,35.69702],[139.895546,35.697228],[139.895519,35.697281],[139.894926,35.697085],[139.894299,35.69687],[139.894421,35.696624],[139.894683,35.696092],[139.89508,35.695314]]]},"properties":{}},{"type":"Feature","geometry":{"type":"Polygon","coordinates":[[[139.894683,35.696092],[139.894617,35.69607],[139.894579,35.696057],[139.894091,35.695895],[139.894115,35.69585],[139.894169,35.695734],[139.89425,35.695574],[139.89444,35.695188],[139.894453,35.69516],[139.894482,35.695118],[139.89508,35.695314],[139.894683,35.696092]]]},"properties":{}},{"type":"Feature","geometry":{"type":"Polygon","coordinates":[[[139.894299,35.69687],[139.893703,35.696665],[139.893731,35.696607],[139.893817,35.696436],[139.894066,35.695944],[139.894091,35.695895],[139.894579,35.696057],[139.894617,35.69607],[139.894683,35.696092],[139.894421,35.696624],[139.894299,35.69687]]]},"properties":{}},{"type":"Feature","geometry":{"type":"Polygon","coordinates":[[[139.894299,35.69687],[139.894926,35.697085],[139.894783,35.697367],[139.894658,35.697616],[139.894139,35.697444],[139.894106,35.697433],[139.89403,35.697408],[139.894299,35.69687]]]},"properties":{}},{"type":"Feature","geometry":{"type":"Polygon","coordinates":[[[139.89403,35.697408],[139.89397,35.697388],[139.893934,35.697376],[139.893489,35.69723],[139.893427,35.69721],[139.893566,35.696936],[139.893674,35.696721],[139.893703,35.696665],[139.894299,35.69687],[139.89403,35.697408]]]},"properties":{}},{"type":"Feature","geometry":{"type":"Polygon","coordinates":[[[139.893826,35.697817],[139.893758,35.697781],[139.893527,35.697676],[139.893259,35.69757],[139.893283,35.697519],[139.893353,35.697367],[139.893427,35.69721],[139.893489,35.69723],[139.893934,35.697376],[139.89397,35.697388],[139.89403,35.697408],[139.893849,35.69777],[139.893826,35.697817]]]},"properties":{}},{"type":"Feature","geometry":{"type":"Polygon","coordinates":[[[139.890498,35.704739],[139.890608,35.704366],[139.891895,35.704596],[139.891658,35.70494],[139.891183,35.704858],[139.890807,35.704793],[139.890498,35.704739]]]},"properties":{}},{"type":"Feature","geometry":{"type":"Polygon","coordinates":[[[139.891658,35.70494],[139.891895,35.704596],[139.892374,35.704802],[139.892217,35.705037],[139.891658,35.70494]]]},"properties":{}},{"type":"Feature","geometry":{"type":"Polygon","coordinates":[[[139.889762,35.705424],[139.890417,35.705541],[139.89023,35.706164],[139.889587,35.706037],[139.889762,35.705424]]]},"properties":{}},{"type":"Feature","geometry":{"type":"Polygon","coordinates":[[[139.892321,35.697543],[139.892501,35.698124],[139.892422,35.698109],[139.892226,35.698085],[139.892007,35.698021],[139.891933,35.698019],[139.891526,35.698043],[139.891461,35.69802],[139.891381,35.698014],[139.891257,35.698004],[139.891188,35.698009],[139.890524,35.697987],[139.890556,35.697493],[139.891281,35.69749],[139.89162,35.697495],[139.891984,35.697513],[139.892321,35.697543]]]},"properties":{}},{"type":"Feature","geometry":{"type":"Polygon","coordinates":[[[139.893743,35.697989],[139.893535,35.698405],[139.892685,35.698116],[139.892501,35.698124],[139.892321,35.697543],[139.892643,35.697593],[139.892949,35.697667],[139.89324,35.697762],[139.893507,35.697872],[139.893743,35.697989]]]},"properties":{}},{"type":"Feature","geometry":{"type":"Polygon","coordinates":[[[139.890897,35.703246],[139.89192,35.703424],[139.891831,35.703794],[139.890803,35.703614],[139.890822,35.703541],[139.890897,35.703246]]]},"properties":{}},{"type":"Feature","geometry":{"type":"Polygon","coordinates":[[[139.890498,35.704739],[139.890191,35.704685],[139.889984,35.704649],[139.889934,35.704197],[139.889987,35.704117],[139.890518,35.704353],[139.890608,35.704366],[139.890498,35.704739]]]},"properties":{}},{"type":"Feature","geometry":{"type":"Polygon","coordinates":[[[139.8885,35.708174],[139.887753,35.708626],[139.887733,35.70865],[139.887721,35.708693],[139.887689,35.708689],[139.887573,35.708672],[139.88749,35.708653],[139.887506,35.708605],[139.887528,35.708022],[139.887529,35.708007],[139.887882,35.707946],[139.888388,35.707847],[139.888438,35.708046],[139.8885,35.708174]]]},"properties":{}},{"type":"Feature","geometry":{"type":"Polygon","coordinates":[[[139.888387,35.70785],[139.887527,35.70802],[139.887563,35.70734],[139.887575,35.706863],[139.888122,35.706751],[139.888193,35.706996],[139.888387,35.70785]]]},"properties":{}},{"type":"Feature","geometry":{"type":"Polygon","coordinates":[[[139.888122,35.706751],[139.887575,35.706863],[139.887603,35.706501],[139.887509,35.706302],[139.888002,35.706223],[139.888046,35.706414],[139.888122,35.706751]]]},"properties":{}},{"type":"Feature","geometry":{"type":"Polygon","coordinates":[[[139.89729,35.701634],[139.897584,35.701629],[139.897653,35.70163],[139.897731,35.701636],[139.89781,35.701646],[139.897898,35.701662],[139.897823,35.701886],[139.89774,35.702114],[139.897582,35.70251],[139.897564,35.702558],[139.896905,35.702387],[139.896977,35.702258],[139.89729,35.701634]]]},"properties":{}},{"type":"Feature","geometry":{"type":"Polygon","coordinates":[[[139.896905,35.702387],[139.897564,35.702558],[139.897376,35.703075],[139.897286,35.703323],[139.896507,35.703108],[139.896621,35.702917],[139.896749,35.702674],[139.896905,35.702387]]]},"properties":{}},{"type":"Feature","geometry":{"type":"Polygon","coordinates":[[[139.896507,35.703108],[139.897286,35.703323],[139.897192,35.703581],[139.896403,35.703609],[139.896306,35.703589],[139.896266,35.703561],[139.896225,35.703533],[139.896305,35.703444],[139.896372,35.703354],[139.896407,35.703278],[139.896507,35.703108]]]},"properties":{}},{"type":"Feature","geometry":{"type":"Polygon","coordinates":[[[139.892637,35.700091],[139.8927,35.699953],[139.892811,35.699765],[139.892901,35.699628],[139.892964,35.699543],[139.894184,35.69994],[139.893998,35.700346],[139.893032,35.700223],[139.892645,35.700272],[139.892629,35.700199],[139.892626,35.700132],[139.892637,35.700091]]]},"properties":{}},{"type":"Feature","geometry":{"type":"Polygon","coordinates":[[[139.892645,35.700272],[139.892664,35.700374],[139.891986,35.700394],[139.891931,35.699577],[139.892645,35.699542],[139.892869,35.69954],[139.892964,35.699543],[139.892901,35.699628],[139.892811,35.699765],[139.8927,35.699953],[139.892637,35.700091],[139.892626,35.700132],[139.892629,35.700199],[139.892645,35.700272]]]},"properties":{}},{"type":"Feature","geometry":{"type":"Polygon","coordinates":[[[139.892645,35.700272],[139.893032,35.700223],[139.893998,35.700346],[139.893758,35.700868],[139.893344,35.700781],[139.893033,35.700681],[139.892738,35.700715],[139.892664,35.700374],[139.892645,35.700272]]]},"properties":{}},{"type":"Feature","geometry":{"type":"Polygon","coordinates":[[[139.892738,35.700715],[139.892834,35.70119],[139.892007,35.701223],[139.891984,35.700947],[139.891986,35.700394],[139.892664,35.700374],[139.892738,35.700715]]]},"properties":{}},{"type":"Feature","geometry":{"type":"Polygon","coordinates":[[[139.892738,35.700715],[139.893033,35.700681],[139.893344,35.700781],[139.893758,35.700868],[139.893507,35.701382],[139.892887,35.701424],[139.892834,35.70119],[139.892738,35.700715]]]},"properties":{}},{"type":"Feature","geometry":{"type":"Polygon","coordinates":[[[139.892887,35.701424],[139.892957,35.701763],[139.892958,35.701784],[139.892956,35.701809],[139.891574,35.701886],[139.89151,35.701252],[139.892007,35.701223],[139.892834,35.70119],[139.892887,35.701424]]]},"properties":{}},{"type":"Feature","geometry":{"type":"Polygon","coordinates":[[[139.892887,35.701424],[139.893507,35.701382],[139.894073,35.701343],[139.893999,35.701747],[139.892956,35.701809],[139.892958,35.701784],[139.892957,35.701763],[139.892887,35.701424]]]},"properties":{}},{"type":"Feature","geometry":{"type":"Polygon","coordinates":[[[139.893479,35.704396],[139.894008,35.704285],[139.894014,35.704705],[139.894073,35.704834],[139.89365,35.705083],[139.893502,35.704492],[139.893479,35.704396]]]},"properties":{}},{"type":"Feature","geometry":{"type":"Polygon","coordinates":[[[139.884947,35.7141],[139.885143,35.713433],[139.885212,35.713197],[139.885881,35.71346],[139.885779,35.713784],[139.885771,35.713813],[139.88571,35.714037],[139.885606,35.714424],[139.885595,35.714464],[139.885579,35.714522],[139.885033,35.714391],[139.884863,35.714333],[139.884947,35.7141]]]},"properties":{}},{"type":"Feature","geometry":{"type":"Polygon","coordinates":[[[139.884947,35.7141],[139.884384,35.713972],[139.884311,35.713981],[139.884143,35.713895],[139.883994,35.71383],[139.88409,35.713536],[139.884308,35.712833],[139.885255,35.713062],[139.885212,35.713197],[139.885143,35.713433],[139.884947,35.7141]]]},"properties":{}},{"type":"Feature","geometry":{"type":"Polygon","coordinates":[[[139.885255,35.713062],[139.885442,35.712532],[139.885989,35.712512],[139.885831,35.712927],[139.885831,35.712974],[139.885933,35.713242],[139.885881,35.71346],[139.885212,35.713197],[139.885255,35.713062]]]},"properties":{}},{"type":"Feature","geometry":{"type":"Polygon","coordinates":[[[139.885255,35.713062],[139.884308,35.712833],[139.883852,35.712728],[139.88381,35.712719],[139.883895,35.712195],[139.883812,35.711942],[139.883834,35.711924],[139.883847,35.711914],[139.884245,35.712006],[139.884663,35.712087],[139.885522,35.712288],[139.885442,35.712532],[139.885255,35.713062]]]},"properties":{}},{"type":"Feature","geometry":{"type":"Polygon","coordinates":[[[139.885522,35.712288],[139.885628,35.711951],[139.885863,35.711255],[139.886113,35.711218],[139.886215,35.711572],[139.886202,35.711859],[139.886191,35.71209],[139.885989,35.712512],[139.885442,35.712532],[139.885522,35.712288]]]},"properties":{}},{"type":"Feature","geometry":{"type":"Polygon","coordinates":[[[139.885522,35.712288],[139.884663,35.712087],[139.884245,35.712006],[139.884222,35.711605],[139.884205,35.711547],[139.884277,35.711528],[139.88462,35.711447],[139.884648,35.711443],[139.885326,35.711343],[139.885349,35.711384],[139.88544,35.711436],[139.885458,35.711493],[139.88546,35.71157],[139.885457,35.711633],[139.885464,35.711692],[139.885503,35.711791],[139.88557,35.711915],[139.885628,35.711951],[139.885522,35.712288]]]},"properties":{}},{"type":"Feature","geometry":{"type":"Polygon","coordinates":[[[139.885628,35.711951],[139.88557,35.711915],[139.885503,35.711791],[139.885464,35.711692],[139.885457,35.711633],[139.88546,35.71157],[139.885458,35.711493],[139.88544,35.711436],[139.885349,35.711384],[139.885326,35.711343],[139.885863,35.711255],[139.885628,35.711951]]]},"properties":{}},{"type":"Feature","geometry":{"type":"Polygon","coordinates":[[[139.884863,35.714333],[139.88471,35.714829],[139.8847,35.714858],[139.884626,35.71509],[139.883671,35.714874],[139.883751,35.714611],[139.883863,35.714243],[139.883932,35.714017],[139.884029,35.714016],[139.884168,35.714016],[139.884331,35.713981],[139.884936,35.714103],[139.884863,35.714333]]]},"properties":{}},{"type":"Feature","geometry":{"type":"Polygon","coordinates":[[[139.873458,35.723555],[139.873839,35.723145],[139.873903,35.723221],[139.87389,35.723274],[139.873767,35.723777],[139.873763,35.723796],[139.873379,35.72373],[139.873408,35.723659],[139.873458,35.723555]]]},"properties":{}},{"type":"Feature","geometry":{"type":"Polygon","coordinates":[[[139.885555,35.69751],[139.885515,35.697924],[139.884769,35.702283],[139.884112,35.702322],[139.883964,35.702331],[139.883075,35.702379],[139.88236,35.702416],[139.882217,35.702424],[139.881776,35.702448],[139.881613,35.702457],[139.881626,35.70235],[139.881677,35.701918],[139.881722,35.701542],[139.881784,35.701015],[139.881836,35.700578],[139.881875,35.700242],[139.881922,35.700277],[139.882606,35.70078],[139.882656,35.700818],[139.882753,35.70089],[139.882996,35.701065],[139.883022,35.701267],[139.883049,35.701473],[139.883069,35.701624],[139.88338,35.701351],[139.883825,35.700957],[139.883675,35.700848],[139.883448,35.700686],[139.883901,35.700296],[139.884321,35.699906],[139.884083,35.69973],[139.883925,35.699611],[139.883869,35.699569],[139.883633,35.699392],[139.883482,35.699278],[139.883338,35.699171],[139.882693,35.698687],[139.883048,35.698246],[139.883184,35.698117],[139.883336,35.697903],[139.884389,35.698109],[139.884558,35.698079],[139.884616,35.698041],[139.88465,35.697975],[139.884703,35.69772],[139.88479,35.697641],[139.884802,35.697511],[139.885555,35.69751]]]},"properties":{}},{"type":"Feature","geometry":{"type":"Polygon","coordinates":[[[139.882228,35.697534],[139.882313,35.697533],[139.883011,35.697521],[139.883561,35.697516],[139.883676,35.697514],[139.883635,35.697561],[139.883336,35.697903],[139.883129,35.697867],[139.882839,35.697855],[139.882646,35.697826],[139.882248,35.697659],[139.882159,35.697651],[139.882165,35.697605],[139.882174,35.697535],[139.882228,35.697534]]]},"properties":{}},{"type":"Feature","geometry":{"type":"Polygon","coordinates":[[[139.884802,35.697511],[139.88479,35.697641],[139.884703,35.69772],[139.88465,35.697975],[139.884616,35.698041],[139.884558,35.698079],[139.884389,35.698109],[139.883336,35.697903],[139.883635,35.697561],[139.883676,35.697514],[139.883733,35.697514],[139.884802,35.697511]]]},"properties":{}},{"type":"Feature","geometry":{"type":"Polygon","coordinates":[[[139.887774,35.697507],[139.887844,35.697584],[139.887836,35.697645],[139.887837,35.697786],[139.887867,35.69791],[139.887901,35.698003],[139.887947,35.698061],[139.888004,35.698089],[139.888021,35.698098],[139.888191,35.698438],[139.888202,35.698607],[139.887802,35.698608],[139.88723,35.698615],[139.887205,35.698256],[139.887197,35.698143],[139.887206,35.697653],[139.887213,35.697509],[139.887774,35.697507]]]},"properties":{}},{"type":"Feature","geometry":{"type":"Polygon","coordinates":[[[139.889854,35.697496],[139.889845,35.697582],[139.889528,35.697648],[139.889417,35.697673],[139.889233,35.697675],[139.889009,35.697598],[139.888801,35.697623],[139.888687,35.69764],[139.888351,35.697788],[139.888168,35.697696],[139.887844,35.697584],[139.887774,35.697507],[139.889854,35.697496]]]},"properties":{}},{"type":"Feature","geometry":{"type":"Polygon","coordinates":[[[139.890556,35.697493],[139.890524,35.697987],[139.890277,35.697966],[139.890094,35.697901],[139.890052,35.697877],[139.890008,35.697763],[139.889974,35.697728],[139.8899,35.697664],[139.889845,35.697582],[139.889854,35.697496],[139.890556,35.697493]]]},"properties":{}},{"type":"Feature","geometry":{"type":"Polygon","coordinates":[[[139.884836,35.697354],[139.885068,35.697309],[139.885575,35.697306],[139.885567,35.697392],[139.883774,35.697397],[139.883808,35.697358],[139.883855,35.697357],[139.884836,35.697354]]]},"properties":{}},{"type":"Feature","geometry":{"type":"Polygon","coordinates":[[[139.883808,35.697358],[139.883774,35.697397],[139.883114,35.697399],[139.882307,35.69739],[139.882195,35.697388],[139.882201,35.697349],[139.882339,35.697351],[139.883015,35.69736],[139.88348,35.697359],[139.883686,35.697358],[139.883808,35.697358]]]},"properties":{}},{"type":"Feature","geometry":{"type":"Polygon","coordinates":[[[139.88348,35.697359],[139.883495,35.697319],[139.883526,35.697239],[139.883645,35.696926],[139.883846,35.696714],[139.884058,35.696952],[139.884098,35.697002],[139.883855,35.697299],[139.883808,35.697358],[139.883686,35.697358],[139.88348,35.697359]]]},"properties":{}},{"type":"Feature","geometry":{"type":"Polygon","coordinates":[[[139.882201,35.697349],[139.882213,35.697261],[139.882274,35.696801],[139.882343,35.696154],[139.882425,35.69616],[139.882616,35.696175],[139.882806,35.696397],[139.883156,35.696806],[139.883265,35.696934],[139.883526,35.697239],[139.883495,35.697319],[139.88348,35.697359],[139.883015,35.69736],[139.882339,35.697351],[139.882201,35.697349]]]},"properties":{}},{"type":"Feature","geometry":{"type":"Polygon","coordinates":[[[139.882201,35.697349],[139.882195,35.697388],[139.882081,35.697386],[139.882042,35.697347],[139.882201,35.697349]]]},"properties":{}},{"type":"Feature","geometry":{"type":"Polygon","coordinates":[[[139.886277,35.697342],[139.886276,35.69739],[139.885567,35.697392],[139.885575,35.697306],[139.886048,35.697303],[139.886277,35.697342]]]},"properties":{}},{"type":"Feature","geometry":{"type":"Polygon","coordinates":[[[139.884836,35.696081],[139.884565,35.69577],[139.884242,35.695387],[139.884008,35.695111],[139.884813,35.694891],[139.884877,35.695986],[139.884872,35.696038],[139.884836,35.696081]]]},"properties":{}},{"type":"Feature","geometry":{"type":"Polygon","coordinates":[[[139.884813,35.694891],[139.884008,35.695111],[139.883856,35.694937],[139.883916,35.694906],[139.884462,35.694711],[139.88483,35.694581],[139.884813,35.694891]]]},"properties":{}},{"type":"Feature","geometry":{"type":"Polygon","coordinates":[[[139.88483,35.694581],[139.884462,35.694711],[139.883916,35.694906],[139.883777,35.694221],[139.884171,35.694168],[139.884245,35.694158],[139.884819,35.694085],[139.884827,35.694334],[139.88483,35.694581]]]},"properties":{}},{"type":"Feature","geometry":{"type":"Polygon","coordinates":[[[139.892268,35.697356],[139.892174,35.697346],[139.891911,35.697343],[139.891539,35.69733],[139.890693,35.697331],[139.890549,35.697331],[139.890541,35.697244],[139.890535,35.697192],[139.890534,35.69718],[139.890429,35.69671],[139.890681,35.696678],[139.89076,35.69665],[139.890903,35.696539],[139.890946,35.69652],[139.891632,35.696461],[139.891881,35.696443],[139.892104,35.696899],[139.892162,35.697017],[139.892254,35.697322],[139.892268,35.697356]]]},"properties":{}},{"type":"Feature","geometry":{"type":"Polygon","coordinates":[[[139.892162,35.697017],[139.892223,35.696901],[139.892264,35.696821],[139.892317,35.696839],[139.892799,35.697002],[139.892844,35.697017],[139.892752,35.697189],[139.892676,35.69735],[139.892649,35.697408],[139.892349,35.697364],[139.892268,35.697356],[139.892254,35.697322],[139.892162,35.697017]]]},"properties":{}},{"type":"Feature","geometry":{"type":"Polygon","coordinates":[[[139.891881,35.696443],[139.891763,35.696036],[139.891942,35.696079],[139.892534,35.696278],[139.892509,35.69633],[139.892451,35.696448],[139.892381,35.696593],[139.892264,35.696821],[139.892223,35.696901],[139.892162,35.697017],[139.892104,35.696899],[139.891881,35.696443]]]},"properties":{}},{"type":"Feature","geometry":{"type":"Polygon","coordinates":[[[139.891881,35.696443],[139.891632,35.696461],[139.890946,35.69652],[139.890903,35.696539],[139.89076,35.69665],[139.890681,35.696678],[139.890429,35.69671],[139.89037,35.696448],[139.890323,35.696238],[139.890301,35.696131],[139.890284,35.69601],[139.890284,35.695946],[139.890285,35.695847],[139.890288,35.695708],[139.890325,35.695587],[139.890386,35.695423],[139.890685,35.695383],[139.890963,35.695345],[139.891233,35.695309],[139.891537,35.695268],[139.891763,35.696036],[139.891881,35.696443]]]},"properties":{}},{"type":"Feature","geometry":{"type":"Polygon","coordinates":[[[139.891537,35.695268],[139.891607,35.695257],[139.892259,35.695463],[139.892159,35.695656],[139.892078,35.695814],[139.891942,35.696079],[139.891763,35.696036],[139.891537,35.695268]]]},"properties":{}},{"type":"Feature","geometry":{"type":"Polygon","coordinates":[[[139.891483,35.695049],[139.891538,35.695043],[139.891575,35.695056],[139.891736,35.69511],[139.892337,35.695312],[139.892314,35.695357],[139.892259,35.695463],[139.891607,35.695257],[139.891537,35.695268],[139.891483,35.695049]]]},"properties":{}},{"type":"Feature","geometry":{"type":"Polygon","coordinates":[[[139.891175,35.694032],[139.891266,35.694036],[139.891306,35.694037],[139.891333,35.694038],[139.892138,35.694317],[139.8921,35.694393],[139.892042,35.694507],[139.892004,35.694582],[139.891962,35.694665],[139.891917,35.694752],[139.891884,35.694818],[139.891813,35.69496],[139.891758,35.695068],[139.891736,35.69511],[139.891575,35.695056],[139.891538,35.695043],[139.891483,35.695049],[139.891352,35.694584],[139.891286,35.694336],[139.891265,35.694275],[139.891217,35.694132],[139.891175,35.694032]]]},"properties":{}},{"type":"Feature","geometry":{"type":"Polygon","coordinates":[[[139.900228,35.693658],[139.900188,35.693699],[139.899628,35.694257],[139.899149,35.693942],[139.898739,35.693684],[139.898692,35.693657],[139.898792,35.693453],[139.899009,35.693062],[139.89905,35.692989],[139.899126,35.69302],[139.899422,35.693139],[139.899743,35.693331],[139.900204,35.693642],[139.900228,35.693658]]]},"properties":{}},{"type":"Feature","geometry":{"type":"Polygon","coordinates":[[[139.90067,35.69395],[139.900618,35.694004],[139.900287,35.694354],[139.900079,35.694561],[139.899791,35.694367],[139.899628,35.694257],[139.900188,35.693699],[139.900228,35.693658],[139.900615,35.693914],[139.90067,35.69395]]]},"properties":{}},{"type":"Feature","geometry":{"type":"Polygon","coordinates":[[[139.90067,35.69395],[139.900721,35.693888],[139.900952,35.693615],[139.901182,35.693343],[139.901215,35.693365],[139.901567,35.693596],[139.901939,35.693846],[139.901993,35.693883],[139.901902,35.693993],[139.901769,35.694187],[139.901638,35.694371],[139.901584,35.694444],[139.901533,35.694514],[139.901441,35.694452],[139.901417,35.694437],[139.90118,35.694282],[139.90067,35.69395]]]},"properties":{}},{"type":"Feature","geometry":{"type":"Polygon","coordinates":[[[139.90118,35.694282],[139.901136,35.694323],[139.900583,35.694878],[139.900536,35.694849],[139.900114,35.694586],[139.900079,35.694561],[139.900287,35.694354],[139.900618,35.694004],[139.90067,35.69395],[139.90118,35.694282]]]},"properties":{}},{"type":"Feature","geometry":{"type":"Polygon","coordinates":[[[139.901533,35.694514],[139.901487,35.694604],[139.901403,35.694772],[139.901158,35.695243],[139.901103,35.695211],[139.900945,35.69512],[139.900583,35.694878],[139.901136,35.694323],[139.90118,35.694282],[139.901417,35.694437],[139.901441,35.694452],[139.901533,35.694514]]]},"properties":{}},{"type":"Feature","geometry":{"type":"Polygon","coordinates":[[[139.901533,35.694514],[139.901584,35.694444],[139.901638,35.694371],[139.901769,35.694187],[139.901902,35.693993],[139.901993,35.693883],[139.902046,35.693913],[139.902579,35.694217],[139.902452,35.694383],[139.902937,35.694653],[139.902382,35.694937],[139.902329,35.694968],[139.902296,35.69502],[139.90168,35.694609],[139.901625,35.694574],[139.901533,35.694514]]]},"properties":{}},{"type":"Feature","geometry":{"type":"Polygon","coordinates":[[[139.902296,35.69502],[139.902236,35.69506],[139.902203,35.695083],[139.901612,35.695485],[139.901562,35.695461],[139.901521,35.695442],[139.901213,35.695273],[139.901158,35.695243],[139.901403,35.694772],[139.901487,35.694604],[139.901533,35.694514],[139.901625,35.694574],[139.90168,35.694609],[139.902296,35.69502]]]},"properties":{}},{"type":"Feature","geometry":{"type":"Polygon","coordinates":[[[139.902296,35.69502],[139.902409,35.695014],[139.903243,35.694579],[139.903309,35.694608],[139.903511,35.694697],[139.903695,35.694778],[139.90407,35.694951],[139.90379,35.695107],[139.903111,35.695484],[139.903061,35.69551],[139.902296,35.69502]]]},"properties":{}},{"type":"Feature","geometry":{"type":"Polygon","coordinates":[[[139.903061,35.69551],[139.903001,35.695541],[139.90257,35.695761],[139.902521,35.695794],[139.901661,35.695502],[139.901612,35.695485],[139.902203,35.695083],[139.902236,35.69506],[139.902296,35.69502],[139.903061,35.69551]]]},"properties":{}},{"type":"Feature","geometry":{"type":"Polygon","coordinates":[[[139.903061,35.69551],[139.903111,35.695484],[139.90379,35.695107],[139.90407,35.694951],[139.904589,35.695342],[139.9043,35.695615],[139.903746,35.695909],[139.903694,35.695941],[139.903144,35.695566],[139.903061,35.69551]]]},"properties":{}},{"type":"Feature","geometry":{"type":"Polygon","coordinates":[[[139.903694,35.695941],[139.903646,35.695982],[139.90355,35.696154],[139.903055,35.695982],[139.902573,35.695812],[139.902521,35.695794],[139.90257,35.695761],[139.903001,35.695541],[139.903061,35.69551],[139.903144,35.695566],[139.903694,35.695941]]]},"properties":{}},{"type":"Feature","geometry":{"type":"Polygon","coordinates":[[[139.903694,35.695941],[139.903746,35.695909],[139.9043,35.695615],[139.904589,35.695342],[139.904783,35.695488],[139.90553,35.696062],[139.905045,35.696306],[139.904653,35.696503],[139.904595,35.696536],[139.904523,35.696487],[139.90449,35.696462],[139.903694,35.695941]]]},"properties":{}},{"type":"Feature","geometry":{"type":"Polygon","coordinates":[[[139.904595,35.696536],[139.904532,35.696577],[139.9042,35.69724],[139.90374,35.697091],[139.903172,35.696894],[139.903295,35.696668],[139.903372,35.696517],[139.90355,35.696154],[139.903646,35.695982],[139.903694,35.695941],[139.90449,35.696462],[139.904523,35.696487],[139.904595,35.696536]]]},"properties":{}},{"type":"Feature","geometry":{"type":"Polygon","coordinates":[[[139.904595,35.696536],[139.904653,35.696503],[139.905045,35.696306],[139.90553,35.696062],[139.905548,35.69608],[139.906208,35.696754],[139.905585,35.697117],[139.905543,35.697146],[139.905487,35.69711],[139.904683,35.696591],[139.904595,35.696536]]]},"properties":{}},{"type":"Feature","geometry":{"type":"Polygon","coordinates":[[[139.905543,35.697146],[139.905484,35.697219],[139.90523,35.697587],[139.904245,35.697255],[139.9042,35.69724],[139.904532,35.696577],[139.904595,35.696536],[139.904683,35.696591],[139.905487,35.69711],[139.905543,35.697146]]]},"properties":{}},{"type":"Feature","geometry":{"type":"Polygon","coordinates":[[[139.905543,35.697146],[139.905585,35.697117],[139.906208,35.696754],[139.906644,35.697196],[139.906872,35.697439],[139.906425,35.697643],[139.906351,35.697682],[139.905605,35.697186],[139.905543,35.697146]]]},"properties":{}},{"type":"Feature","geometry":{"type":"Polygon","coordinates":[[[139.906351,35.697682],[139.906322,35.697734],[139.906211,35.69793],[139.905267,35.6976],[139.90523,35.697587],[139.905484,35.697219],[139.905543,35.697146],[139.905605,35.697186],[139.906351,35.697682]]]},"properties":{}},{"type":"Feature","geometry":{"type":"Polygon","coordinates":[[[139.906351,35.697682],[139.906425,35.697643],[139.906872,35.697439],[139.906965,35.697398],[139.907577,35.697118],[139.907819,35.697514],[139.90805,35.697782],[139.90749,35.697922],[139.907154,35.698239],[139.907112,35.698201],[139.907015,35.698123],[139.90691,35.698043],[139.906351,35.697682]]]},"properties":{}},{"type":"Feature","geometry":{"type":"Polygon","coordinates":[[[139.907154,35.698239],[139.907177,35.698266],[139.907034,35.698533],[139.906911,35.69877],[139.906774,35.699042],[139.906739,35.699029],[139.906392,35.698904],[139.906211,35.698839],[139.905819,35.698699],[139.905978,35.698402],[139.906069,35.698225],[139.906195,35.697958],[139.906211,35.69793],[139.906322,35.697734],[139.906351,35.697682],[139.90691,35.698043],[139.907015,35.698123],[139.907112,35.698201],[139.907154,35.698239]]]},"properties":{}},{"type":"Feature","geometry":{"type":"Polygon","coordinates":[[[139.907154,35.698239],[139.90749,35.697922],[139.90805,35.697782],[139.90826,35.698062],[139.908315,35.698164],[139.908612,35.698779],[139.908565,35.69881],[139.907837,35.699262],[139.907778,35.699217],[139.907735,35.699196],[139.907681,35.699188],[139.907681,35.699159],[139.907666,35.699073],[139.907644,35.698989],[139.907609,35.698911],[139.90746,35.698681],[139.90744,35.69865],[139.907177,35.698266],[139.907154,35.698239]]]},"properties":{}},{"type":"Feature","geometry":{"type":"Polygon","coordinates":[[[139.907681,35.699188],[139.907684,35.699254],[139.907682,35.699302],[139.907679,35.699359],[139.907119,35.699167],[139.906774,35.699042],[139.906911,35.69877],[139.907034,35.698533],[139.907177,35.698266],[139.90744,35.69865],[139.90746,35.698681],[139.907609,35.698911],[139.907644,35.698989],[139.907666,35.699073],[139.907681,35.699159],[139.907681,35.699188]]]},"properties":{}},{"type":"Feature","geometry":{"type":"Polygon","coordinates":[[[139.907837,35.699262],[139.907716,35.699347],[139.907679,35.699359],[139.907682,35.699302],[139.907684,35.699254],[139.907681,35.699188],[139.907735,35.699196],[139.907778,35.699217],[139.907837,35.699262]]]},"properties":{}},{"type":"Feature","geometry":{"type":"Polygon","coordinates":[[[139.907837,35.699262],[139.908565,35.69881],[139.908612,35.698779],[139.908628,35.698812],[139.908796,35.699154],[139.908847,35.699265],[139.90891,35.699405],[139.909089,35.699801],[139.909275,35.700197],[139.909175,35.700221],[139.908795,35.700315],[139.908599,35.700361],[139.908554,35.700371],[139.908323,35.700005],[139.9082,35.699818],[139.907837,35.699262]]]},"properties":{}},{"type":"Feature","geometry":{"type":"Polygon","coordinates":[[[139.908554,35.700371],[139.908313,35.700432],[139.908281,35.700448],[139.907892,35.700313],[139.907392,35.700138],[139.907333,35.700117],[139.907555,35.699681],[139.907633,35.699523],[139.907662,35.699444],[139.907679,35.699359],[139.907716,35.699347],[139.907837,35.699262],[139.9082,35.699818],[139.908323,35.700005],[139.908554,35.700371]]]},"properties":{}},{"type":"Feature","geometry":{"type":"Polygon","coordinates":[[[139.908554,35.700371],[139.908599,35.700361],[139.908795,35.700315],[139.909175,35.700221],[139.909275,35.700197],[139.909815,35.700065],[139.909851,35.700043],[139.910102,35.700861],[139.909379,35.70104],[139.909085,35.701113],[139.909038,35.701125],[139.908554,35.700371]]]},"properties":{}},{"type":"Feature","geometry":{"type":"Polygon","coordinates":[[[139.909038,35.701125],[139.909001,35.701175],[139.90883,35.701517],[139.907898,35.701196],[139.908281,35.700448],[139.908313,35.700432],[139.908554,35.700371],[139.909038,35.701125]]]},"properties":{}},{"type":"Feature","geometry":{"type":"Polygon","coordinates":[[[139.909038,35.701125],[139.909085,35.701113],[139.909379,35.70104],[139.910102,35.700861],[139.910391,35.701793],[139.909617,35.70194],[139.909569,35.701949],[139.909038,35.701125]]]},"properties":{}},{"type":"Feature","geometry":{"type":"Polygon","coordinates":[[[139.909569,35.701949],[139.909587,35.701989],[139.909662,35.702442],[139.909556,35.70266],[139.909182,35.70339],[139.909137,35.703375],[139.908103,35.703025],[139.908062,35.703012],[139.908078,35.702981],[139.908444,35.702264],[139.90883,35.701517],[139.909001,35.701175],[139.909038,35.701125],[139.909569,35.701949]]]},"properties":{}},{"type":"Feature","geometry":{"type":"Polygon","coordinates":[[[139.909569,35.701949],[139.909617,35.70194],[139.910391,35.701793],[139.910473,35.702213],[139.910475,35.702226],[139.910556,35.702704],[139.909795,35.702767],[139.909598,35.702677],[139.909556,35.70266],[139.909662,35.702442],[139.909587,35.701989],[139.909569,35.701949]]]},"properties":{}},{"type":"Feature","geometry":{"type":"Polygon","coordinates":[[[139.909556,35.70266],[139.909598,35.702677],[139.909795,35.702767],[139.910556,35.702704],[139.91091,35.703111],[139.910932,35.703163],[139.910886,35.703166],[139.910017,35.703237],[139.909974,35.703245],[139.909564,35.703334],[139.909275,35.703396],[139.909234,35.703394],[139.909182,35.70339],[139.909556,35.70266]]]},"properties":{}},{"type":"Feature","geometry":{"type":"Polygon","coordinates":[[[139.909182,35.70339],[139.909234,35.703394],[139.909275,35.703396],[139.909564,35.703334],[139.909974,35.703245],[139.90998,35.703748],[139.909987,35.704132],[139.90999,35.704143],[139.909996,35.704169],[139.908773,35.704171],[139.909085,35.703578],[139.909182,35.70339]]]},"properties":{}},{"type":"Feature","geometry":{"type":"Polygon","coordinates":[[[139.908773,35.704171],[139.908738,35.704159],[139.907701,35.703799],[139.907665,35.703786],[139.907679,35.703759],[139.907819,35.703472],[139.908062,35.703012],[139.908103,35.703025],[139.909137,35.703375],[139.909182,35.70339],[139.909085,35.703578],[139.908773,35.704171]]]},"properties":{}},{"type":"Feature","geometry":{"type":"Polygon","coordinates":[[[139.90836,35.704975],[139.907254,35.704575],[139.907279,35.704525],[139.907665,35.703786],[139.907701,35.703799],[139.908738,35.704159],[139.908773,35.704171],[139.908394,35.704909],[139.90836,35.704975]]]},"properties":{}},{"type":"Feature","geometry":{"type":"Polygon","coordinates":[[[139.884769,35.702283],[139.884758,35.702351],[139.884099,35.702388],[139.88405,35.702391],[139.883971,35.702396],[139.883071,35.702453],[139.88243,35.702494],[139.882234,35.702507],[139.881763,35.702535],[139.881601,35.702545],[139.881613,35.702457],[139.881776,35.702448],[139.882217,35.702424],[139.88236,35.702416],[139.883075,35.702379],[139.883964,35.702331],[139.884112,35.702322],[139.884769,35.702283]]]},"properties":{}},{"type":"Feature","geometry":{"type":"Polygon","coordinates":[[[139.901147,35.696202],[139.900844,35.696095],[139.900756,35.69603],[139.900792,35.695961],[139.900897,35.695765],[139.900947,35.695796],[139.901081,35.695878],[139.901127,35.695872],[139.901612,35.695485],[139.901661,35.695502],[139.902521,35.695794],[139.90215,35.696545],[139.901527,35.696327],[139.901147,35.696202]]]},"properties":{}},{"type":"Feature","geometry":{"type":"Polygon","coordinates":[[[139.90215,35.696545],[139.902135,35.696568],[139.901765,35.697307],[139.900768,35.696965],[139.901132,35.696233],[139.901147,35.696202],[139.901527,35.696327],[139.90215,35.696545]]]},"properties":{}},{"type":"Feature","geometry":{"type":"Polygon","coordinates":[[[139.90215,35.696545],[139.902521,35.695794],[139.902573,35.695812],[139.903055,35.695982],[139.90355,35.696154],[139.903372,35.696517],[139.903295,35.696668],[139.903172,35.696894],[139.902186,35.696557],[139.90215,35.696545]]]},"properties":{}},{"type":"Feature","geometry":{"type":"Polygon","coordinates":[[[139.903172,35.696894],[139.903161,35.69692],[139.902795,35.69766],[139.902359,35.69751],[139.902259,35.697476],[139.902058,35.697407],[139.901803,35.69732],[139.901765,35.697307],[139.902135,35.696568],[139.90215,35.696545],[139.902186,35.696557],[139.903172,35.696894]]]},"properties":{}},{"type":"Feature","geometry":{"type":"Polygon","coordinates":[[[139.9042,35.69724],[139.904186,35.697265],[139.903809,35.698007],[139.903391,35.697864],[139.90323,35.697809],[139.902795,35.69766],[139.903161,35.69692],[139.903172,35.696894],[139.90374,35.697091],[139.9042,35.69724]]]},"properties":{}},{"type":"Feature","geometry":{"type":"Polygon","coordinates":[[[139.90523,35.697587],[139.905213,35.697619],[139.904822,35.698362],[139.904465,35.699095],[139.90445,35.699123],[139.903936,35.698954],[139.903417,35.698779],[139.903434,35.698746],[139.903585,35.698442],[139.903809,35.698007],[139.904186,35.697265],[139.9042,35.69724],[139.904245,35.697255],[139.90523,35.697587]]]},"properties":{}},{"type":"Feature","geometry":{"type":"Polygon","coordinates":[[[139.906211,35.69793],[139.906195,35.697958],[139.906069,35.698225],[139.905978,35.698402],[139.905819,35.698699],[139.904874,35.698379],[139.904822,35.698362],[139.905213,35.697619],[139.90523,35.697587],[139.905267,35.6976],[139.906211,35.69793]]]},"properties":{}},{"type":"Feature","geometry":{"type":"Polygon","coordinates":[[[139.900381,35.697738],[139.900387,35.697726],[139.900401,35.697697],[139.900409,35.697681],[139.900444,35.697759],[139.900381,35.697738]]]},"properties":{}},{"type":"Feature","geometry":{"type":"Polygon","coordinates":[[[139.900444,35.697759],[139.900748,35.698457],[139.900874,35.698782],[139.90064,35.698701],[139.900003,35.698477],[139.900364,35.697771],[139.900381,35.697738],[139.900444,35.697759]]]},"properties":{}},{"type":"Feature","geometry":{"type":"Polygon","coordinates":[[[139.901376,35.698075],[139.901392,35.698042],[139.901586,35.697649],[139.901765,35.697307],[139.901803,35.69732],[139.902058,35.697407],[139.902259,35.697476],[139.902359,35.69751],[139.902795,35.69766],[139.902414,35.6984],[139.902396,35.69843],[139.901815,35.698228],[139.901737,35.6982],[139.901376,35.698075]]]},"properties":{}},{"type":"Feature","geometry":{"type":"Polygon","coordinates":[[[139.902396,35.69843],[139.902414,35.6984],[139.902795,35.69766],[139.90323,35.697809],[139.903391,35.697864],[139.903809,35.698007],[139.903585,35.698442],[139.903434,35.698746],[139.903417,35.698779],[139.902908,35.698605],[139.902396,35.69843]]]},"properties":{}},{"type":"Feature","geometry":{"type":"Polygon","coordinates":[[[139.903417,35.698779],[139.903026,35.699523],[139.902534,35.699354],[139.90202,35.699177],[139.902396,35.69843],[139.902908,35.698605],[139.903417,35.698779]]]},"properties":{}},{"type":"Feature","geometry":{"type":"Polygon","coordinates":[[[139.90445,35.699123],[139.904051,35.699877],[139.903612,35.699725],[139.903537,35.6997],[139.903407,35.699655],[139.903346,35.699633],[139.903026,35.699523],[139.903417,35.698779],[139.903936,35.698954],[139.90445,35.699123]]]},"properties":{}},{"type":"Feature","geometry":{"type":"Polygon","coordinates":[[[139.90445,35.699123],[139.904465,35.699095],[139.904822,35.698362],[139.904874,35.698379],[139.905819,35.698699],[139.905432,35.699431],[139.905418,35.699458],[139.904898,35.699275],[139.90445,35.699123]]]},"properties":{}},{"type":"Feature","geometry":{"type":"Polygon","coordinates":[[[139.905418,35.699458],[139.905035,35.700216],[139.904051,35.699877],[139.90445,35.699123],[139.904898,35.699275],[139.905418,35.699458]]]},"properties":{}},{"type":"Feature","geometry":{"type":"Polygon","coordinates":[[[139.905418,35.699458],[139.905432,35.699431],[139.905819,35.698699],[139.906211,35.698839],[139.906392,35.698904],[139.906739,35.699029],[139.906774,35.699042],[139.906597,35.69938],[139.906381,35.699793],[139.906042,35.699675],[139.905937,35.699638],[139.905851,35.699608],[139.905418,35.699458]]]},"properties":{}},{"type":"Feature","geometry":{"type":"Polygon","coordinates":[[[139.905937,35.699638],[139.906042,35.699675],[139.906381,35.699793],[139.906152,35.700263],[139.906006,35.70055],[139.905645,35.700426],[139.905594,35.700408],[139.905433,35.700353],[139.905035,35.700216],[139.905418,35.699458],[139.905851,35.699608],[139.905937,35.699638]]]},"properties":{}},{"type":"Feature","geometry":{"type":"Polygon","coordinates":[[[139.906381,35.699793],[139.906597,35.69938],[139.906774,35.699042],[139.907119,35.699167],[139.907679,35.699359],[139.907662,35.699444],[139.907633,35.699523],[139.907555,35.699681],[139.907333,35.700117],[139.907279,35.700098],[139.906901,35.699965],[139.906804,35.699933],[139.906431,35.699809],[139.906381,35.699793]]]},"properties":{}},{"type":"Feature","geometry":{"type":"Polygon","coordinates":[[[139.907333,35.700117],[139.907095,35.700586],[139.906949,35.700869],[139.9069,35.700853],[139.906645,35.70077],[139.906467,35.700709],[139.906292,35.700644],[139.906043,35.700563],[139.906006,35.70055],[139.906152,35.700263],[139.906381,35.699793],[139.906431,35.699809],[139.906804,35.699933],[139.906901,35.699965],[139.907279,35.700098],[139.907333,35.700117]]]},"properties":{}},{"type":"Feature","geometry":{"type":"Polygon","coordinates":[[[139.908281,35.700448],[139.907898,35.701196],[139.90756,35.701081],[139.907208,35.700957],[139.90701,35.700892],[139.906949,35.700869],[139.907095,35.700586],[139.907333,35.700117],[139.907392,35.700138],[139.907892,35.700313],[139.908281,35.700448]]]},"properties":{}},{"type":"Feature","geometry":{"type":"Polygon","coordinates":[[[139.89667,35.697663],[139.896644,35.697714],[139.89648,35.69804],[139.896403,35.698193],[139.896356,35.698178],[139.895819,35.698],[139.895896,35.697848],[139.895977,35.697691],[139.896089,35.69747],[139.89667,35.697663]]]},"properties":{}},{"type":"Feature","geometry":{"type":"Polygon","coordinates":[[[139.896089,35.69747],[139.896113,35.697423],[139.896193,35.697266],[139.896231,35.697191],[139.896279,35.697097],[139.896374,35.696911],[139.896487,35.696689],[139.897025,35.696871],[139.897063,35.696884],[139.896948,35.69711],[139.896875,35.697256],[139.896857,35.697291],[139.896773,35.697458],[139.896694,35.697615],[139.89667,35.697663],[139.896089,35.69747]]]},"properties":{}},{"type":"Feature","geometry":{"type":"Polygon","coordinates":[[[139.896089,35.69747],[139.895977,35.697691],[139.895896,35.697848],[139.895819,35.698],[139.895305,35.697829],[139.895252,35.697812],[139.895328,35.697661],[139.895376,35.697564],[139.895408,35.697502],[139.895519,35.697281],[139.896025,35.697449],[139.896089,35.69747]]]},"properties":{}},{"type":"Feature","geometry":{"type":"Polygon","coordinates":[[[139.895519,35.697281],[139.895546,35.697228],[139.895651,35.69702],[139.895748,35.696826],[139.895819,35.696686],[139.895914,35.696496],[139.896275,35.696618],[139.896487,35.696689],[139.896374,35.696911],[139.896279,35.697097],[139.896231,35.697191],[139.896193,35.697266],[139.896113,35.697423],[139.896089,35.69747],[139.896025,35.697449],[139.895519,35.697281]]]},"properties":{}},{"type":"Feature","geometry":{"type":"Polygon","coordinates":[[[139.895519,35.697281],[139.895408,35.697502],[139.895376,35.697564],[139.895328,35.697661],[139.895252,35.697812],[139.895196,35.697794],[139.894658,35.697616],[139.894783,35.697367],[139.894926,35.697085],[139.895519,35.697281]]]},"properties":{}},{"type":"Feature","geometry":{"type":"Polygon","coordinates":[[[139.893703,35.696665],[139.893674,35.696721],[139.893566,35.696936],[139.893427,35.69721],[139.893376,35.697193],[139.892907,35.697037],[139.892844,35.697017],[139.892962,35.696788],[139.892985,35.696745],[139.893034,35.696641],[139.893095,35.696526],[139.893121,35.69647],[139.893703,35.696665]]]},"properties":{}},{"type":"Feature","geometry":{"type":"Polygon","coordinates":[[[139.893121,35.69647],[139.893152,35.696411],[139.893229,35.696234],[139.893307,35.696079],[139.893387,35.695919],[139.893495,35.695701],[139.894091,35.695895],[139.894066,35.695944],[139.893817,35.696436],[139.893731,35.696607],[139.893703,35.696665],[139.893121,35.69647]]]},"properties":{}},{"type":"Feature","geometry":{"type":"Polygon","coordinates":[[[139.893121,35.69647],[139.893095,35.696526],[139.893034,35.696641],[139.892985,35.696745],[139.892962,35.696788],[139.892844,35.697017],[139.892799,35.697002],[139.892317,35.696839],[139.892264,35.696821],[139.892381,35.696593],[139.892451,35.696448],[139.892509,35.69633],[139.892534,35.696278],[139.893121,35.69647]]]},"properties":{}},{"type":"Feature","geometry":{"type":"Polygon","coordinates":[[[139.892534,35.696278],[139.892564,35.696217],[139.892659,35.696034],[139.892669,35.696011],[139.892737,35.69588],[139.892745,35.69586],[139.892816,35.695726],[139.892902,35.695553],[139.892924,35.69551],[139.893495,35.695701],[139.893387,35.695919],[139.893307,35.696079],[139.893229,35.696234],[139.893152,35.696411],[139.893121,35.69647],[139.892534,35.696278]]]},"properties":{}},{"type":"Feature","geometry":{"type":"Polygon","coordinates":[[[139.891942,35.696079],[139.892078,35.695814],[139.892159,35.695656],[139.892259,35.695463],[139.892314,35.695357],[139.892337,35.695312],[139.892924,35.69551],[139.892902,35.695553],[139.892816,35.695726],[139.892745,35.69586],[139.892737,35.69588],[139.892669,35.696011],[139.892659,35.696034],[139.892564,35.696217],[139.892534,35.696278],[139.891942,35.696079]]]},"properties":{}},{"type":"Feature","geometry":{"type":"Polygon","coordinates":[[[139.882317,35.699118],[139.882019,35.698713],[139.882159,35.697651],[139.882248,35.697659],[139.882646,35.697826],[139.882839,35.697855],[139.883129,35.697867],[139.883336,35.697903],[139.883184,35.698117],[139.883048,35.698246],[139.882693,35.698687],[139.882317,35.699118]]]},"properties":{}},{"type":"Feature","geometry":{"type":"Polygon","coordinates":[[[139.882693,35.698687],[139.883338,35.699171],[139.883482,35.699278],[139.883633,35.699392],[139.883208,35.699781],[139.883051,35.699664],[139.882909,35.699558],[139.882317,35.699118],[139.882693,35.698687]]]},"properties":{}},{"type":"Feature","geometry":{"type":"Polygon","coordinates":[[[139.884098,35.697002],[139.884058,35.696952],[139.883846,35.696714],[139.88404,35.696505],[139.884135,35.696434],[139.884261,35.696302],[139.884427,35.696132],[139.884522,35.695803],[139.884537,35.695791],[139.884565,35.69577],[139.884836,35.696081],[139.884753,35.696216],[139.884098,35.697002]]]},"properties":{}},{"type":"Feature","geometry":{"type":"Polygon","coordinates":[[[139.898102,35.699962],[139.898287,35.699669],[139.89834,35.699688],[139.898735,35.699822],[139.898802,35.699852],[139.898393,35.700643],[139.897846,35.700454],[139.898102,35.699962]]]},"properties":{}},{"type":"Feature","geometry":{"type":"Polygon","coordinates":[[[139.898102,35.699962],[139.897561,35.699779],[139.897061,35.69961],[139.897211,35.699312],[139.897634,35.699452],[139.897813,35.699511],[139.898186,35.699635],[139.898237,35.699652],[139.898287,35.699669],[139.898102,35.699962]]]},"properties":{}},{"type":"Feature","geometry":{"type":"Polygon","coordinates":[[[139.898287,35.699669],[139.898237,35.699652],[139.898186,35.699635],[139.897813,35.699511],[139.897838,35.699461],[139.898024,35.699094],[139.898096,35.698944],[139.898153,35.698829],[139.898178,35.698779],[139.898709,35.698956],[139.898613,35.699119],[139.898523,35.69927],[139.898313,35.699626],[139.898287,35.699669]]]},"properties":{}},{"type":"Feature","geometry":{"type":"Polygon","coordinates":[[[139.898709,35.698956],[139.898722,35.698934],[139.899188,35.699098],[139.898823,35.699811],[139.898802,35.699852],[139.898735,35.699822],[139.89834,35.699688],[139.898287,35.699669],[139.898313,35.699626],[139.898523,35.69927],[139.898613,35.699119],[139.898709,35.698956]]]},"properties":{}},{"type":"Feature","geometry":{"type":"Polygon","coordinates":[[[139.898709,35.698956],[139.898178,35.698779],[139.898194,35.698743],[139.898245,35.698625],[139.898325,35.698475],[139.89841,35.698311],[139.89844,35.698256],[139.899015,35.698462],[139.898722,35.698934],[139.898709,35.698956]]]},"properties":{}},{"type":"Feature","geometry":{"type":"Polygon","coordinates":[[[139.899015,35.698462],[139.899164,35.698195],[139.899572,35.698335],[139.899188,35.699098],[139.898722,35.698934],[139.899015,35.698462]]]},"properties":{}},{"type":"Feature","geometry":{"type":"Polygon","coordinates":[[[139.899015,35.698462],[139.89844,35.698256],[139.898454,35.698223],[139.898464,35.698198],[139.898558,35.698008],[139.898645,35.697836],[139.899206,35.69802],[139.899248,35.698034],[139.899164,35.698195],[139.899015,35.698462]]]},"properties":{}},{"type":"Feature","geometry":{"type":"Polygon","coordinates":[[[139.899248,35.698034],[139.899354,35.697834],[139.899468,35.697623],[139.899602,35.697451],[139.899719,35.697501],[139.89996,35.697584],[139.899572,35.698335],[139.899164,35.698195],[139.899248,35.698034]]]},"properties":{}},{"type":"Feature","geometry":{"type":"Polygon","coordinates":[[[139.899248,35.698034],[139.899206,35.69802],[139.898645,35.697836],[139.89882,35.697491],[139.899318,35.697811],[139.899354,35.697834],[139.899248,35.698034]]]},"properties":{}},{"type":"Feature","geometry":{"type":"Polygon","coordinates":[[[139.899354,35.697834],[139.899318,35.697811],[139.89882,35.697491],[139.898623,35.697364],[139.898582,35.697338],[139.898298,35.697155],[139.89859,35.696857],[139.898628,35.696818],[139.898911,35.697006],[139.899042,35.697085],[139.899564,35.69742],[139.899602,35.697451],[139.899468,35.697623],[139.899354,35.697834]]]},"properties":{}},{"type":"Feature","geometry":{"type":"Polygon","coordinates":[[[139.887854,35.70211],[139.886838,35.702163],[139.886794,35.701834],[139.887812,35.701708],[139.887854,35.70211]]]},"properties":{}},{"type":"Feature","geometry":{"type":"Polygon","coordinates":[[[139.887812,35.701708],[139.887793,35.701565],[139.887764,35.701432],[139.888606,35.701392],[139.888621,35.701631],[139.88931,35.701933],[139.889333,35.701942],[139.889364,35.702016],[139.887854,35.70211],[139.887812,35.701708]]]},"properties":{}},{"type":"Feature","geometry":{"type":"Polygon","coordinates":[[[139.887812,35.701708],[139.886794,35.701834],[139.886761,35.701578],[139.886722,35.701284],[139.887664,35.701241],[139.887732,35.701358],[139.887764,35.701432],[139.887793,35.701565],[139.887812,35.701708]]]},"properties":{}},{"type":"Feature","geometry":{"type":"Polygon","coordinates":[[[139.887664,35.701241],[139.887606,35.701169],[139.887541,35.701085],[139.887488,35.701009],[139.887446,35.700924],[139.888576,35.70089],[139.888606,35.701392],[139.887764,35.701432],[139.887732,35.701358],[139.887664,35.701241]]]},"properties":{}},{"type":"Feature","geometry":{"type":"Polygon","coordinates":[[[139.887664,35.701241],[139.886722,35.701284],[139.886603,35.70039],[139.887322,35.700379],[139.887333,35.700554],[139.887353,35.700651],[139.887374,35.700752],[139.887409,35.700849],[139.887446,35.700924],[139.887488,35.701009],[139.887541,35.701085],[139.887606,35.701169],[139.887664,35.701241]]]},"properties":{}},{"type":"Feature","geometry":{"type":"Polygon","coordinates":[[[139.887322,35.700379],[139.888552,35.700357],[139.888576,35.70089],[139.887446,35.700924],[139.887409,35.700849],[139.887374,35.700752],[139.887353,35.700651],[139.887333,35.700554],[139.887322,35.700379]]]},"properties":{}},{"type":"Feature","geometry":{"type":"Polygon","coordinates":[[[139.887322,35.700379],[139.886603,35.70039],[139.885987,35.7004],[139.886162,35.699298],[139.886573,35.699255],[139.88662,35.699199],[139.886809,35.698971],[139.887182,35.698922],[139.887243,35.698917],[139.887245,35.699003],[139.887282,35.6998],[139.887306,35.700002],[139.887322,35.700379]]]},"properties":{}},{"type":"Feature","geometry":{"type":"Polygon","coordinates":[[[139.887282,35.6998],[139.887848,35.699775],[139.888515,35.699752],[139.888552,35.700357],[139.887322,35.700379],[139.887306,35.700002],[139.887282,35.6998]]]},"properties":{}},{"type":"Feature","geometry":{"type":"Polygon","coordinates":[[[139.887243,35.698917],[139.88723,35.698615],[139.887802,35.698608],[139.888202,35.698607],[139.888424,35.698609],[139.888436,35.699143],[139.888515,35.699752],[139.887848,35.699775],[139.887282,35.6998],[139.887245,35.699003],[139.887243,35.698917]]]},"properties":{}},{"type":"Feature","geometry":{"type":"Polygon","coordinates":[[[139.887243,35.698917],[139.887182,35.698922],[139.886809,35.698971],[139.886521,35.698812],[139.886881,35.698374],[139.886578,35.697993],[139.886674,35.697945],[139.886849,35.697818],[139.886971,35.697785],[139.887154,35.69766],[139.887206,35.697653],[139.887197,35.698143],[139.887205,35.698256],[139.88723,35.698615],[139.887243,35.698917]]]},"properties":{}},{"type":"Feature","geometry":{"type":"Polygon","coordinates":[[[139.887225,35.697387],[139.886276,35.69739],[139.886277,35.697342],[139.887229,35.697344],[139.887225,35.697387]]]},"properties":{}},{"type":"Feature","geometry":{"type":"Polygon","coordinates":[[[139.887229,35.697344],[139.887567,35.697344],[139.888929,35.697339],[139.890437,35.697331],[139.890549,35.697331],[139.890551,35.697377],[139.887225,35.697387],[139.887229,35.697344]]]},"properties":{}},{"type":"Feature","geometry":{"type":"Polygon","coordinates":[[[139.887247,35.697185],[139.887319,35.696689],[139.887326,35.696643],[139.888173,35.696508],[139.888216,35.696611],[139.88829,35.696701],[139.888327,35.696844],[139.888346,35.696927],[139.88832,35.696964],[139.887931,35.696966],[139.887695,35.697086],[139.887567,35.697344],[139.887229,35.697344],[139.887247,35.697185]]]},"properties":{}},{"type":"Feature","geometry":{"type":"Polygon","coordinates":[[[139.887417,35.695955],[139.887476,35.695945],[139.88757,35.695899],[139.887604,35.695897],[139.887676,35.69591],[139.888038,35.695917],[139.888043,35.695958],[139.888065,35.696155],[139.888087,35.696303],[139.888173,35.696508],[139.887326,35.696643],[139.887417,35.695955]]]},"properties":{}},{"type":"Feature","geometry":{"type":"Polygon","coordinates":[[[139.887494,35.695298],[139.88756,35.695289],[139.887785,35.695258],[139.88798,35.69523],[139.888081,35.695216],[139.888182,35.695202],[139.888374,35.695175],[139.888592,35.695144],[139.888854,35.695107],[139.888896,35.695101],[139.889056,35.695856],[139.888744,35.695913],[139.888649,35.695925],[139.888537,35.695912],[139.888488,35.695906],[139.888372,35.695886],[139.888331,35.695886],[139.888038,35.695917],[139.887676,35.69591],[139.887604,35.695897],[139.88757,35.695899],[139.887476,35.695945],[139.887417,35.695955],[139.887447,35.69573],[139.887498,35.695388],[139.887494,35.695298]]]},"properties":{}},{"type":"Feature","geometry":{"type":"Polygon","coordinates":[[[139.887397,35.694795],[139.887703,35.694756],[139.887888,35.694733],[139.887991,35.694722],[139.888285,35.694682],[139.8888,35.69461],[139.888896,35.695101],[139.888854,35.695107],[139.888592,35.695144],[139.888374,35.695175],[139.888182,35.695202],[139.888081,35.695216],[139.88798,35.69523],[139.887785,35.695258],[139.88756,35.695289],[139.887494,35.695298],[139.887428,35.694989],[139.887397,35.694795]]]},"properties":{}},{"type":"Feature","geometry":{"type":"Polygon","coordinates":[[[139.887288,35.694282],[139.887596,35.694238],[139.887797,35.69421],[139.88798,35.694185],[139.888391,35.694127],[139.888698,35.694084],[139.8888,35.69461],[139.888285,35.694682],[139.887991,35.694722],[139.887888,35.694733],[139.887703,35.694756],[139.887397,35.694795],[139.887288,35.694282]]]},"properties":{}},{"type":"Feature","geometry":{"type":"Polygon","coordinates":[[[139.895889,35.699213],[139.895303,35.699014],[139.895449,35.698727],[139.896036,35.698922],[139.895889,35.699213]]]},"properties":{}},{"type":"Feature","geometry":{"type":"Polygon","coordinates":[[[139.896036,35.698922],[139.896624,35.699117],[139.897211,35.699312],[139.897061,35.69961],[139.896556,35.699439],[139.895889,35.699213],[139.896036,35.698922]]]},"properties":{}},{"type":"Feature","geometry":{"type":"Polygon","coordinates":[[[139.896036,35.698922],[139.895449,35.698727],[139.895463,35.698699],[139.895573,35.698483],[139.895583,35.698464],[139.895653,35.698327],[139.895731,35.698174],[139.895819,35.698],[139.896356,35.698178],[139.896403,35.698193],[139.89632,35.698358],[139.896244,35.698509],[139.896177,35.698641],[139.896169,35.698656],[139.896036,35.698922]]]},"properties":{}},{"type":"Feature","geometry":{"type":"Polygon","coordinates":[[[139.896403,35.698193],[139.896465,35.698214],[139.89699,35.698387],[139.896769,35.698828],[139.896624,35.699117],[139.896036,35.698922],[139.896169,35.698656],[139.896177,35.698641],[139.896244,35.698509],[139.89632,35.698358],[139.896403,35.698193]]]},"properties":{}},{"type":"Feature","geometry":{"type":"Polygon","coordinates":[[[139.89667,35.697663],[139.897258,35.697862],[139.897229,35.697919],[139.897067,35.698233],[139.89699,35.698387],[139.896465,35.698214],[139.896403,35.698193],[139.89648,35.69804],[139.896644,35.697714],[139.89667,35.697663]]]},"properties":{}},{"type":"Feature","geometry":{"type":"Polygon","coordinates":[[[139.896875,35.697256],[139.896926,35.697273],[139.898053,35.697642],[139.897971,35.697805],[139.897873,35.698],[139.897857,35.698031],[139.897844,35.698057],[139.897258,35.697862],[139.89667,35.697663],[139.896694,35.697615],[139.896773,35.697458],[139.896857,35.697291],[139.896875,35.697256]]]},"properties":{}},{"type":"Feature","geometry":{"type":"Polygon","coordinates":[[[139.897063,35.696884],[139.897248,35.696515],[139.897262,35.696489],[139.897305,35.696517],[139.897583,35.696695],[139.898298,35.697155],[139.898053,35.697642],[139.896926,35.697273],[139.896875,35.697256],[139.896948,35.69711],[139.897063,35.696884]]]},"properties":{}},{"type":"Feature","geometry":{"type":"Polygon","coordinates":[[[139.897063,35.696884],[139.897025,35.696871],[139.896487,35.696689],[139.896673,35.696322],[139.897212,35.696503],[139.897248,35.696515],[139.897063,35.696884]]]},"properties":{}},{"type":"Feature","geometry":{"type":"Polygon","coordinates":[[[139.897248,35.696515],[139.897212,35.696503],[139.896673,35.696322],[139.89637,35.696221],[139.896549,35.695862],[139.896571,35.695817],[139.89745,35.696115],[139.897262,35.696489],[139.897248,35.696515]]]},"properties":{}},{"type":"Feature","geometry":{"type":"Polygon","coordinates":[[[139.89745,35.696115],[139.897604,35.696177],[139.897825,35.696299],[139.897913,35.696362],[139.898176,35.696527],[139.898628,35.696818],[139.89859,35.696857],[139.898298,35.697155],[139.897583,35.696695],[139.897305,35.696517],[139.897262,35.696489],[139.89745,35.696115]]]},"properties":{}},{"type":"Feature","geometry":{"type":"Polygon","coordinates":[[[139.871667,35.702111],[139.870994,35.70214],[139.871071,35.70196],[139.871119,35.701879],[139.87118,35.7018],[139.871237,35.701739],[139.871244,35.701734],[139.87132,35.701697],[139.871416,35.701647],[139.871476,35.701603],[139.871491,35.701587],[139.871603,35.701583],[139.871624,35.701586],[139.871633,35.701599],[139.871646,35.701801],[139.871667,35.702111]]]},"properties":{}},{"type":"Feature","geometry":{"type":"Polygon","coordinates":[[[139.873166,35.69731],[139.873612,35.697509],[139.873673,35.697536],[139.873731,35.697561],[139.87375,35.697639],[139.873618,35.697646],[139.873184,35.697668],[139.873166,35.69731]]]},"properties":{}},{"type":"Feature","geometry":{"type":"Polygon","coordinates":[[[139.873184,35.697668],[139.873618,35.697646],[139.87375,35.697639],[139.873794,35.697779],[139.873885,35.697919],[139.874026,35.698247],[139.873662,35.698332],[139.873244,35.698431],[139.87324,35.698301],[139.873233,35.698202],[139.873211,35.697947],[139.873184,35.697668]]]},"properties":{}},{"type":"Feature","geometry":{"type":"Polygon","coordinates":[[[139.873227,35.698571],[139.873448,35.698522],[139.874056,35.698376],[139.874069,35.69843],[139.87352,35.698559],[139.873241,35.698624],[139.873221,35.698629],[139.873227,35.698571]]]},"properties":{}},{"type":"Feature","geometry":{"type":"Polygon","coordinates":[[[139.873221,35.698629],[139.873241,35.698624],[139.87352,35.698559],[139.874069,35.69843],[139.874115,35.698614],[139.874198,35.698742],[139.874264,35.698829],[139.874275,35.69885],[139.874156,35.698861],[139.873846,35.698875],[139.873716,35.698881],[139.873258,35.698898],[139.873221,35.698629]]]},"properties":{}},{"type":"Feature","geometry":{"type":"Polygon","coordinates":[[[139.873258,35.698898],[139.873716,35.698881],[139.873846,35.698875],[139.874156,35.698861],[139.874175,35.699153],[139.874187,35.699327],[139.874224,35.699896],[139.873792,35.699915],[139.873304,35.699941],[139.873323,35.699846],[139.873288,35.699336],[139.873276,35.699166],[139.873258,35.698898]]]},"properties":{}},{"type":"Feature","geometry":{"type":"Polygon","coordinates":[[[139.87149,35.700027],[139.871503,35.700581],[139.871534,35.700726],[139.871516,35.700796],[139.871468,35.700929],[139.871448,35.701029],[139.871456,35.701076],[139.871399,35.701079],[139.871114,35.701093],[139.871074,35.700563],[139.871069,35.700491],[139.871034,35.700044],[139.871434,35.700029],[139.87149,35.700027]]]},"properties":{}},{"type":"Feature","geometry":{"type":"Polygon","coordinates":[[[139.871034,35.700044],[139.871007,35.699773],[139.870959,35.699024],[139.870957,35.699003],[139.871191,35.698983],[139.871428,35.699229],[139.871524,35.699498],[139.871518,35.699773],[139.87149,35.700027],[139.871434,35.700029],[139.871034,35.700044]]]},"properties":{}},{"type":"Feature","geometry":{"type":"Polygon","coordinates":[[[139.871456,35.701076],[139.871466,35.701099],[139.871491,35.701587],[139.871476,35.701603],[139.871416,35.701647],[139.87132,35.701697],[139.871244,35.701734],[139.871237,35.701739],[139.87118,35.7018],[139.871163,35.70175],[139.871162,35.701746],[139.871114,35.701093],[139.871399,35.701079],[139.871456,35.701076]]]},"properties":{}},{"type":"Feature","geometry":{"type":"Polygon","coordinates":[[[139.874292,35.700937],[139.874282,35.700774],[139.874271,35.70061],[139.874267,35.700544],[139.874253,35.700339],[139.874685,35.700316],[139.874811,35.700605],[139.87486,35.700793],[139.874876,35.700856],[139.874891,35.700908],[139.874527,35.700925],[139.874292,35.700937]]]},"properties":{}},{"type":"Feature","geometry":{"type":"Polygon","coordinates":[[[139.874891,35.700908],[139.874938,35.70113],[139.874967,35.701267],[139.875018,35.701513],[139.875163,35.701958],[139.874362,35.70199],[139.874326,35.70145],[139.874292,35.700937],[139.874527,35.700925],[139.874891,35.700908]]]},"properties":{}},{"type":"Feature","geometry":{"type":"Polygon","coordinates":[[[139.874275,35.69885],[139.874449,35.699345],[139.874503,35.699561],[139.874516,35.699665],[139.874523,35.699877],[139.874224,35.699896],[139.874187,35.699327],[139.874175,35.699153],[139.874156,35.698861],[139.874275,35.69885]]]},"properties":{}},{"type":"Feature","geometry":{"type":"Polygon","coordinates":[[[139.874069,35.69843],[139.874056,35.698376],[139.874798,35.698198],[139.874835,35.698248],[139.874069,35.69843]]]},"properties":{}},{"type":"Feature","geometry":{"type":"Polygon","coordinates":[[[139.874835,35.698248],[139.874984,35.698448],[139.874643,35.698631],[139.874264,35.698829],[139.874198,35.698742],[139.874115,35.698614],[139.874069,35.69843],[139.874835,35.698248]]]},"properties":{}},{"type":"Feature","geometry":{"type":"Polygon","coordinates":[[[139.874835,35.698248],[139.874798,35.698198],[139.875606,35.698004],[139.875653,35.698058],[139.874835,35.698248]]]},"properties":{}},{"type":"Feature","geometry":{"type":"Polygon","coordinates":[[[139.875653,35.698058],[139.875677,35.69809],[139.874984,35.698448],[139.874835,35.698248],[139.875653,35.698058]]]},"properties":{}},{"type":"Feature","geometry":{"type":"Polygon","coordinates":[[[139.875653,35.698058],[139.875606,35.698004],[139.875973,35.697917],[139.876321,35.697835],[139.876362,35.697879],[139.875653,35.698058]]]},"properties":{}},{"type":"Feature","geometry":{"type":"Polygon","coordinates":[[[139.876362,35.697879],[139.876385,35.697908],[139.876669,35.698253],[139.876015,35.698512],[139.875771,35.698208],[139.875695,35.698112],[139.875677,35.69809],[139.875653,35.698058],[139.876362,35.697879]]]},"properties":{}},{"type":"Feature","geometry":{"type":"Polygon","coordinates":[[[139.876362,35.697879],[139.876321,35.697835],[139.876822,35.697718],[139.877081,35.697661],[139.877126,35.697711],[139.876744,35.697789],[139.876362,35.697879]]]},"properties":{}},{"type":"Feature","geometry":{"type":"Polygon","coordinates":[[[139.877126,35.697711],[139.877171,35.697767],[139.877347,35.697987],[139.877287,35.698011],[139.877255,35.698023],[139.876669,35.698253],[139.876385,35.697908],[139.876362,35.697879],[139.876744,35.697789],[139.877126,35.697711]]]},"properties":{}},{"type":"Feature","geometry":{"type":"Polygon","coordinates":[[[139.877984,35.697609],[139.878006,35.697633],[139.878144,35.697804],[139.878163,35.697828],[139.87793,35.697953],[139.877892,35.697974],[139.877772,35.698038],[139.877703,35.698075],[139.877616,35.698119],[139.877539,35.698163],[139.877502,35.698182],[139.877432,35.698094],[139.877403,35.698057],[139.877347,35.697987],[139.877171,35.697767],[139.877126,35.697711],[139.877214,35.697697],[139.877468,35.697654],[139.877733,35.697622],[139.877984,35.697609]]]},"properties":{}},{"type":"Feature","geometry":{"type":"Polygon","coordinates":[[[139.878503,35.697596],[139.878501,35.697623],[139.8785,35.69764],[139.878163,35.697828],[139.878144,35.697804],[139.878006,35.697633],[139.877984,35.697609],[139.878103,35.697604],[139.878503,35.697596]]]},"properties":{}},{"type":"Feature","geometry":{"type":"Polygon","coordinates":[[[139.878678,35.697591],[139.878717,35.697621],[139.878839,35.697752],[139.87894,35.697848],[139.879015,35.697919],[139.879113,35.698068],[139.879413,35.69853],[139.879453,35.698592],[139.879398,35.69861],[139.878917,35.698773],[139.878771,35.69849],[139.878601,35.698316],[139.878565,35.698278],[139.87842,35.698126],[139.878163,35.697828],[139.8785,35.69764],[139.878501,35.697623],[139.878503,35.697596],[139.878678,35.697591]]]},"properties":{}},{"type":"Feature","geometry":{"type":"Polygon","coordinates":[[[139.87929,35.697593],[139.879315,35.697622],[139.879348,35.697673],[139.879912,35.698411],[139.879453,35.698592],[139.879413,35.69853],[139.879113,35.698068],[139.879015,35.697919],[139.87894,35.697848],[139.878839,35.697752],[139.878717,35.697621],[139.878678,35.697591],[139.87929,35.697593]]]},"properties":{}},{"type":"Feature","geometry":{"type":"Polygon","coordinates":[[[139.880089,35.697586],[139.880107,35.697618],[139.880439,35.698207],[139.879912,35.698411],[139.879348,35.697673],[139.879315,35.697622],[139.87929,35.697593],[139.880089,35.697586]]]},"properties":{}},{"type":"Feature","geometry":{"type":"Polygon","coordinates":[[[139.880683,35.697589],[139.880681,35.697617],[139.88068,35.697667],[139.880715,35.697998],[139.880736,35.698114],[139.880672,35.698116],[139.880439,35.698207],[139.880107,35.697618],[139.880089,35.697586],[139.880683,35.697589]]]},"properties":{}},{"type":"Feature","geometry":{"type":"Polygon","coordinates":[[[139.878856,35.713053],[139.878942,35.713065],[139.878775,35.713768],[139.878675,35.71382],[139.878856,35.713053]]]},"properties":{}},{"type":"Feature","geometry":{"type":"Polygon","coordinates":[[[139.878675,35.71382],[139.878775,35.713768],[139.878513,35.714874],[139.878424,35.71489],[139.878675,35.71382]]]},"properties":{}},{"type":"Feature","geometry":{"type":"Polygon","coordinates":[[[139.877935,35.716964],[139.878015,35.716977],[139.877645,35.718548],[139.877567,35.718814],[139.877506,35.718988],[139.877423,35.719163],[139.877408,35.71919],[139.877346,35.719133],[139.877421,35.718964],[139.877486,35.718797],[139.87756,35.718534],[139.877935,35.716964]]]},"properties":{}},{"type":"Feature","geometry":{"type":"Polygon","coordinates":[[[139.881285,35.714371],[139.88096,35.715409],[139.880754,35.715382],[139.88035,35.715328],[139.880375,35.715148],[139.880395,35.715092],[139.880427,35.715049],[139.880508,35.714957],[139.88054,35.714884],[139.88055,35.714832],[139.880556,35.714766],[139.880517,35.71463],[139.880599,35.714618],[139.880715,35.714638],[139.880803,35.714311],[139.881285,35.714371]]]},"properties":{}},{"type":"Feature","geometry":{"type":"Polygon","coordinates":[[[139.880803,35.714311],[139.880714,35.714299],[139.880904,35.713449],[139.881518,35.713552],[139.881511,35.713577],[139.881298,35.714332],[139.881285,35.714371],[139.880803,35.714311]]]},"properties":{}},{"type":"Feature","geometry":{"type":"Polygon","coordinates":[[[139.880803,35.714311],[139.880715,35.714638],[139.880599,35.714618],[139.880517,35.71463],[139.880506,35.714595],[139.880395,35.714253],[139.880714,35.714299],[139.880803,35.714311]]]},"properties":{}},{"type":"Feature","geometry":{"type":"Polygon","coordinates":[[[139.880395,35.714253],[139.880506,35.714595],[139.880517,35.71463],[139.880556,35.714766],[139.88055,35.714832],[139.88054,35.714884],[139.880508,35.714957],[139.880427,35.715049],[139.880395,35.715092],[139.880375,35.715148],[139.88035,35.715328],[139.879714,35.715247],[139.87908,35.715162],[139.879033,35.715154],[139.879046,35.714818],[139.879259,35.714782],[139.879423,35.714778],[139.879582,35.714741],[139.879727,35.714588],[139.879752,35.714565],[139.879823,35.714522],[139.879961,35.714461],[139.880034,35.714201],[139.880395,35.714253]]]},"properties":{}},{"type":"Feature","geometry":{"type":"Polygon","coordinates":[[[139.880034,35.714201],[139.879961,35.714461],[139.879823,35.714522],[139.879752,35.714565],[139.879727,35.714588],[139.879582,35.714741],[139.879423,35.714778],[139.879259,35.714782],[139.879046,35.714818],[139.879224,35.714093],[139.880034,35.714201]]]},"properties":{}},{"type":"Feature","geometry":{"type":"Polygon","coordinates":[[[139.879224,35.714093],[139.879329,35.713691],[139.879266,35.713623],[139.879237,35.713589],[139.879838,35.713338],[139.879876,35.713318],[139.879893,35.713301],[139.879898,35.713271],[139.879913,35.713204],[139.880136,35.713237],[139.880263,35.713256],[139.880258,35.713324],[139.880256,35.71336],[139.880034,35.714201],[139.879224,35.714093]]]},"properties":{}},{"type":"Feature","geometry":{"type":"Polygon","coordinates":[[[139.878228,35.710839],[139.878002,35.71088],[139.877934,35.710895],[139.877774,35.710891],[139.877763,35.710888],[139.877553,35.710832],[139.87739,35.710788],[139.877292,35.710788],[139.87724,35.710833],[139.876999,35.711004],[139.876727,35.711146],[139.876599,35.711204],[139.876205,35.711291],[139.87631,35.710961],[139.876408,35.710652],[139.876747,35.710481],[139.877004,35.710381],[139.877451,35.710272],[139.877576,35.710241],[139.878119,35.710204],[139.878084,35.710363],[139.878228,35.710839]]]},"properties":{}},{"type":"Feature","geometry":{"type":"Polygon","coordinates":[[[139.878119,35.710204],[139.879039,35.710151],[139.879084,35.710149],[139.879061,35.710453],[139.87906,35.710477],[139.878982,35.710486],[139.878902,35.71052],[139.878816,35.710578],[139.878572,35.710743],[139.878284,35.71083],[139.878228,35.710839],[139.878084,35.710363],[139.878119,35.710204]]]},"properties":{}},{"type":"Feature","geometry":{"type":"Polygon","coordinates":[[[139.878119,35.710204],[139.877576,35.710241],[139.877451,35.710272],[139.877004,35.710381],[139.877321,35.709664],[139.878221,35.709688],[139.878119,35.710204]]]},"properties":{}},{"type":"Feature","geometry":{"type":"Polygon","coordinates":[[[139.878221,35.709688],[139.879129,35.70971],[139.879116,35.709837],[139.879084,35.710149],[139.879039,35.710151],[139.878119,35.710204],[139.878221,35.709688]]]},"properties":{}},{"type":"Feature","geometry":{"type":"Polygon","coordinates":[[[139.878221,35.709688],[139.877321,35.709664],[139.877471,35.709185],[139.877615,35.708681],[139.878403,35.708728],[139.878397,35.708759],[139.878363,35.70894],[139.878333,35.709099],[139.878281,35.709373],[139.878278,35.709387],[139.878221,35.709688]]]},"properties":{}},{"type":"Feature","geometry":{"type":"Polygon","coordinates":[[[139.878403,35.708728],[139.879219,35.708727],[139.879192,35.709049],[139.879186,35.70913],[139.879178,35.70923],[139.87917,35.709316],[139.879165,35.709389],[139.879133,35.709671],[139.879129,35.70971],[139.878221,35.709688],[139.878278,35.709387],[139.878281,35.709373],[139.878333,35.709099],[139.878363,35.70894],[139.878397,35.708759],[139.878403,35.708728]]]},"properties":{}},{"type":"Feature","geometry":{"type":"Polygon","coordinates":[[[139.878403,35.708728],[139.877615,35.708681],[139.877626,35.708643],[139.877829,35.707995],[139.878478,35.70803],[139.878533,35.708033],[139.878524,35.708086],[139.878518,35.708118],[139.878403,35.708728]]]},"properties":{}},{"type":"Feature","geometry":{"type":"Polygon","coordinates":[[[139.878533,35.708033],[139.878588,35.708036],[139.878852,35.708049],[139.879276,35.708021],[139.879222,35.708689],[139.879219,35.708727],[139.878403,35.708728],[139.878518,35.708118],[139.878524,35.708086],[139.878533,35.708033]]]},"properties":{}},{"type":"Feature","geometry":{"type":"Polygon","coordinates":[[[139.875229,35.715267],[139.875146,35.715303],[139.874688,35.715494],[139.874358,35.715627],[139.874343,35.715599],[139.874344,35.715574],[139.874491,35.715151],[139.874567,35.714931],[139.874648,35.71458],[139.874663,35.714515],[139.874737,35.71427],[139.874899,35.713811],[139.875549,35.713923],[139.875539,35.713962],[139.875392,35.714573],[139.875288,35.715],[139.87526,35.715128],[139.875209,35.715225],[139.875229,35.715267]]]},"properties":{}},{"type":"Feature","geometry":{"type":"Polygon","coordinates":[[[139.875549,35.713923],[139.876033,35.713994],[139.8765,35.714072],[139.876365,35.714666],[139.876345,35.714756],[139.876316,35.714813],[139.875229,35.715267],[139.875209,35.715225],[139.87526,35.715128],[139.875288,35.715],[139.875392,35.714573],[139.875539,35.713962],[139.875549,35.713923]]]},"properties":{}},{"type":"Feature","geometry":{"type":"Polygon","coordinates":[[[139.875549,35.713923],[139.874899,35.713811],[139.874968,35.713592],[139.874974,35.713577],[139.875148,35.713135],[139.875236,35.712885],[139.875351,35.712581],[139.875376,35.712515],[139.875463,35.712529],[139.875834,35.71259],[139.875877,35.712597],[139.875864,35.712647],[139.875759,35.713067],[139.875694,35.713306],[139.875644,35.713509],[139.87561,35.713668],[139.875549,35.713923]]]},"properties":{}},{"type":"Feature","geometry":{"type":"Polygon","coordinates":[[[139.875877,35.712597],[139.875924,35.712604],[139.875971,35.712612],[139.876341,35.71267],[139.876799,35.712743],[139.876787,35.712793],[139.876701,35.713165],[139.876665,35.713321],[139.876663,35.713331],[139.876628,35.713483],[139.876597,35.713618],[139.876552,35.71381],[139.8765,35.714072],[139.876033,35.713994],[139.875549,35.713923],[139.87561,35.713668],[139.875644,35.713509],[139.875694,35.713306],[139.875759,35.713067],[139.875864,35.712647],[139.875877,35.712597]]]},"properties":{}},{"type":"Feature","geometry":{"type":"Polygon","coordinates":[[[139.876124,35.711636],[139.876597,35.711623],[139.877004,35.711608],[139.877065,35.711611],[139.876896,35.712327],[139.876894,35.712339],[139.876821,35.712647],[139.876799,35.712743],[139.876341,35.71267],[139.875971,35.712612],[139.875924,35.712604],[139.875877,35.712597],[139.875893,35.712535],[139.875944,35.712337],[139.876124,35.711636]]]},"properties":{}},{"type":"Feature","geometry":{"type":"Polygon","coordinates":[[[139.876205,35.711291],[139.876599,35.711204],[139.876727,35.711146],[139.876999,35.711004],[139.87724,35.710833],[139.877065,35.711611],[139.877004,35.711608],[139.876597,35.711623],[139.876124,35.711636],[139.876205,35.711291]]]},"properties":{}},{"type":"Feature","geometry":{"type":"Polygon","coordinates":[[[139.876737,35.709615],[139.877321,35.709664],[139.877004,35.710381],[139.876747,35.710481],[139.876408,35.710652],[139.876737,35.709615]]]},"properties":{}},{"type":"Feature","geometry":{"type":"Polygon","coordinates":[[[139.87724,35.710833],[139.877292,35.710788],[139.87739,35.710788],[139.877553,35.710832],[139.877763,35.710888],[139.877717,35.711096],[139.877683,35.711245],[139.878189,35.71132],[139.878093,35.711766],[139.877579,35.711688],[139.877065,35.711611],[139.87724,35.710833]]]},"properties":{}},{"type":"Feature","geometry":{"type":"Polygon","coordinates":[[[139.877065,35.711611],[139.877579,35.711688],[139.878093,35.711766],[139.878086,35.711801],[139.878013,35.712143],[139.878009,35.712162],[139.877974,35.712323],[139.877906,35.712644],[139.877852,35.712898],[139.877343,35.712823],[139.877327,35.71282],[139.876876,35.712754],[139.876799,35.712743],[139.876821,35.712647],[139.876894,35.712339],[139.876896,35.712327],[139.877065,35.711611]]]},"properties":{}},{"type":"Feature","geometry":{"type":"Polygon","coordinates":[[[139.876799,35.712743],[139.876876,35.712754],[139.877327,35.71282],[139.877343,35.712823],[139.877852,35.712898],[139.877793,35.71315],[139.877761,35.713289],[139.877746,35.713354],[139.877729,35.713425],[139.877696,35.713566],[139.877654,35.713803],[139.877624,35.713919],[139.87756,35.71424],[139.877496,35.71423],[139.8765,35.714072],[139.876552,35.71381],[139.876597,35.713618],[139.876628,35.713483],[139.876663,35.713331],[139.876665,35.713321],[139.876701,35.713165],[139.876787,35.712793],[139.876799,35.712743]]]},"properties":{}},{"type":"Feature","geometry":{"type":"Polygon","coordinates":[[[139.8765,35.714072],[139.877496,35.71423],[139.87756,35.71424],[139.877562,35.714245],[139.87758,35.714281],[139.877515,35.714308],[139.877469,35.714328],[139.877408,35.714354],[139.876822,35.714604],[139.876316,35.714813],[139.876345,35.714756],[139.876365,35.714666],[139.8765,35.714072]]]},"properties":{}},{"type":"Feature","geometry":{"type":"Polygon","coordinates":[[[139.880317,35.716394],[139.879919,35.716329],[139.879518,35.716264],[139.879558,35.716054],[139.879634,35.715661],[139.879714,35.715247],[139.88035,35.715328],[139.880294,35.71589],[139.880289,35.715943],[139.880301,35.716132],[139.880317,35.716394]]]},"properties":{}},{"type":"Feature","geometry":{"type":"Polygon","coordinates":[[[139.879491,35.717133],[139.879424,35.717114],[139.879345,35.7171],[139.879374,35.71696],[139.879518,35.716264],[139.879919,35.716329],[139.880317,35.716394],[139.880324,35.716583],[139.880302,35.716805],[139.880275,35.716904],[139.880225,35.717061],[139.88017,35.717231],[139.880108,35.717222],[139.8797,35.717155],[139.879491,35.717133]]]},"properties":{}},{"type":"Feature","geometry":{"type":"Polygon","coordinates":[[[139.878189,35.71132],[139.877683,35.711245],[139.877717,35.711096],[139.877763,35.710888],[139.877774,35.710891],[139.877934,35.710895],[139.878002,35.71088],[139.878228,35.710839],[139.878284,35.71083],[139.878286,35.710868],[139.878233,35.711113],[139.87822,35.711173],[139.878189,35.71132]]]},"properties":{}},{"type":"Feature","geometry":{"type":"Polygon","coordinates":[[[139.879714,35.715247],[139.879634,35.715661],[139.879558,35.716054],[139.879518,35.716264],[139.879266,35.716222],[139.879154,35.716204],[139.87882,35.71615],[139.87898,35.715773],[139.878994,35.715687],[139.879007,35.715579],[139.879041,35.715291],[139.879031,35.715219],[139.879033,35.715154],[139.87908,35.715162],[139.879714,35.715247]]]},"properties":{}},{"type":"Feature","geometry":{"type":"Polygon","coordinates":[[[139.888761,35.708815],[139.888745,35.708615],[139.8885,35.708174],[139.888941,35.707898],[139.889288,35.707669],[139.889324,35.707828],[139.889376,35.708069],[139.889427,35.708524],[139.889406,35.708781],[139.889398,35.708885],[139.889274,35.708874],[139.888761,35.708815]]]},"properties":{}},{"type":"Feature","geometry":{"type":"Polygon","coordinates":[[[139.887721,35.708693],[139.887733,35.70865],[139.887753,35.708626],[139.8885,35.708174],[139.888745,35.708615],[139.888761,35.708815],[139.888114,35.708742],[139.887773,35.708699],[139.887721,35.708693]]]},"properties":{}},{"type":"Feature","geometry":{"type":"Polygon","coordinates":[[[139.886718,35.708441],[139.88674,35.708101],[139.887528,35.708022],[139.887506,35.708605],[139.88749,35.708653],[139.887368,35.708625],[139.887237,35.708593],[139.887127,35.708562],[139.886952,35.708508],[139.886804,35.708463],[139.886718,35.708441]]]},"properties":{}},{"type":"Feature","geometry":{"type":"Polygon","coordinates":[[[139.886718,35.708441],[139.886678,35.708983],[139.885783,35.708786],[139.885778,35.708741],[139.885871,35.708279],[139.885886,35.708206],[139.885952,35.708225],[139.886718,35.708441]]]},"properties":{}},{"type":"Feature","geometry":{"type":"Polygon","coordinates":[[[139.885886,35.708206],[139.885897,35.708143],[139.886001,35.707559],[139.886039,35.707385],[139.886787,35.707361],[139.88674,35.708101],[139.886718,35.708441],[139.885952,35.708225],[139.885886,35.708206]]]},"properties":{}},{"type":"Feature","geometry":{"type":"Polygon","coordinates":[[[139.885886,35.708206],[139.885871,35.708279],[139.885778,35.708741],[139.885783,35.708786],[139.885023,35.708876],[139.885117,35.708464],[139.885165,35.70822],[139.885172,35.708159],[139.885215,35.708138],[139.885287,35.708146],[139.88531,35.708149],[139.885393,35.70816],[139.885482,35.708155],[139.885522,35.708144],[139.885544,35.708104],[139.885766,35.708174],[139.885808,35.708185],[139.885886,35.708206]]]},"properties":{}},{"type":"Feature","geometry":{"type":"Polygon","coordinates":[[[139.885544,35.708104],[139.885549,35.708055],[139.885485,35.708009],[139.885393,35.707967],[139.885318,35.707938],[139.885233,35.707905],[139.885243,35.707859],[139.885332,35.707409],[139.886039,35.707385],[139.886001,35.707559],[139.885897,35.708143],[139.885886,35.708206],[139.885808,35.708185],[139.885766,35.708174],[139.885544,35.708104]]]},"properties":{}},{"type":"Feature","geometry":{"type":"Polygon","coordinates":[[[139.87882,35.71615],[139.879154,35.716204],[139.879266,35.716222],[139.879518,35.716264],[139.879374,35.71696],[139.879345,35.7171],[139.87915,35.717073],[139.878929,35.71701],[139.878905,35.717006],[139.878814,35.716993],[139.878625,35.716965],[139.87882,35.71615]]]},"properties":{}},{"type":"Feature","geometry":{"type":"Polygon","coordinates":[[[139.880627,35.694842],[139.880611,35.694837],[139.880572,35.694826],[139.880585,35.694775],[139.880588,35.694765],[139.880579,35.694709],[139.880558,35.694661],[139.880528,35.694611],[139.880411,35.694456],[139.880371,35.694398],[139.880269,35.69419],[139.880267,35.694184],[139.880249,35.694132],[139.880303,35.694109],[139.880429,35.694383],[139.880619,35.694638],[139.880645,35.694792],[139.880627,35.694842]]]},"properties":{}},{"type":"Feature","geometry":{"type":"Polygon","coordinates":[[[139.880303,35.694109],[139.880615,35.693984],[139.880761,35.693952],[139.880874,35.693941],[139.880898,35.694075],[139.88095,35.694368],[139.880984,35.694787],[139.880969,35.694947],[139.880627,35.694842],[139.880645,35.694792],[139.880619,35.694638],[139.880429,35.694383],[139.880303,35.694109]]]},"properties":{}},{"type":"Feature","geometry":{"type":"Polygon","coordinates":[[[139.880969,35.694947],[139.880716,35.695363],[139.880692,35.695413],[139.880695,35.695748],[139.880731,35.695906],[139.880546,35.695944],[139.880462,35.695961],[139.880377,35.695934],[139.880235,35.69589],[139.880164,35.695831],[139.880145,35.695816],[139.880081,35.695763],[139.879915,35.695484],[139.879904,35.695462],[139.879897,35.695447],[139.879963,35.695435],[139.880107,35.695415],[139.880157,35.69539],[139.880185,35.69534],[139.880241,35.695182],[139.880307,35.695108],[139.880377,35.695044],[139.880439,35.694995],[139.880558,35.694878],[139.88056,35.694872],[139.880572,35.694826],[139.880611,35.694837],[139.880627,35.694842],[139.880969,35.694947]]]},"properties":{}},{"type":"Feature","geometry":{"type":"Polygon","coordinates":[[[139.880572,35.694826],[139.88056,35.694872],[139.880558,35.694878],[139.880439,35.694995],[139.880377,35.695044],[139.880307,35.695108],[139.880241,35.695182],[139.880185,35.69534],[139.880157,35.69539],[139.880107,35.695415],[139.879963,35.695435],[139.879897,35.695447],[139.879882,35.695418],[139.879872,35.695397],[139.880097,35.695354],[139.88012,35.695332],[139.880114,35.695223],[139.880151,35.69516],[139.880203,35.695109],[139.880383,35.694959],[139.880498,35.694849],[139.880514,35.694806],[139.880561,35.694823],[139.880572,35.694826]]]},"properties":{}},{"type":"Feature","geometry":{"type":"Polygon","coordinates":[[[139.880561,35.694823],[139.880514,35.694806],[139.880508,35.694717],[139.880462,35.694611],[139.880381,35.694504],[139.880313,35.69441],[139.880251,35.694304],[139.880199,35.694155],[139.880249,35.694132],[139.880267,35.694184],[139.880269,35.69419],[139.880371,35.694398],[139.880411,35.694456],[139.880528,35.694611],[139.880558,35.694661],[139.880579,35.694709],[139.880588,35.694765],[139.880585,35.694775],[139.880572,35.694826],[139.880561,35.694823]]]},"properties":{}},{"type":"Feature","geometry":{"type":"Polygon","coordinates":[[[139.879872,35.695397],[139.879711,35.695417],[139.879571,35.695109],[139.879456,35.694854],[139.879437,35.694803],[139.879831,35.694646],[139.879955,35.694533],[139.880313,35.69441],[139.880381,35.694504],[139.880462,35.694611],[139.880508,35.694717],[139.880514,35.694806],[139.880498,35.694849],[139.880383,35.694959],[139.880203,35.695109],[139.880151,35.69516],[139.880114,35.695223],[139.88012,35.695332],[139.880097,35.695354],[139.879872,35.695397]]]},"properties":{}},{"type":"Feature","geometry":{"type":"Polygon","coordinates":[[[139.881511,35.696653],[139.881504,35.696667],[139.881489,35.6967],[139.881431,35.696667],[139.881424,35.696664],[139.88139,35.696651],[139.881243,35.696628],[139.881106,35.696597],[139.881034,35.696574],[139.880977,35.696553],[139.88091,35.696542],[139.880833,35.69654],[139.880756,35.696542],[139.88069,35.696552],[139.88063,35.696558],[139.880624,35.696533],[139.88062,35.696513],[139.88066,35.696509],[139.880794,35.696486],[139.88092,35.6965],[139.881071,35.696545],[139.88123,35.696589],[139.88144,35.696634],[139.881511,35.696653]]]},"properties":{}},{"type":"Feature","geometry":{"type":"Polygon","coordinates":[[[139.88062,35.696513],[139.880624,35.696533],[139.88063,35.696558],[139.880613,35.69656],[139.880505,35.696579],[139.880471,35.696581],[139.880408,35.696573],[139.880282,35.69654],[139.880176,35.696507],[139.880134,35.696484],[139.880105,35.696457],[139.880078,35.696423],[139.880051,35.696387],[139.880017,35.696338],[139.879986,35.696311],[139.879928,35.696288],[139.879876,35.69627],[139.879814,35.696244],[139.879717,35.696216],[139.879592,35.696169],[139.879271,35.695979],[139.879216,35.695839],[139.87938,35.695722],[139.879709,35.69548],[139.879751,35.695472],[139.879897,35.695447],[139.879904,35.695462],[139.879915,35.695484],[139.880081,35.695763],[139.880145,35.695816],[139.880164,35.695831],[139.880235,35.69589],[139.880377,35.695934],[139.880462,35.695961],[139.880546,35.695944],[139.880731,35.695906],[139.880907,35.696141],[139.881015,35.696227],[139.88116,35.69627],[139.881423,35.696333],[139.881603,35.696422],[139.881603,35.696449],[139.881511,35.696653],[139.88144,35.696634],[139.88123,35.696589],[139.881071,35.696545],[139.88092,35.6965],[139.880794,35.696486],[139.88066,35.696509],[139.88062,35.696513]]]},"properties":{}},{"type":"Feature","geometry":{"type":"Polygon","coordinates":[[[139.881474,35.696731],[139.881178,35.696663],[139.880915,35.696599],[139.880782,35.696593],[139.880643,35.69662],[139.880638,35.696592],[139.88063,35.696558],[139.88069,35.696552],[139.880756,35.696542],[139.880833,35.69654],[139.88091,35.696542],[139.880977,35.696553],[139.881034,35.696574],[139.881106,35.696597],[139.881243,35.696628],[139.88139,35.696651],[139.881424,35.696664],[139.881431,35.696667],[139.881489,35.6967],[139.881474,35.696731]]]},"properties":{}},{"type":"Feature","geometry":{"type":"Polygon","coordinates":[[[139.88039,35.697302],[139.880387,35.697278],[139.880383,35.697251],[139.879779,35.696887],[139.880029,35.696444],[139.880061,35.696491],[139.880136,35.696544],[139.880415,35.696632],[139.880576,35.696633],[139.880562,35.696739],[139.88051,35.696797],[139.880478,35.696868],[139.88047,35.696938],[139.880483,35.697026],[139.880513,35.697102],[139.88061,35.697276],[139.880621,35.697301],[139.88039,35.697302]]]},"properties":{}},{"type":"Feature","geometry":{"type":"Polygon","coordinates":[[[139.879585,35.697317],[139.879608,35.697243],[139.879617,35.697211],[139.879779,35.696887],[139.880383,35.697251],[139.880387,35.697278],[139.88039,35.697302],[139.879585,35.697317]]]},"properties":{}},{"type":"Feature","geometry":{"type":"Polygon","coordinates":[[[139.878456,35.697331],[139.878457,35.69728],[139.878689,35.697154],[139.878759,35.696998],[139.87882,35.696777],[139.879064,35.696863],[139.879311,35.697033],[139.879617,35.697211],[139.879608,35.697243],[139.879585,35.697317],[139.878733,35.697327],[139.878456,35.697331]]]},"properties":{}},{"type":"Feature","geometry":{"type":"Polygon","coordinates":[[[139.878397,35.697332],[139.878393,35.697277],[139.878179,35.697045],[139.878061,35.696844],[139.878356,35.696693],[139.878621,35.696741],[139.87882,35.696777],[139.878759,35.696998],[139.878689,35.697154],[139.878457,35.69728],[139.878456,35.697331],[139.878397,35.697332]]]},"properties":{}},{"type":"Feature","geometry":{"type":"Polygon","coordinates":[[[139.877802,35.697386],[139.877771,35.697347],[139.877564,35.697108],[139.877686,35.69704],[139.877902,35.696927],[139.878061,35.696844],[139.878179,35.697045],[139.878393,35.697277],[139.878397,35.697332],[139.878109,35.697351],[139.877802,35.697386]]]},"properties":{}},{"type":"Feature","geometry":{"type":"Polygon","coordinates":[[[139.876979,35.697546],[139.876928,35.697483],[139.876896,35.697444],[139.877232,35.697269],[139.877564,35.697108],[139.877771,35.697347],[139.877802,35.697386],[139.877592,35.697418],[139.877386,35.697457],[139.877193,35.697498],[139.876979,35.697546]]]},"properties":{}},{"type":"Feature","geometry":{"type":"Polygon","coordinates":[[[139.876223,35.697725],[139.876204,35.697702],[139.87593,35.697355],[139.875431,35.696753],[139.875659,35.696643],[139.875755,35.696593],[139.876073,35.69642],[139.876896,35.697444],[139.876928,35.697483],[139.876979,35.697546],[139.876374,35.69769],[139.876223,35.697725]]]},"properties":{}},{"type":"Feature","geometry":{"type":"Polygon","coordinates":[[[139.875508,35.69789],[139.875496,35.697875],[139.875336,35.69767],[139.875304,35.69763],[139.875169,35.697457],[139.87505,35.697305],[139.874853,35.697057],[139.875431,35.696753],[139.87593,35.697355],[139.876204,35.697702],[139.876223,35.697725],[139.875508,35.69789]]]},"properties":{}},{"type":"Feature","geometry":{"type":"Polygon","coordinates":[[[139.87471,35.698082],[139.874698,35.698067],[139.874496,35.697817],[139.874425,35.697724],[139.874176,35.697422],[139.874853,35.697057],[139.87505,35.697305],[139.875169,35.697457],[139.875304,35.69763],[139.875336,35.69767],[139.875496,35.697875],[139.875508,35.69789],[139.875191,35.697967],[139.874991,35.698015],[139.87471,35.698082]]]},"properties":{}},{"type":"Feature","geometry":{"type":"Polygon","coordinates":[[[139.874026,35.698247],[139.873885,35.697919],[139.873794,35.697779],[139.87375,35.697639],[139.873796,35.697615],[139.874176,35.697422],[139.874425,35.697724],[139.874496,35.697817],[139.874698,35.698067],[139.87471,35.698082],[139.874026,35.698247]]]},"properties":{}},{"type":"Feature","geometry":{"type":"Polygon","coordinates":[[[139.871045,35.698798],[139.870955,35.698581],[139.870901,35.698453],[139.870901,35.698301],[139.870856,35.698181],[139.870815,35.698059],[139.870791,35.697825],[139.870777,35.697773],[139.870829,35.697765],[139.87138,35.697743],[139.871421,35.698175],[139.871431,35.698278],[139.871451,35.69856],[139.871464,35.69876],[139.871045,35.698798]]]},"properties":{}},{"type":"Feature","geometry":{"type":"Polygon","coordinates":[[[139.879897,35.695447],[139.879751,35.695472],[139.879709,35.69548],[139.87938,35.695722],[139.879216,35.695839],[139.879271,35.695979],[139.879592,35.696169],[139.879717,35.696216],[139.879814,35.696244],[139.879876,35.69627],[139.879928,35.696288],[139.879986,35.696311],[139.880017,35.696338],[139.880051,35.696387],[139.880078,35.696423],[139.880063,35.69643],[139.880029,35.696444],[139.879968,35.696368],[139.879895,35.696328],[139.879668,35.696256],[139.879559,35.696212],[139.879361,35.696105],[139.879263,35.696045],[139.87916,35.69597],[139.879125,35.695932],[139.879142,35.695887],[139.879149,35.695837],[139.879265,35.69575],[139.879711,35.695417],[139.879872,35.695397],[139.879882,35.695418],[139.879897,35.695447]]]},"properties":{}},{"type":"Feature","geometry":{"type":"Polygon","coordinates":[[[139.881688,35.697339],[139.880621,35.697301],[139.88061,35.697276],[139.880513,35.697102],[139.880483,35.697026],[139.88047,35.696938],[139.880478,35.696868],[139.88051,35.696797],[139.880562,35.696739],[139.880576,35.696633],[139.880643,35.69662],[139.880782,35.696593],[139.880915,35.696599],[139.881178,35.696663],[139.881474,35.696731],[139.881463,35.696756],[139.881518,35.696944],[139.881544,35.696967],[139.881561,35.696976],[139.881695,35.697047],[139.881765,35.697111],[139.881782,35.697173],[139.881788,35.697211],[139.881771,35.697286],[139.881758,35.697341],[139.881688,35.697339]]]},"properties":{}},{"type":"Feature","geometry":{"type":"Polygon","coordinates":[[[139.880576,35.696633],[139.880415,35.696632],[139.880136,35.696544],[139.880061,35.696491],[139.880029,35.696444],[139.880063,35.69643],[139.880078,35.696423],[139.880105,35.696457],[139.880134,35.696484],[139.880176,35.696507],[139.880282,35.69654],[139.880408,35.696573],[139.880471,35.696581],[139.880505,35.696579],[139.880613,35.69656],[139.88063,35.696558],[139.880638,35.696592],[139.880643,35.69662],[139.880576,35.696633]]]},"properties":{}},{"type":"Feature","geometry":{"type":"Polygon","coordinates":[[[139.87882,35.696777],[139.878621,35.696741],[139.878356,35.696693],[139.878061,35.696844],[139.877727,35.696396],[139.878001,35.696421],[139.878185,35.696408],[139.878382,35.696391],[139.878658,35.696396],[139.878882,35.6964],[139.87892,35.696426],[139.87882,35.696777]]]},"properties":{}},{"type":"Feature","geometry":{"type":"Polygon","coordinates":[[[139.87892,35.696426],[139.879209,35.696567],[139.879451,35.69669],[139.879699,35.696813],[139.879779,35.696887],[139.879617,35.697211],[139.879311,35.697033],[139.879064,35.696863],[139.87882,35.696777],[139.87892,35.696426]]]},"properties":{}},{"type":"Feature","geometry":{"type":"Polygon","coordinates":[[[139.880029,35.696444],[139.879779,35.696887],[139.879699,35.696813],[139.879451,35.69669],[139.879209,35.696567],[139.87892,35.696426],[139.879002,35.696234],[139.879125,35.695932],[139.87916,35.69597],[139.879263,35.696045],[139.879361,35.696105],[139.879559,35.696212],[139.879668,35.696256],[139.879895,35.696328],[139.879968,35.696368],[139.880029,35.696444]]]},"properties":{}},{"type":"Feature","geometry":{"type":"Polygon","coordinates":[[[139.876896,35.697444],[139.876073,35.69642],[139.876741,35.696071],[139.876895,35.69619],[139.876999,35.696271],[139.876975,35.696419],[139.877036,35.696501],[139.877142,35.696618],[139.877278,35.696768],[139.877564,35.697108],[139.877232,35.697269],[139.876896,35.697444]]]},"properties":{}},{"type":"Feature","geometry":{"type":"Polygon","coordinates":[[[139.877564,35.697108],[139.877278,35.696768],[139.877142,35.696618],[139.877036,35.696501],[139.876975,35.696419],[139.876999,35.696271],[139.876895,35.69619],[139.876741,35.696071],[139.877014,35.695924],[139.877247,35.695799],[139.877469,35.696077],[139.87751,35.696129],[139.877617,35.696264],[139.877662,35.696321],[139.877727,35.696396],[139.878061,35.696844],[139.877902,35.696927],[139.877686,35.69704],[139.877564,35.697108]]]},"properties":{}},{"type":"Feature","geometry":{"type":"Polygon","coordinates":[[[139.879265,35.69575],[139.879149,35.695837],[139.879103,35.695776],[139.879022,35.695614],[139.878929,35.695429],[139.878555,35.695112],[139.878724,35.695031],[139.87876,35.695014],[139.87901,35.694957],[139.879047,35.694947],[139.879456,35.694854],[139.879571,35.695109],[139.879711,35.695417],[139.879265,35.69575]]]},"properties":{}},{"type":"Feature","geometry":{"type":"Polygon","coordinates":[[[139.87892,35.696426],[139.878882,35.6964],[139.878658,35.696396],[139.878382,35.696391],[139.878185,35.696408],[139.878001,35.696421],[139.877727,35.696396],[139.877662,35.696321],[139.877617,35.696264],[139.87751,35.696129],[139.877469,35.696077],[139.877247,35.695799],[139.877578,35.695628],[139.877647,35.695593],[139.877828,35.6955],[139.877906,35.695459],[139.878185,35.695759],[139.878479,35.695718],[139.878541,35.695861],[139.879103,35.695776],[139.879149,35.695837],[139.879142,35.695887],[139.879125,35.695932],[139.879002,35.696234],[139.87892,35.696426]]]},"properties":{}},{"type":"Feature","geometry":{"type":"Polygon","coordinates":[[[139.880875,35.697423],[139.879053,35.697428],[139.878279,35.69742],[139.878013,35.697434],[139.877732,35.697463],[139.877442,35.697503],[139.877718,35.697449],[139.878,35.697409],[139.878266,35.69739],[139.878549,35.69738],[139.879048,35.697372],[139.880876,35.697359],[139.881435,35.697373],[139.881126,35.697414],[139.881001,35.697421],[139.880875,35.697423]]]},"properties":{}},{"type":"Feature","geometry":{"type":"Polygon","coordinates":[[[139.875771,35.698208],[139.876015,35.698512],[139.876137,35.698671],[139.876098,35.698687],[139.875866,35.698783],[139.875317,35.699006],[139.875275,35.699032],[139.874984,35.698448],[139.875677,35.69809],[139.875695,35.698112],[139.875771,35.698208]]]},"properties":{}},{"type":"Feature","geometry":{"type":"Polygon","coordinates":[[[139.876015,35.698512],[139.876669,35.698253],[139.877255,35.698023],[139.877287,35.698011],[139.877347,35.697987],[139.877403,35.698057],[139.877432,35.698094],[139.877502,35.698182],[139.877802,35.698561],[139.878161,35.699024],[139.87809,35.699042],[139.877439,35.699201],[139.87702,35.699308],[139.876702,35.699389],[139.876137,35.698671],[139.876015,35.698512]]]},"properties":{}},{"type":"Feature","geometry":{"type":"Polygon","coordinates":[[[139.876702,35.699389],[139.876658,35.699401],[139.876471,35.69945],[139.876147,35.699534],[139.876131,35.699539],[139.875916,35.699595],[139.875611,35.699675],[139.875404,35.699253],[139.875275,35.699032],[139.875317,35.699006],[139.875866,35.698783],[139.876098,35.698687],[139.876137,35.698671],[139.876702,35.699389]]]},"properties":{}},{"type":"Feature","geometry":{"type":"Polygon","coordinates":[[[139.876702,35.699389],[139.87702,35.699308],[139.877439,35.699201],[139.877443,35.699534],[139.877445,35.699787],[139.877451,35.700306],[139.877452,35.700355],[139.876773,35.700522],[139.876769,35.700467],[139.876753,35.700193],[139.876741,35.699983],[139.876729,35.699776],[139.876723,35.69969],[139.876702,35.699389]]]},"properties":{}},{"type":"Feature","geometry":{"type":"Polygon","coordinates":[[[139.876773,35.700522],[139.876723,35.700534],[139.876391,35.700613],[139.876346,35.700624],[139.876112,35.700679],[139.875789,35.700761],[139.875683,35.700139],[139.875658,35.699942],[139.875611,35.699675],[139.875916,35.699595],[139.876131,35.699539],[139.876147,35.699534],[139.876471,35.69945],[139.876658,35.699401],[139.876702,35.699389],[139.876723,35.69969],[139.876729,35.699776],[139.876741,35.699983],[139.876753,35.700193],[139.876769,35.700467],[139.876773,35.700522]]]},"properties":{}},{"type":"Feature","geometry":{"type":"Polygon","coordinates":[[[139.876773,35.700522],[139.877452,35.700355],[139.877452,35.700642],[139.877452,35.700992],[139.877452,35.701037],[139.877394,35.701048],[139.877342,35.701058],[139.876805,35.701174],[139.876803,35.701125],[139.876801,35.701078],[139.876775,35.700564],[139.876773,35.700522]]]},"properties":{}},{"type":"Feature","geometry":{"type":"Polygon","coordinates":[[[139.876805,35.701174],[139.876757,35.701182],[139.876414,35.701243],[139.876172,35.701301],[139.875869,35.701358],[139.875789,35.700761],[139.876112,35.700679],[139.876346,35.700624],[139.876391,35.700613],[139.876723,35.700534],[139.876773,35.700522],[139.876775,35.700564],[139.876801,35.701078],[139.876803,35.701125],[139.876805,35.701174]]]},"properties":{}},{"type":"Feature","geometry":{"type":"Polygon","coordinates":[[[139.876805,35.701174],[139.877342,35.701058],[139.877394,35.701048],[139.877452,35.701037],[139.877436,35.701512],[139.87743,35.701666],[139.877474,35.701946],[139.877437,35.701949],[139.876842,35.701997],[139.876841,35.701971],[139.876828,35.701657],[139.876805,35.701174]]]},"properties":{}},{"type":"Feature","geometry":{"type":"Polygon","coordinates":[[[139.876842,35.701997],[139.87678,35.702002],[139.876368,35.702036],[139.87624,35.702045],[139.875972,35.702069],[139.875894,35.701532],[139.875869,35.701358],[139.876172,35.701301],[139.876414,35.701243],[139.876757,35.701182],[139.876805,35.701174],[139.876828,35.701657],[139.876841,35.701971],[139.876842,35.701997]]]},"properties":{}},{"type":"Feature","geometry":{"type":"Polygon","coordinates":[[[139.876842,35.701997],[139.877437,35.701949],[139.877474,35.701946],[139.877528,35.702782],[139.876889,35.702838],[139.876842,35.701997]]]},"properties":{}},{"type":"Feature","geometry":{"type":"Polygon","coordinates":[[[139.876889,35.702838],[139.876102,35.702906],[139.875972,35.702069],[139.87624,35.702045],[139.876368,35.702036],[139.87678,35.702002],[139.876842,35.701997],[139.876889,35.702838]]]},"properties":{}},{"type":"Feature","geometry":{"type":"Polygon","coordinates":[[[139.871451,35.695796],[139.871648,35.695633],[139.871831,35.695492],[139.872078,35.695309],[139.872172,35.695242],[139.87221,35.69528],[139.872803,35.695864],[139.872882,35.695943],[139.872963,35.696023],[139.872983,35.696042],[139.873064,35.696126],[139.8732,35.696267],[139.873303,35.696373],[139.873016,35.69655],[139.873001,35.696552],[139.87256,35.696607],[139.872511,35.696641],[139.872481,35.696662],[139.87239,35.696579],[139.872307,35.696468],[139.872283,35.696439],[139.872152,35.69631],[139.872126,35.696289],[139.872075,35.696235],[139.871932,35.696085],[139.871921,35.696079],[139.871878,35.696053],[139.871736,35.696002],[139.871602,35.695948],[139.871461,35.695827],[139.871451,35.695796]]]},"properties":{}},{"type":"Feature","geometry":{"type":"Polygon","coordinates":[[[139.872481,35.696662],[139.872511,35.696641],[139.87256,35.696607],[139.873001,35.696552],[139.873016,35.69655],[139.873303,35.696373],[139.873533,35.69661],[139.874022,35.697236],[139.874176,35.697422],[139.873796,35.697615],[139.87375,35.697639],[139.873731,35.697561],[139.873673,35.697536],[139.873612,35.697509],[139.873166,35.69731],[139.873014,35.697229],[139.872983,35.697213],[139.872916,35.697103],[139.872794,35.696982],[139.872682,35.696868],[139.872587,35.69677],[139.872481,35.696662]]]},"properties":{}},{"type":"Feature","geometry":{"type":"Polygon","coordinates":[[[139.874218,35.696252],[139.874781,35.695951],[139.874964,35.696172],[139.875036,35.696269],[139.875431,35.696753],[139.874853,35.697057],[139.874218,35.696252]]]},"properties":{}},{"type":"Feature","geometry":{"type":"Polygon","coordinates":[[[139.874853,35.697057],[139.874176,35.697422],[139.874022,35.697236],[139.873533,35.69661],[139.873907,35.696414],[139.87407,35.696329],[139.874218,35.696252],[139.874853,35.697057]]]},"properties":{}},{"type":"Feature","geometry":{"type":"Polygon","coordinates":[[[139.874264,35.698829],[139.874643,35.698631],[139.874984,35.698448],[139.875275,35.699032],[139.874449,35.699345],[139.874275,35.69885],[139.874264,35.698829]]]},"properties":{}},{"type":"Feature","geometry":{"type":"Polygon","coordinates":[[[139.874449,35.699345],[139.875275,35.699032],[139.875404,35.699253],[139.875611,35.699675],[139.875387,35.699717],[139.875171,35.699756],[139.874523,35.699877],[139.874516,35.699665],[139.874503,35.699561],[139.874449,35.699345]]]},"properties":{}},{"type":"Feature","geometry":{"type":"Polygon","coordinates":[[[139.878438,35.694009],[139.878571,35.694262],[139.878661,35.694446],[139.87901,35.694957],[139.87876,35.695014],[139.878724,35.695031],[139.878555,35.695112],[139.878482,35.69502],[139.878332,35.694831],[139.878273,35.694756],[139.878195,35.694658],[139.878171,35.694628],[139.8779,35.694287],[139.878438,35.694009]]]},"properties":{}},{"type":"Feature","geometry":{"type":"Polygon","coordinates":[[[139.8779,35.694287],[139.877327,35.693552],[139.877306,35.693525],[139.877091,35.69325],[139.87757,35.692991],[139.877848,35.692852],[139.878045,35.693226],[139.878073,35.693279],[139.878244,35.693601],[139.878438,35.694009],[139.8779,35.694287]]]},"properties":{}},{"type":"Feature","geometry":{"type":"Polygon","coordinates":[[[139.8779,35.694287],[139.878171,35.694628],[139.878195,35.694658],[139.878273,35.694756],[139.878332,35.694831],[139.878482,35.69502],[139.878555,35.695112],[139.878218,35.695292],[139.877906,35.695459],[139.87771,35.69521],[139.877678,35.695171],[139.877633,35.695114],[139.877524,35.694979],[139.877243,35.694627],[139.877663,35.694409],[139.8779,35.694287]]]},"properties":{}},{"type":"Feature","geometry":{"type":"Polygon","coordinates":[[[139.877243,35.694627],[139.876866,35.694137],[139.876786,35.694033],[139.876642,35.693847],[139.876635,35.693837],[139.876564,35.693745],[139.876439,35.693582],[139.87647,35.693567],[139.877091,35.69325],[139.877306,35.693525],[139.877327,35.693552],[139.8779,35.694287],[139.877663,35.694409],[139.877243,35.694627]]]},"properties":{}},{"type":"Feature","geometry":{"type":"Polygon","coordinates":[[[139.877243,35.694627],[139.877524,35.694979],[139.877633,35.695114],[139.877678,35.695171],[139.87771,35.69521],[139.877906,35.695459],[139.877828,35.6955],[139.877647,35.695593],[139.877578,35.695628],[139.877247,35.695799],[139.877071,35.695571],[139.87701,35.695492],[139.876967,35.695435],[139.8766,35.694961],[139.877243,35.694627]]]},"properties":{}},{"type":"Feature","geometry":{"type":"Polygon","coordinates":[[[139.8766,35.694961],[139.876222,35.694493],[139.876085,35.694323],[139.875772,35.693935],[139.875869,35.693884],[139.876439,35.693582],[139.876564,35.693745],[139.876635,35.693837],[139.876642,35.693847],[139.876786,35.694033],[139.876866,35.694137],[139.877243,35.694627],[139.8766,35.694961]]]},"properties":{}},{"type":"Feature","geometry":{"type":"Polygon","coordinates":[[[139.8766,35.694961],[139.876967,35.695435],[139.87701,35.695492],[139.877071,35.695571],[139.877247,35.695799],[139.877014,35.695924],[139.876741,35.696071],[139.876519,35.695809],[139.87605,35.695254],[139.8766,35.694961]]]},"properties":{}},{"type":"Feature","geometry":{"type":"Polygon","coordinates":[[[139.87605,35.695254],[139.875702,35.694846],[139.875498,35.694607],[139.875189,35.694245],[139.875533,35.694062],[139.875667,35.693991],[139.875772,35.693935],[139.876085,35.694323],[139.876222,35.694493],[139.8766,35.694961],[139.87605,35.695254]]]},"properties":{}},{"type":"Feature","geometry":{"type":"Polygon","coordinates":[[[139.87605,35.695254],[139.876519,35.695809],[139.876741,35.696071],[139.876073,35.69642],[139.875424,35.695598],[139.87605,35.695254]]]},"properties":{}},{"type":"Feature","geometry":{"type":"Polygon","coordinates":[[[139.875424,35.695598],[139.875194,35.695303],[139.87503,35.695094],[139.874947,35.694991],[139.874622,35.694576],[139.874608,35.694543],[139.875189,35.694245],[139.875498,35.694607],[139.875702,35.694846],[139.87605,35.695254],[139.875424,35.695598]]]},"properties":{}},{"type":"Feature","geometry":{"type":"Polygon","coordinates":[[[139.875424,35.695598],[139.876073,35.69642],[139.875755,35.696593],[139.875659,35.696643],[139.875431,35.696753],[139.875036,35.696269],[139.874964,35.696172],[139.874781,35.695951],[139.874895,35.695888],[139.874976,35.695842],[139.875073,35.695788],[139.87514,35.695752],[139.87525,35.69569],[139.875424,35.695598]]]},"properties":{}},{"type":"Feature","geometry":{"type":"Polygon","coordinates":[[[139.874781,35.695951],[139.874242,35.695267],[139.873941,35.694886],[139.874161,35.694772],[139.874608,35.694543],[139.874622,35.694576],[139.874947,35.694991],[139.87503,35.695094],[139.875194,35.695303],[139.875424,35.695598],[139.87525,35.69569],[139.87514,35.695752],[139.875073,35.695788],[139.874976,35.695842],[139.874895,35.695888],[139.874781,35.695951]]]},"properties":{}},{"type":"Feature","geometry":{"type":"Polygon","coordinates":[[[139.874218,35.696252],[139.87407,35.696329],[139.873907,35.696414],[139.873533,35.69661],[139.873303,35.696373],[139.8732,35.696267],[139.873064,35.696126],[139.872983,35.696042],[139.872963,35.696023],[139.872882,35.695943],[139.872803,35.695864],[139.87221,35.69528],[139.872172,35.695242],[139.872764,35.694796],[139.872991,35.694628],[139.87302,35.694606],[139.873443,35.694299],[139.873479,35.694329],[139.873941,35.694886],[139.874242,35.695267],[139.874781,35.695951],[139.874218,35.696252]]]},"properties":{}},{"type":"Feature","geometry":{"type":"Polygon","coordinates":[[[139.875611,35.699675],[139.875658,35.699942],[139.875683,35.700139],[139.875789,35.700761],[139.875744,35.700777],[139.874876,35.700856],[139.87486,35.700793],[139.874811,35.700605],[139.874685,35.700316],[139.874648,35.70023],[139.874588,35.700094],[139.874523,35.699877],[139.875171,35.699756],[139.875387,35.699717],[139.875611,35.699675]]]},"properties":{}},{"type":"Feature","geometry":{"type":"Polygon","coordinates":[[[139.878161,35.699024],[139.878163,35.699081],[139.878168,35.699269],[139.878171,35.699523],[139.878172,35.699609],[139.878176,35.699782],[139.87818,35.699824],[139.878226,35.700123],[139.878233,35.700172],[139.878155,35.70019],[139.877563,35.700329],[139.877452,35.700355],[139.877451,35.700306],[139.877445,35.699787],[139.877443,35.699534],[139.877439,35.699201],[139.87809,35.699042],[139.878161,35.699024]]]},"properties":{}},{"type":"Feature","geometry":{"type":"Polygon","coordinates":[[[139.878555,35.695112],[139.878929,35.695429],[139.879022,35.695614],[139.879103,35.695776],[139.878541,35.695861],[139.878479,35.695718],[139.878185,35.695759],[139.877906,35.695459],[139.878218,35.695292],[139.878555,35.695112]]]},"properties":{}},{"type":"Feature","geometry":{"type":"Polygon","coordinates":[[[139.873443,35.694299],[139.874014,35.693866],[139.874048,35.693904],[139.874608,35.694543],[139.874161,35.694772],[139.873941,35.694886],[139.873479,35.694329],[139.873443,35.694299]]]},"properties":{}},{"type":"Feature","geometry":{"type":"Polygon","coordinates":[[[139.879256,35.69446],[139.878906,35.694476],[139.878857,35.694468],[139.878704,35.694447],[139.878661,35.694446],[139.878571,35.694262],[139.878438,35.694009],[139.878244,35.693601],[139.878073,35.693279],[139.878045,35.693226],[139.877848,35.692852],[139.877879,35.692826],[139.878167,35.69263],[139.878288,35.692563],[139.878503,35.692401],[139.878571,35.692502],[139.878737,35.692765],[139.878803,35.693049],[139.878837,35.693211],[139.878925,35.693361],[139.879024,35.69355],[139.879113,35.693757],[139.879214,35.6939],[139.879299,35.694025],[139.879257,35.694243],[139.879256,35.69446]]]},"properties":{}},{"type":"Feature","geometry":{"type":"Polygon","coordinates":[[[139.879256,35.69446],[139.879437,35.694803],[139.879456,35.694854],[139.879047,35.694947],[139.87901,35.694957],[139.878661,35.694446],[139.878704,35.694447],[139.878857,35.694468],[139.878906,35.694476],[139.879256,35.69446]]]},"properties":{}},{"type":"Feature","geometry":{"type":"Polygon","coordinates":[[[139.870331,35.697092],[139.871339,35.697047],[139.87138,35.697743],[139.870829,35.697765],[139.870777,35.697773],[139.870759,35.697726],[139.870631,35.697485],[139.870513,35.697333],[139.870331,35.697092]]]},"properties":{}},{"type":"Feature","geometry":{"type":"Polygon","coordinates":[[[139.880876,35.699064],[139.880842,35.69905],[139.880085,35.699216],[139.880049,35.699224],[139.879977,35.698766],[139.879932,35.698451],[139.879912,35.698411],[139.880439,35.698207],[139.880672,35.698116],[139.880736,35.698114],[139.880773,35.69844],[139.880894,35.698685],[139.880965,35.698815],[139.880982,35.69887],[139.880946,35.698942],[139.880876,35.699064]]]},"properties":{}},{"type":"Feature","geometry":{"type":"Polygon","coordinates":[[[139.880789,35.699934],[139.880736,35.699944],[139.880167,35.7],[139.880049,35.699224],[139.880085,35.699216],[139.880842,35.69905],[139.880876,35.699064],[139.880828,35.699149],[139.880783,35.699222],[139.880768,35.699277],[139.880789,35.699934]]]},"properties":{}},{"type":"Feature","geometry":{"type":"Polygon","coordinates":[[[139.880983,35.700728],[139.880988,35.700775],[139.880622,35.700787],[139.880287,35.700818],[139.880232,35.700407],[139.880167,35.7],[139.880736,35.699944],[139.880789,35.699934],[139.880843,35.700167],[139.880906,35.70031],[139.880941,35.700429],[139.880963,35.70056],[139.880983,35.700728]]]},"properties":{}},{"type":"Feature","geometry":{"type":"Polygon","coordinates":[[[139.879912,35.698411],[139.879932,35.698451],[139.879977,35.698766],[139.880049,35.699224],[139.879533,35.699326],[139.879504,35.699054],[139.879497,35.698953],[139.879466,35.698656],[139.879453,35.698592],[139.879912,35.698411]]]},"properties":{}},{"type":"Feature","geometry":{"type":"Polygon","coordinates":[[[139.879453,35.698592],[139.879466,35.698656],[139.879497,35.698953],[139.879504,35.699054],[139.879533,35.699326],[139.879009,35.699441],[139.878971,35.69945],[139.87892,35.698812],[139.878917,35.698773],[139.879398,35.69861],[139.879453,35.698592]]]},"properties":{}},{"type":"Feature","geometry":{"type":"Polygon","coordinates":[[[139.878917,35.698773],[139.87892,35.698812],[139.878971,35.69945],[139.878741,35.699489],[139.878561,35.699527],[139.878482,35.699544],[139.878232,35.699596],[139.878172,35.699609],[139.878171,35.699523],[139.878168,35.699269],[139.878163,35.699081],[139.878161,35.699024],[139.878677,35.698857],[139.878863,35.698792],[139.878917,35.698773]]]},"properties":{}},{"type":"Feature","geometry":{"type":"Polygon","coordinates":[[[139.878161,35.699024],[139.877802,35.698561],[139.877502,35.698182],[139.877539,35.698163],[139.877616,35.698119],[139.877703,35.698075],[139.877772,35.698038],[139.877892,35.697974],[139.87793,35.697953],[139.878163,35.697828],[139.87842,35.698126],[139.878565,35.698278],[139.878601,35.698316],[139.878771,35.69849],[139.878917,35.698773],[139.878863,35.698792],[139.878677,35.698857],[139.878161,35.699024]]]},"properties":{}},{"type":"Feature","geometry":{"type":"Polygon","coordinates":[[[139.880049,35.699224],[139.880167,35.7],[139.880109,35.700005],[139.879609,35.700049],[139.879566,35.699638],[139.879544,35.699434],[139.879533,35.699326],[139.880049,35.699224]]]},"properties":{}},{"type":"Feature","geometry":{"type":"Polygon","coordinates":[[[139.879533,35.699326],[139.879544,35.699434],[139.879566,35.699638],[139.879609,35.700049],[139.879549,35.700055],[139.879021,35.700102],[139.879016,35.700047],[139.878992,35.699726],[139.878971,35.69945],[139.879009,35.699441],[139.879533,35.699326]]]},"properties":{}},{"type":"Feature","geometry":{"type":"Polygon","coordinates":[[[139.878971,35.69945],[139.878992,35.699726],[139.879016,35.700047],[139.879021,35.700102],[139.878972,35.700106],[139.878233,35.700172],[139.878226,35.700123],[139.87818,35.699824],[139.878176,35.699782],[139.878172,35.699609],[139.878232,35.699596],[139.878482,35.699544],[139.878561,35.699527],[139.878741,35.699489],[139.878971,35.69945]]]},"properties":{}},{"type":"Feature","geometry":{"type":"Polygon","coordinates":[[[139.879021,35.700102],[139.879549,35.700055],[139.879609,35.700049],[139.879718,35.700961],[139.879067,35.700997],[139.878854,35.701015],[139.87838,35.700897],[139.878324,35.700613],[139.878278,35.700378],[139.878233,35.700172],[139.878972,35.700106],[139.879021,35.700102]]]},"properties":{}},{"type":"Feature","geometry":{"type":"Polygon","coordinates":[[[139.880167,35.7],[139.880232,35.700407],[139.880287,35.700818],[139.879718,35.700961],[139.879609,35.700049],[139.880109,35.700005],[139.880167,35.7]]]},"properties":{}},{"type":"Feature","geometry":{"type":"Polygon","coordinates":[[[139.87874,35.70719],[139.878794,35.706954],[139.87896,35.706226],[139.879634,35.706311],[139.879585,35.706527],[139.879512,35.706894],[139.879448,35.707211],[139.879443,35.707237],[139.87874,35.70719]]]},"properties":{}},{"type":"Feature","geometry":{"type":"Polygon","coordinates":[[[139.878101,35.707155],[139.878171,35.706873],[139.878267,35.706492],[139.87835,35.706161],[139.87896,35.706226],[139.878794,35.706954],[139.87874,35.70719],[139.878101,35.707155]]]},"properties":{}},{"type":"Feature","geometry":{"type":"Polygon","coordinates":[[[139.879067,35.700997],[139.879064,35.701526],[139.879062,35.701788],[139.879062,35.701817],[139.878572,35.701872],[139.878312,35.701927],[139.878253,35.701936],[139.878252,35.701891],[139.878252,35.701884],[139.878247,35.701836],[139.878224,35.701636],[139.878233,35.701423],[139.878245,35.701341],[139.878265,35.701255],[139.878354,35.700962],[139.87838,35.700897],[139.878854,35.701015],[139.879067,35.700997]]]},"properties":{}},{"type":"Feature","geometry":{"type":"Polygon","coordinates":[[[139.879718,35.700961],[139.879748,35.701161],[139.879774,35.701246],[139.879838,35.701456],[139.879845,35.701482],[139.87982,35.701768],[139.879062,35.701817],[139.879062,35.701788],[139.879064,35.701526],[139.879067,35.700997],[139.879718,35.700961]]]},"properties":{}},{"type":"Feature","geometry":{"type":"Polygon","coordinates":[[[139.880287,35.700818],[139.880319,35.701043],[139.880383,35.701174],[139.880467,35.701363],[139.880493,35.701484],[139.88066,35.701694],[139.880579,35.701706],[139.88022,35.701716],[139.88001,35.701723],[139.87982,35.701768],[139.879845,35.701482],[139.879838,35.701456],[139.879774,35.701246],[139.879748,35.701161],[139.879718,35.700961],[139.880287,35.700818]]]},"properties":{}},{"type":"Feature","geometry":{"type":"Polygon","coordinates":[[[139.877474,35.701946],[139.878149,35.701938],[139.878201,35.701937],[139.878253,35.701936],[139.878274,35.702723],[139.877528,35.702782],[139.877474,35.701946]]]},"properties":{}},{"type":"Feature","geometry":{"type":"Polygon","coordinates":[[[139.877452,35.701037],[139.877498,35.701033],[139.877555,35.701028],[139.878026,35.700989],[139.878354,35.700962],[139.878265,35.701255],[139.878245,35.701341],[139.878233,35.701423],[139.878224,35.701636],[139.878247,35.701836],[139.878252,35.701884],[139.878252,35.701891],[139.878253,35.701936],[139.878201,35.701937],[139.878149,35.701938],[139.877474,35.701946],[139.87743,35.701666],[139.877436,35.701512],[139.877452,35.701037]]]},"properties":{}},{"type":"Feature","geometry":{"type":"Polygon","coordinates":[[[139.877452,35.700355],[139.877563,35.700329],[139.878155,35.70019],[139.878233,35.700172],[139.878278,35.700378],[139.878324,35.700613],[139.87838,35.700897],[139.878354,35.700962],[139.878026,35.700989],[139.877555,35.701028],[139.877498,35.701033],[139.877452,35.701037],[139.877452,35.700992],[139.877452,35.700642],[139.877452,35.700355]]]},"properties":{}},{"type":"Feature","geometry":{"type":"Polygon","coordinates":[[[139.883123,35.706689],[139.883115,35.706744],[139.883012,35.707237],[139.882994,35.707417],[139.882985,35.707468],[139.882272,35.707426],[139.882277,35.707387],[139.882363,35.70665],[139.882369,35.706602],[139.883034,35.706679],[139.883123,35.706689]]]},"properties":{}},{"type":"Feature","geometry":{"type":"Polygon","coordinates":[[[139.882369,35.706602],[139.882374,35.706558],[139.882404,35.706292],[139.882472,35.705678],[139.88252,35.705677],[139.88333,35.705676],[139.883136,35.706638],[139.883123,35.706689],[139.883034,35.706679],[139.882369,35.706602]]]},"properties":{}},{"type":"Feature","geometry":{"type":"Polygon","coordinates":[[[139.881654,35.706531],[139.881662,35.706489],[139.881738,35.706108],[139.88177,35.705942],[139.881835,35.705624],[139.881883,35.705628],[139.882472,35.705678],[139.882404,35.706292],[139.882374,35.706558],[139.882369,35.706602],[139.882328,35.706598],[139.881654,35.706531]]]},"properties":{}},{"type":"Feature","geometry":{"type":"Polygon","coordinates":[[[139.881048,35.706464],[139.881053,35.706431],[139.881117,35.706058],[139.881154,35.705859],[139.881198,35.705605],[139.881781,35.705623],[139.881835,35.705624],[139.88177,35.705942],[139.881738,35.706108],[139.881662,35.706489],[139.881654,35.706531],[139.881314,35.706493],[139.881095,35.706469],[139.881048,35.706464]]]},"properties":{}},{"type":"Feature","geometry":{"type":"Polygon","coordinates":[[[139.880554,35.706416],[139.880586,35.706296],[139.880777,35.705589],[139.881198,35.705605],[139.881154,35.705859],[139.881117,35.706058],[139.881053,35.706431],[139.881048,35.706464],[139.880993,35.706459],[139.880664,35.706426],[139.880554,35.706416]]]},"properties":{}},{"type":"Feature","geometry":{"type":"Polygon","coordinates":[[[139.879771,35.70559],[139.879634,35.706311],[139.87896,35.706226],[139.879089,35.705609],[139.879771,35.70559]]]},"properties":{}},{"type":"Feature","geometry":{"type":"Polygon","coordinates":[[[139.879089,35.705609],[139.879187,35.705253],[139.879191,35.705239],[139.879399,35.704593],[139.879948,35.704653],[139.879866,35.705084],[139.879771,35.70559],[139.879089,35.705609]]]},"properties":{}},{"type":"Feature","geometry":{"type":"Polygon","coordinates":[[[139.879089,35.705609],[139.87896,35.706226],[139.87835,35.706161],[139.878475,35.705621],[139.879089,35.705609]]]},"properties":{}},{"type":"Feature","geometry":{"type":"Polygon","coordinates":[[[139.878475,35.705621],[139.878568,35.705215],[139.879187,35.705253],[139.879089,35.705609],[139.878475,35.705621]]]},"properties":{}},{"type":"Feature","geometry":{"type":"Polygon","coordinates":[[[139.878253,35.701936],[139.878312,35.701927],[139.878572,35.701872],[139.879062,35.701817],[139.879057,35.701847],[139.87904,35.702298],[139.879087,35.702582],[139.879092,35.702656],[139.878418,35.702711],[139.878274,35.702723],[139.878253,35.701936]]]},"properties":{}},{"type":"Feature","geometry":{"type":"Polygon","coordinates":[[[139.875018,35.701513],[139.874967,35.701267],[139.874938,35.70113],[139.874891,35.700908],[139.874876,35.700856],[139.875744,35.700777],[139.875789,35.700761],[139.875869,35.701358],[139.875018,35.701513]]]},"properties":{}},{"type":"Feature","geometry":{"type":"Polygon","coordinates":[[[139.875869,35.701358],[139.875894,35.701532],[139.875972,35.702069],[139.876102,35.702906],[139.875563,35.702947],[139.875082,35.702968],[139.87501,35.702548],[139.875171,35.702413],[139.875173,35.702407],[139.875219,35.702349],[139.875221,35.702136],[139.875163,35.701958],[139.875018,35.701513],[139.875869,35.701358]]]},"properties":{}},{"type":"Feature","geometry":{"type":"Polygon","coordinates":[[[139.876689,35.705494],[139.876689,35.705528],[139.876685,35.705722],[139.876753,35.706088],[139.876209,35.706116],[139.875986,35.706118],[139.875913,35.705851],[139.876134,35.705815],[139.876089,35.70554],[139.876647,35.70549],[139.876689,35.705494]]]},"properties":{}},{"type":"Feature","geometry":{"type":"Polygon","coordinates":[[[139.876089,35.70554],[139.876134,35.705815],[139.875913,35.705851],[139.875986,35.706118],[139.875941,35.70612],[139.875464,35.706139],[139.875406,35.706143],[139.875395,35.706124],[139.87539,35.706105],[139.875314,35.705635],[139.875835,35.705563],[139.876089,35.70554]]]},"properties":{}},{"type":"Feature","geometry":{"type":"Polygon","coordinates":[[[139.878705,35.704609],[139.879009,35.704591],[139.879232,35.704592],[139.879399,35.704593],[139.879191,35.705239],[139.879187,35.705253],[139.878568,35.705215],[139.878705,35.704609]]]},"properties":{}},{"type":"Feature","geometry":{"type":"Polygon","coordinates":[[[139.87982,35.701768],[139.879877,35.702196],[139.879679,35.702557],[139.879686,35.702608],[139.879092,35.702656],[139.879087,35.702582],[139.87904,35.702298],[139.879057,35.701847],[139.879062,35.701817],[139.87982,35.701768]]]},"properties":{}},{"type":"Feature","geometry":{"type":"Polygon","coordinates":[[[139.88066,35.701694],[139.880718,35.702094],[139.880763,35.70252],[139.879686,35.702608],[139.879679,35.702557],[139.879877,35.702196],[139.87982,35.701768],[139.88001,35.701723],[139.88022,35.701716],[139.880579,35.701706],[139.88066,35.701694]]]},"properties":{}},{"type":"Feature","geometry":{"type":"Polygon","coordinates":[[[139.88147,35.701637],[139.881384,35.702363],[139.881371,35.70247],[139.881221,35.702482],[139.880763,35.70252],[139.880718,35.702094],[139.88066,35.701694],[139.881264,35.701644],[139.88147,35.701637]]]},"properties":{}},{"type":"Feature","geometry":{"type":"Polygon","coordinates":[[[139.88333,35.705676],[139.88252,35.705677],[139.882472,35.705678],[139.882633,35.70493],[139.883465,35.705011],[139.883347,35.705654],[139.88333,35.705676]]]},"properties":{}},{"type":"Feature","geometry":{"type":"Polygon","coordinates":[[[139.882738,35.704098],[139.882633,35.70493],[139.881992,35.704868],[139.882031,35.704037],[139.882738,35.704098]]]},"properties":{}},{"type":"Feature","geometry":{"type":"Polygon","coordinates":[[[139.882031,35.704037],[139.881992,35.704868],[139.881327,35.704802],[139.881514,35.703986],[139.882031,35.704037]]]},"properties":{}},{"type":"Feature","geometry":{"type":"Polygon","coordinates":[[[139.881514,35.703986],[139.881562,35.703791],[139.881521,35.703533],[139.881541,35.703355],[139.881562,35.703233],[139.881642,35.70324],[139.881837,35.703332],[139.882046,35.703378],[139.882046,35.703391],[139.882031,35.704037],[139.881514,35.703986]]]},"properties":{}},{"type":"Feature","geometry":{"type":"Polygon","coordinates":[[[139.881514,35.703986],[139.881327,35.704802],[139.881015,35.704766],[139.881238,35.703954],[139.881514,35.703986]]]},"properties":{}},{"type":"Feature","geometry":{"type":"Polygon","coordinates":[[[139.881238,35.703954],[139.881435,35.703195],[139.881562,35.703233],[139.881541,35.703355],[139.881521,35.703533],[139.881562,35.703791],[139.881514,35.703986],[139.881238,35.703954]]]},"properties":{}},{"type":"Feature","geometry":{"type":"Polygon","coordinates":[[[139.881198,35.705605],[139.880777,35.705589],[139.880875,35.705241],[139.881015,35.704766],[139.881327,35.704802],[139.881198,35.705605]]]},"properties":{}},{"type":"Feature","geometry":{"type":"Polygon","coordinates":[[[139.881327,35.704802],[139.881992,35.704868],[139.881844,35.70558],[139.881835,35.705624],[139.881781,35.705623],[139.881198,35.705605],[139.881327,35.704802]]]},"properties":{}},{"type":"Feature","geometry":{"type":"Polygon","coordinates":[[[139.882046,35.703378],[139.881837,35.703332],[139.881642,35.70324],[139.881562,35.703233],[139.881435,35.703195],[139.88157,35.702667],[139.881601,35.702545],[139.881763,35.702535],[139.882234,35.702507],[139.882223,35.70256],[139.882046,35.703378]]]},"properties":{}},{"type":"Feature","geometry":{"type":"Polygon","coordinates":[[[139.881992,35.704868],[139.882633,35.70493],[139.882472,35.705678],[139.881883,35.705628],[139.881835,35.705624],[139.881844,35.70558],[139.881992,35.704868]]]},"properties":{}},{"type":"Feature","geometry":{"type":"Polygon","coordinates":[[[139.88142,35.710239],[139.881379,35.710269],[139.881218,35.710393],[139.881032,35.710517],[139.881011,35.710497],[139.880829,35.71032],[139.88051,35.710312],[139.880473,35.710311],[139.880549,35.709873],[139.880557,35.709829],[139.880564,35.70979],[139.880617,35.709793],[139.881109,35.709812],[139.88116,35.709811],[139.88142,35.710239]]]},"properties":{}},{"type":"Feature","geometry":{"type":"Polygon","coordinates":[[[139.882785,35.70829],[139.882788,35.708312],[139.882786,35.708341],[139.88265,35.708966],[139.882063,35.708892],[139.882179,35.708241],[139.882733,35.708286],[139.882785,35.70829]]]},"properties":{}},{"type":"Feature","geometry":{"type":"Polygon","coordinates":[[[139.882179,35.708241],[139.882237,35.707706],[139.882317,35.707726],[139.882854,35.707796],[139.882772,35.708213],[139.882769,35.708253],[139.882785,35.70829],[139.882733,35.708286],[139.882179,35.708241]]]},"properties":{}},{"type":"Feature","geometry":{"type":"Polygon","coordinates":[[[139.882179,35.708241],[139.882063,35.708892],[139.881434,35.708819],[139.881478,35.708228],[139.881481,35.708189],[139.881538,35.708194],[139.882127,35.708238],[139.882179,35.708241]]]},"properties":{}},{"type":"Feature","geometry":{"type":"Polygon","coordinates":[[[139.881481,35.708189],[139.881478,35.708228],[139.881434,35.708819],[139.880739,35.708734],[139.880742,35.708704],[139.880753,35.708655],[139.880767,35.708628],[139.88077,35.70861],[139.880767,35.708471],[139.880741,35.708328],[139.880762,35.708063],[139.881067,35.708076],[139.881432,35.708176],[139.881481,35.708189]]]},"properties":{}},{"type":"Feature","geometry":{"type":"Polygon","coordinates":[[[139.880762,35.708063],[139.880741,35.708328],[139.880767,35.708471],[139.88077,35.70861],[139.880767,35.708628],[139.880753,35.708655],[139.880742,35.708704],[139.880739,35.708734],[139.880144,35.708731],[139.880098,35.708729],[139.879991,35.708724],[139.880137,35.708116],[139.880161,35.708023],[139.88026,35.70803],[139.880762,35.708063]]]},"properties":{}},{"type":"Feature","geometry":{"type":"Polygon","coordinates":[[[139.882559,35.709353],[139.88201,35.709391],[139.881977,35.709393],[139.881984,35.709351],[139.882051,35.708962],[139.882063,35.708892],[139.88265,35.708966],[139.882564,35.709331],[139.882559,35.709353]]]},"properties":{}},{"type":"Feature","geometry":{"type":"Polygon","coordinates":[[[139.879732,35.709761],[139.87976,35.709649],[139.879798,35.709494],[139.879896,35.709089],[139.879991,35.708724],[139.880098,35.708729],[139.880144,35.708731],[139.880739,35.708734],[139.880733,35.708772],[139.880572,35.709741],[139.880564,35.70979],[139.880499,35.709788],[139.879995,35.70977],[139.879875,35.709766],[139.879732,35.709761]]]},"properties":{}},{"type":"Feature","geometry":{"type":"Polygon","coordinates":[[[139.880564,35.70979],[139.880557,35.709829],[139.880549,35.709873],[139.880473,35.710311],[139.880438,35.710307],[139.879794,35.710235],[139.87974,35.710227],[139.879696,35.71022],[139.879621,35.71021],[139.879715,35.709831],[139.879732,35.709761],[139.879875,35.709766],[139.879995,35.70977],[139.880499,35.709788],[139.880564,35.70979]]]},"properties":{}},{"type":"Feature","geometry":{"type":"Polygon","coordinates":[[[139.880564,35.70979],[139.880572,35.709741],[139.880733,35.708772],[139.880739,35.708734],[139.881434,35.708819],[139.881249,35.709438],[139.881156,35.709775],[139.88116,35.709811],[139.881109,35.709812],[139.880617,35.709793],[139.880564,35.70979]]]},"properties":{}},{"type":"Feature","geometry":{"type":"Polygon","coordinates":[[[139.881434,35.708819],[139.882063,35.708892],[139.882051,35.708962],[139.881984,35.709351],[139.881977,35.709393],[139.881766,35.709406],[139.881474,35.709424],[139.881303,35.709435],[139.881249,35.709438],[139.881434,35.708819]]]},"properties":{}},{"type":"Feature","geometry":{"type":"Polygon","coordinates":[[[139.882322,35.710442],[139.882171,35.711059],[139.882164,35.71108],[139.881713,35.711002],[139.881332,35.710935],[139.881281,35.710926],[139.88143,35.710298],[139.88142,35.710239],[139.881462,35.71021],[139.881598,35.710148],[139.881696,35.710126],[139.881711,35.710122],[139.881861,35.710181],[139.882061,35.710345],[139.882125,35.71038],[139.882147,35.710387],[139.882322,35.710442]]]},"properties":{}},{"type":"Feature","geometry":{"type":"Polygon","coordinates":[[[139.882164,35.71108],[139.881979,35.711894],[139.881932,35.712103],[139.881937,35.712359],[139.881934,35.712562],[139.881877,35.712549],[139.88182,35.712539],[139.881742,35.712537],[139.881703,35.712542],[139.881651,35.712556],[139.881053,35.712838],[139.881048,35.712791],[139.881045,35.71277],[139.880973,35.712262],[139.880976,35.712211],[139.881051,35.711891],[139.881077,35.711781],[139.88122,35.711177],[139.881281,35.710926],[139.881332,35.710935],[139.881713,35.711002],[139.882164,35.71108]]]},"properties":{}},{"type":"Feature","geometry":{"type":"Polygon","coordinates":[[[139.88142,35.710239],[139.88143,35.710298],[139.881281,35.710926],[139.881217,35.710907],[139.880859,35.710847],[139.880796,35.710833],[139.880768,35.710802],[139.880822,35.710772],[139.880924,35.710712],[139.880953,35.710659],[139.880995,35.710542],[139.881032,35.710517],[139.881218,35.710393],[139.881379,35.710269],[139.88142,35.710239]]]},"properties":{}},{"type":"Feature","geometry":{"type":"Polygon","coordinates":[[[139.880768,35.710802],[139.880638,35.710851],[139.880578,35.710864],[139.880482,35.710856],[139.880405,35.710838],[139.880379,35.710831],[139.880473,35.710311],[139.88051,35.710312],[139.880829,35.71032],[139.881011,35.710497],[139.881032,35.710517],[139.880995,35.710542],[139.880953,35.710659],[139.880924,35.710712],[139.880822,35.710772],[139.880768,35.710802]]]},"properties":{}},{"type":"Feature","geometry":{"type":"Polygon","coordinates":[[[139.880768,35.710802],[139.880796,35.710833],[139.880859,35.710847],[139.881217,35.710907],[139.881281,35.710926],[139.88122,35.711177],[139.881077,35.711781],[139.881051,35.711891],[139.880976,35.712211],[139.880919,35.712202],[139.880528,35.712145],[139.880107,35.71208],[139.880171,35.711809],[139.880173,35.7118],[139.880215,35.711621],[139.880219,35.711605],[139.880252,35.711471],[139.88028,35.711352],[139.880305,35.71125],[139.880352,35.711057],[139.880395,35.71088],[139.880405,35.710838],[139.880482,35.710856],[139.880578,35.710864],[139.880638,35.710851],[139.880768,35.710802]]]},"properties":{}},{"type":"Feature","geometry":{"type":"Polygon","coordinates":[[[139.879734,35.710749],[139.879743,35.710713],[139.87979,35.710268],[139.879794,35.710235],[139.880438,35.710307],[139.880473,35.710311],[139.880379,35.710831],[139.880135,35.710786],[139.879915,35.710774],[139.879734,35.710749]]]},"properties":{}},{"type":"Feature","geometry":{"type":"Polygon","coordinates":[[[139.879518,35.710654],[139.879621,35.71021],[139.879696,35.71022],[139.87974,35.710227],[139.879794,35.710235],[139.87979,35.710268],[139.879743,35.710713],[139.879734,35.710749],[139.879673,35.710725],[139.879624,35.710687],[139.879597,35.710667],[139.879518,35.710654]]]},"properties":{}},{"type":"Feature","geometry":{"type":"Polygon","coordinates":[[[139.881041,35.712881],[139.881079,35.712883],[139.881139,35.712851],[139.881282,35.712789],[139.88139,35.712738],[139.881651,35.71263],[139.881719,35.712608],[139.881766,35.712607],[139.881764,35.712647],[139.881584,35.713324],[139.881571,35.713359],[139.880946,35.713256],[139.881029,35.712928],[139.881041,35.712881]]]},"properties":{}},{"type":"Feature","geometry":{"type":"Polygon","coordinates":[[[139.880263,35.713256],[139.880136,35.713237],[139.879913,35.713204],[139.879859,35.713196],[139.879991,35.712635],[139.879996,35.712612],[139.880107,35.71208],[139.880528,35.712145],[139.880919,35.712202],[139.880976,35.712211],[139.880973,35.712262],[139.881045,35.71277],[139.881048,35.712791],[139.881053,35.712838],[139.880992,35.712861],[139.880808,35.71293],[139.880355,35.713117],[139.880318,35.713141],[139.880295,35.713168],[139.880289,35.713182],[139.880274,35.713213],[139.880263,35.713256]]]},"properties":{}},{"type":"Feature","geometry":{"type":"Polygon","coordinates":[[[139.88462,35.711447],[139.884655,35.711146],[139.884736,35.710481],[139.885169,35.71045],[139.885326,35.711343],[139.884648,35.711443],[139.88462,35.711447]]]},"properties":{}},{"type":"Feature","geometry":{"type":"Polygon","coordinates":[[[139.872999,35.718862],[139.872866,35.719222],[139.872818,35.719357],[139.872255,35.719263],[139.872392,35.718756],[139.872999,35.718862]]]},"properties":{}},{"type":"Feature","geometry":{"type":"Polygon","coordinates":[[[139.891498,35.715868],[139.891518,35.715814],[139.891791,35.715101],[139.892449,35.715244],[139.892512,35.715258],[139.89249,35.715318],[139.892254,35.715947],[139.892225,35.716026],[139.892123,35.716004],[139.891498,35.715868]]]},"properties":{}},{"type":"Feature","geometry":{"type":"Polygon","coordinates":[[[139.891498,35.715868],[139.89148,35.715915],[139.891374,35.716194],[139.89133,35.716197],[139.891135,35.716736],[139.891107,35.716805],[139.890552,35.716036],[139.890577,35.71597],[139.890665,35.715738],[139.890685,35.715686],[139.89075,35.7157],[139.891498,35.715868]]]},"properties":{}},{"type":"Feature","geometry":{"type":"Polygon","coordinates":[[[139.890685,35.715686],[139.890708,35.715623],[139.890949,35.714979],[139.890966,35.714934],[139.891012,35.714944],[139.891791,35.715101],[139.891518,35.715814],[139.891498,35.715868],[139.89075,35.7157],[139.890685,35.715686]]]},"properties":{}},{"type":"Feature","geometry":{"type":"Polygon","coordinates":[[[139.890685,35.715686],[139.890665,35.715738],[139.890577,35.71597],[139.890552,35.716036],[139.890458,35.71634],[139.8904,35.716327],[139.890387,35.716324],[139.890069,35.716257],[139.889905,35.716219],[139.889797,35.716194],[139.889537,35.716134],[139.889475,35.716119],[139.889687,35.715519],[139.889705,35.715466],[139.889782,35.715483],[139.889967,35.715525],[139.890591,35.715665],[139.890685,35.715686]]]},"properties":{}},{"type":"Feature","geometry":{"type":"Polygon","coordinates":[[[139.889705,35.715466],[139.889726,35.715402],[139.889823,35.715106],[139.889948,35.714766],[139.889963,35.714725],[139.89002,35.714735],[139.890318,35.714798],[139.890448,35.714825],[139.890866,35.714913],[139.890966,35.714934],[139.890949,35.714979],[139.890708,35.715623],[139.890685,35.715686],[139.890591,35.715665],[139.889967,35.715525],[139.889782,35.715483],[139.889705,35.715466]]]},"properties":{}},{"type":"Feature","geometry":{"type":"Polygon","coordinates":[[[139.889705,35.715466],[139.889687,35.715519],[139.889475,35.716119],[139.889412,35.716106],[139.889139,35.71605],[139.888929,35.716006],[139.888873,35.715994],[139.888598,35.715933],[139.888545,35.715921],[139.888562,35.715852],[139.888593,35.715727],[139.888807,35.715263],[139.889119,35.715334],[139.889641,35.715451],[139.889705,35.715466]]]},"properties":{}},{"type":"Feature","geometry":{"type":"Polygon","coordinates":[[[139.888807,35.715263],[139.889189,35.714564],[139.889916,35.714715],[139.889963,35.714725],[139.889948,35.714766],[139.889823,35.715106],[139.889726,35.715402],[139.889705,35.715466],[139.889641,35.715451],[139.889119,35.715334],[139.888807,35.715263]]]},"properties":{}},{"type":"Feature","geometry":{"type":"Polygon","coordinates":[[[139.888807,35.715263],[139.888593,35.715727],[139.888562,35.715852],[139.888545,35.715921],[139.887818,35.715759],[139.887744,35.715742],[139.887866,35.715138],[139.887885,35.715055],[139.887989,35.715078],[139.888265,35.715141],[139.888807,35.715263]]]},"properties":{}},{"type":"Feature","geometry":{"type":"Polygon","coordinates":[[[139.893266,35.711205],[139.893679,35.711307],[139.894077,35.711412],[139.894137,35.711428],[139.894114,35.711481],[139.893904,35.711984],[139.893869,35.712068],[139.893805,35.712051],[139.893028,35.711844],[139.893266,35.711205]]]},"properties":{}},{"type":"Feature","geometry":{"type":"Polygon","coordinates":[[[139.893028,35.711844],[139.89277,35.712523],[139.891847,35.712275],[139.8918,35.712263],[139.891819,35.712206],[139.892028,35.711595],[139.892147,35.711225],[139.892223,35.710945],[139.893266,35.711205],[139.893028,35.711844]]]},"properties":{}},{"type":"Feature","geometry":{"type":"Polygon","coordinates":[[[139.893028,35.711844],[139.893805,35.712051],[139.893869,35.712068],[139.89362,35.712658],[139.893588,35.712735],[139.893525,35.712719],[139.89277,35.712523],[139.893028,35.711844]]]},"properties":{}},{"type":"Feature","geometry":{"type":"Polygon","coordinates":[[[139.89277,35.712523],[139.893525,35.712719],[139.893588,35.712735],[139.893558,35.712806],[139.893309,35.713396],[139.893244,35.713379],[139.893182,35.713362],[139.892523,35.713181],[139.892539,35.713136],[139.89277,35.712523]]]},"properties":{}},{"type":"Feature","geometry":{"type":"Polygon","coordinates":[[[139.892523,35.713181],[139.89247,35.713167],[139.892428,35.713156],[139.89229,35.713121],[139.8921,35.713073],[139.891926,35.713026],[139.891633,35.71295],[139.891584,35.712937],[139.891601,35.712885],[139.891782,35.712318],[139.8918,35.712263],[139.891847,35.712275],[139.89277,35.712523],[139.892539,35.713136],[139.892523,35.713181]]]},"properties":{}},{"type":"Feature","geometry":{"type":"Polygon","coordinates":[[[139.89354,35.722901],[139.89283,35.722958],[139.892794,35.722966],[139.892168,35.723104],[139.891898,35.722451],[139.892367,35.722278],[139.892449,35.722247],[139.89265,35.722306],[139.893706,35.72243],[139.89356,35.722836],[139.89354,35.722901]]]},"properties":{}},{"type":"Feature","geometry":{"type":"Polygon","coordinates":[[[139.893706,35.72243],[139.893749,35.722436],[139.895,35.722587],[139.894982,35.722728],[139.894921,35.722848],[139.894605,35.722799],[139.894409,35.722817],[139.894341,35.722831],[139.893586,35.722897],[139.89354,35.722901],[139.89356,35.722836],[139.893706,35.72243]]]},"properties":{}},{"type":"Feature","geometry":{"type":"Polygon","coordinates":[[[139.893706,35.72243],[139.89265,35.722306],[139.892844,35.721713],[139.892911,35.721601],[139.892928,35.72157],[139.892991,35.721572],[139.893919,35.72181],[139.893908,35.721845],[139.893706,35.72243]]]},"properties":{}},{"type":"Feature","geometry":{"type":"Polygon","coordinates":[[[139.893919,35.72181],[139.894385,35.721929],[139.895052,35.722099],[139.895049,35.722128],[139.895,35.722587],[139.893749,35.722436],[139.893706,35.72243],[139.893908,35.721845],[139.893919,35.72181]]]},"properties":{}},{"type":"Feature","geometry":{"type":"Polygon","coordinates":[[[139.893919,35.72181],[139.892991,35.721572],[139.892928,35.72157],[139.892948,35.721531],[139.893152,35.720922],[139.893164,35.720885],[139.894101,35.720896],[139.894157,35.720896],[139.89418,35.720923],[139.89421,35.720959],[139.894191,35.721016],[139.893919,35.72181]]]},"properties":{}},{"type":"Feature","geometry":{"type":"Polygon","coordinates":[[[139.89421,35.720959],[139.894261,35.721013],[139.8944,35.721108],[139.894582,35.721194],[139.895061,35.721349],[139.895129,35.721368],[139.895126,35.721402],[139.895052,35.722099],[139.894385,35.721929],[139.893919,35.72181],[139.894191,35.721016],[139.89421,35.720959]]]},"properties":{}},{"type":"Feature","geometry":{"type":"Polygon","coordinates":[[[139.887074,35.711155],[139.887087,35.711483],[139.887185,35.711894],[139.886202,35.711859],[139.886215,35.711572],[139.886113,35.711218],[139.886255,35.711194],[139.88639,35.711179],[139.886548,35.711164],[139.886697,35.711153],[139.887074,35.711155]]]},"properties":{}},{"type":"Feature","geometry":{"type":"Polygon","coordinates":[[[139.887243,35.711154],[139.887707,35.711163],[139.887723,35.711666],[139.887707,35.712044],[139.887725,35.712094],[139.887185,35.711894],[139.887087,35.711483],[139.887074,35.711155],[139.887243,35.711154]]]},"properties":{}},{"type":"Feature","geometry":{"type":"Polygon","coordinates":[[[139.887243,35.711154],[139.887261,35.710886],[139.887248,35.710644],[139.887891,35.710588],[139.888038,35.710993],[139.888099,35.711159],[139.887707,35.711163],[139.887243,35.711154]]]},"properties":{}},{"type":"Feature","geometry":{"type":"Polygon","coordinates":[[[139.888099,35.711159],[139.88824,35.71129],[139.888255,35.711414],[139.888229,35.711578],[139.888179,35.711679],[139.888139,35.712028],[139.888166,35.71213],[139.888172,35.71218],[139.887725,35.712094],[139.887707,35.712044],[139.887723,35.711666],[139.887707,35.711163],[139.888099,35.711159]]]},"properties":{}},{"type":"Feature","geometry":{"type":"Polygon","coordinates":[[[139.889835,35.710991],[139.889831,35.710929],[139.889822,35.7108],[139.889785,35.710705],[139.889759,35.710578],[139.88972,35.710518],[139.889749,35.71051],[139.89032,35.710373],[139.890469,35.710879],[139.890468,35.710889],[139.890464,35.710925],[139.890393,35.710932],[139.889835,35.710991]]]},"properties":{}},{"type":"Feature","geometry":{"type":"Polygon","coordinates":[[[139.890464,35.710925],[139.890468,35.710889],[139.890469,35.710879],[139.89032,35.710373],[139.890914,35.710348],[139.890984,35.710345],[139.890966,35.710841],[139.890963,35.710883],[139.890528,35.710919],[139.890464,35.710925]]]},"properties":{}},{"type":"Feature","geometry":{"type":"Polygon","coordinates":[[[139.890963,35.710883],[139.890986,35.710921],[139.891247,35.711326],[139.891264,35.711351],[139.891243,35.711402],[139.891226,35.711429],[139.891019,35.712029],[139.890563,35.711886],[139.890545,35.711576],[139.890492,35.711328],[139.890463,35.711167],[139.890443,35.71097],[139.890464,35.710925],[139.890528,35.710919],[139.890963,35.710883]]]},"properties":{}},{"type":"Feature","geometry":{"type":"Polygon","coordinates":[[[139.890963,35.710883],[139.890966,35.710841],[139.890984,35.710345],[139.891079,35.710342],[139.891582,35.710328],[139.891617,35.710319],[139.892173,35.71019],[139.892255,35.710169],[139.892299,35.710273],[139.892378,35.710299],[139.892362,35.710327],[139.892325,35.71042],[139.892284,35.710688],[139.892197,35.710701],[139.89173,35.71077],[139.890963,35.710883]]]},"properties":{}},{"type":"Feature","geometry":{"type":"Polygon","coordinates":[[[139.892284,35.710688],[139.892275,35.710725],[139.892223,35.710945],[139.892147,35.711225],[139.892028,35.711595],[139.891942,35.71157],[139.891889,35.711553],[139.891264,35.711351],[139.891247,35.711326],[139.890986,35.710921],[139.890963,35.710883],[139.89173,35.71077],[139.892197,35.710701],[139.892284,35.710688]]]},"properties":{}},{"type":"Feature","geometry":{"type":"Polygon","coordinates":[[[139.892284,35.710688],[139.892325,35.71042],[139.892362,35.710327],[139.892378,35.710299],[139.892591,35.709917],[139.893737,35.709883],[139.89381,35.70988],[139.893603,35.71048],[139.89357,35.710485],[139.892284,35.710688]]]},"properties":{}},{"type":"Feature","geometry":{"type":"Polygon","coordinates":[[[139.89357,35.710485],[139.893547,35.710527],[139.893348,35.710879],[139.893338,35.71101],[139.893266,35.711205],[139.892223,35.710945],[139.892275,35.710725],[139.892284,35.710688],[139.89357,35.710485]]]},"properties":{}},{"type":"Feature","geometry":{"type":"Polygon","coordinates":[[[139.893603,35.71048],[139.893926,35.710426],[139.894607,35.710321],[139.894575,35.710394],[139.894395,35.710819],[139.894137,35.711428],[139.894077,35.711412],[139.893679,35.711307],[139.893266,35.711205],[139.893338,35.71101],[139.893348,35.710879],[139.893547,35.710527],[139.89357,35.710485],[139.893603,35.71048]]]},"properties":{}},{"type":"Feature","geometry":{"type":"Polygon","coordinates":[[[139.893603,35.71048],[139.89381,35.70988],[139.893872,35.709897],[139.894019,35.709936],[139.894758,35.709947],[139.894607,35.710321],[139.893926,35.710426],[139.893603,35.71048]]]},"properties":{}},{"type":"Feature","geometry":{"type":"Polygon","coordinates":[[[139.890966,35.714934],[139.890866,35.714913],[139.890448,35.714825],[139.890318,35.714798],[139.89002,35.714735],[139.889963,35.714725],[139.889981,35.714677],[139.890088,35.714353],[139.890183,35.714085],[139.890198,35.714032],[139.89027,35.714029],[139.890469,35.714065],[139.890538,35.714042],[139.890603,35.713992],[139.890683,35.713905],[139.890767,35.713792],[139.89124,35.713654],[139.89134,35.71368],[139.891181,35.714203],[139.891126,35.71437],[139.890978,35.714891],[139.890966,35.714934]]]},"properties":{}},{"type":"Feature","geometry":{"type":"Polygon","coordinates":[[[139.891181,35.714203],[139.891536,35.714297],[139.89204,35.71443],[139.89196,35.714641],[139.891949,35.714672],[139.891892,35.714821],[139.891791,35.715101],[139.891012,35.714944],[139.890966,35.714934],[139.890978,35.714891],[139.891126,35.71437],[139.891181,35.714203]]]},"properties":{}},{"type":"Feature","geometry":{"type":"Polygon","coordinates":[[[139.89134,35.71368],[139.891381,35.713546],[139.891526,35.713586],[139.892288,35.713794],[139.892277,35.713825],[139.892262,35.713862],[139.89204,35.71443],[139.891536,35.714297],[139.891181,35.714203],[139.89134,35.71368]]]},"properties":{}},{"type":"Feature","geometry":{"type":"Polygon","coordinates":[[[139.89134,35.71368],[139.89124,35.713654],[139.890767,35.713792],[139.890683,35.713905],[139.890603,35.713992],[139.890538,35.714042],[139.890469,35.714065],[139.89027,35.714029],[139.890198,35.714032],[139.890214,35.713985],[139.89045,35.713577],[139.890523,35.713392],[139.890539,35.713353],[139.890578,35.713362],[139.891293,35.713518],[139.891381,35.713546],[139.89134,35.71368]]]},"properties":{}},{"type":"Feature","geometry":{"type":"Polygon","coordinates":[[[139.891381,35.713546],[139.891293,35.713518],[139.890578,35.713362],[139.890539,35.713353],[139.890553,35.713314],[139.890781,35.712678],[139.890834,35.712697],[139.891162,35.712813],[139.891495,35.712914],[139.891584,35.712937],[139.891565,35.712995],[139.891393,35.713512],[139.891381,35.713546]]]},"properties":{}},{"type":"Feature","geometry":{"type":"Polygon","coordinates":[[[139.891584,35.712937],[139.891633,35.71295],[139.891926,35.713026],[139.8921,35.713073],[139.89229,35.713121],[139.892428,35.713156],[139.89247,35.713167],[139.892523,35.713181],[139.892506,35.713222],[139.892408,35.713463],[139.89236,35.713588],[139.892299,35.713763],[139.892288,35.713794],[139.891526,35.713586],[139.891381,35.713546],[139.891393,35.713512],[139.891565,35.712995],[139.891584,35.712937]]]},"properties":{}},{"type":"Feature","geometry":{"type":"Polygon","coordinates":[[[139.891584,35.712937],[139.891495,35.712914],[139.891162,35.712813],[139.890834,35.712697],[139.890781,35.712678],[139.891019,35.712029],[139.891664,35.712223],[139.891713,35.712237],[139.8918,35.712263],[139.891782,35.712318],[139.891601,35.712885],[139.891584,35.712937]]]},"properties":{}},{"type":"Feature","geometry":{"type":"Polygon","coordinates":[[[139.8918,35.712263],[139.891713,35.712237],[139.891664,35.712223],[139.891019,35.712029],[139.891226,35.711429],[139.891243,35.711402],[139.891264,35.711351],[139.891889,35.711553],[139.891942,35.71157],[139.892028,35.711595],[139.891819,35.712206],[139.8918,35.712263]]]},"properties":{}},{"type":"Feature","geometry":{"type":"Polygon","coordinates":[[[139.888509,35.721948],[139.888476,35.72193],[139.887974,35.721668],[139.887818,35.721576],[139.887971,35.721375],[139.888118,35.721184],[139.888402,35.720814],[139.888945,35.721103],[139.888975,35.721118],[139.888873,35.721409],[139.888748,35.721601],[139.88864,35.721734],[139.888524,35.721922],[139.888509,35.721948]]]},"properties":{}},{"type":"Feature","geometry":{"type":"Polygon","coordinates":[[[139.888975,35.721118],[139.889476,35.721241],[139.890178,35.721415],[139.890241,35.721431],[139.889926,35.722302],[139.889157,35.722115],[139.888565,35.721973],[139.888509,35.721948],[139.888524,35.721922],[139.88864,35.721734],[139.888748,35.721601],[139.888873,35.721409],[139.888975,35.721118]]]},"properties":{}},{"type":"Feature","geometry":{"type":"Polygon","coordinates":[[[139.888975,35.721118],[139.888945,35.721103],[139.888402,35.720814],[139.888576,35.720589],[139.889031,35.719999],[139.889196,35.720086],[139.88923,35.720104],[139.889188,35.72024],[139.88917,35.72038],[139.889147,35.720548],[139.889145,35.720559],[139.889073,35.720796],[139.888975,35.721118]]]},"properties":{}},{"type":"Feature","geometry":{"type":"Polygon","coordinates":[[[139.88923,35.720104],[139.890592,35.720447],[139.890464,35.720805],[139.890236,35.721426],[139.889476,35.721241],[139.888975,35.721118],[139.889073,35.720796],[139.889145,35.720559],[139.889147,35.720548],[139.88917,35.72038],[139.889188,35.72024],[139.88923,35.720104]]]},"properties":{}},{"type":"Feature","geometry":{"type":"Polygon","coordinates":[[[139.889157,35.722115],[139.889147,35.722144],[139.888984,35.722613],[139.888334,35.722454],[139.888295,35.722444],[139.888302,35.722422],[139.888406,35.722126],[139.888489,35.721983],[139.888509,35.721948],[139.888565,35.721973],[139.889157,35.722115]]]},"properties":{}},{"type":"Feature","geometry":{"type":"Polygon","coordinates":[[[139.889926,35.722302],[139.889744,35.722797],[139.889681,35.722782],[139.888984,35.722613],[139.889147,35.722144],[139.889157,35.722115],[139.889926,35.722302]]]},"properties":{}},{"type":"Feature","geometry":{"type":"Polygon","coordinates":[[[139.886351,35.727671],[139.886281,35.727602],[139.885801,35.72713],[139.885456,35.726792],[139.885437,35.726773],[139.885467,35.726749],[139.885946,35.72638],[139.88631,35.726722],[139.886571,35.726966],[139.886613,35.726997],[139.886541,35.727189],[139.886381,35.727593],[139.886351,35.727671]]]},"properties":{}},{"type":"Feature","geometry":{"type":"Polygon","coordinates":[[[139.886541,35.727189],[139.886578,35.727206],[139.886962,35.72738],[139.887076,35.72745],[139.887301,35.727661],[139.887742,35.728069],[139.887803,35.728126],[139.887601,35.728666],[139.887555,35.728793],[139.887414,35.728655],[139.887391,35.728634],[139.887106,35.728361],[139.886774,35.728049],[139.886571,35.727866],[139.886421,35.727733],[139.886351,35.727671],[139.886381,35.727593],[139.886541,35.727189]]]},"properties":{}},{"type":"Feature","geometry":{"type":"Polygon","coordinates":[[[139.886613,35.726997],[139.886692,35.726765],[139.886733,35.726771],[139.887055,35.726824],[139.887633,35.726917],[139.887561,35.727306],[139.887473,35.727449],[139.887393,35.727583],[139.887301,35.727661],[139.887076,35.72745],[139.886962,35.72738],[139.886578,35.727206],[139.886541,35.727189],[139.886613,35.726997]]]},"properties":{}},{"type":"Feature","geometry":{"type":"Polygon","coordinates":[[[139.886613,35.726997],[139.886571,35.726966],[139.88631,35.726722],[139.885946,35.72638],[139.885964,35.726366],[139.886068,35.726204],[139.886435,35.72626],[139.886805,35.726318],[139.886845,35.726324],[139.88671,35.726714],[139.886692,35.726765],[139.886613,35.726997]]]},"properties":{}},{"type":"Feature","geometry":{"type":"Polygon","coordinates":[[[139.886845,35.726324],[139.886889,35.726323],[139.887155,35.726321],[139.887758,35.726316],[139.887713,35.726538],[139.887687,35.726655],[139.887681,35.726685],[139.887633,35.726917],[139.887055,35.726824],[139.886733,35.726771],[139.886692,35.726765],[139.88671,35.726714],[139.886845,35.726324]]]},"properties":{}},{"type":"Feature","geometry":{"type":"Polygon","coordinates":[[[139.886845,35.726324],[139.886805,35.726318],[139.886435,35.72626],[139.886068,35.726204],[139.886447,35.72531],[139.887092,35.725424],[139.887136,35.725432],[139.887022,35.725781],[139.886845,35.726324]]]},"properties":{}},{"type":"Feature","geometry":{"type":"Polygon","coordinates":[[[139.887136,35.725432],[139.887178,35.72544],[139.887445,35.725488],[139.887955,35.72558],[139.887855,35.725953],[139.887833,35.726037],[139.887758,35.726316],[139.887155,35.726321],[139.886889,35.726323],[139.886845,35.726324],[139.887022,35.725781],[139.887136,35.725432]]]},"properties":{}},{"type":"Feature","geometry":{"type":"Polygon","coordinates":[[[139.887136,35.725432],[139.887092,35.725424],[139.886447,35.72531],[139.8866,35.724942],[139.886721,35.72465],[139.886732,35.724624],[139.887362,35.724614],[139.887412,35.724613],[139.887226,35.725213],[139.887136,35.725432]]]},"properties":{}},{"type":"Feature","geometry":{"type":"Polygon","coordinates":[[[139.887412,35.724613],[139.887452,35.72462],[139.888172,35.724751],[139.888017,35.72534],[139.887955,35.72558],[139.887445,35.725488],[139.887178,35.72544],[139.887136,35.725432],[139.887226,35.725213],[139.887412,35.724613]]]},"properties":{}},{"type":"Feature","geometry":{"type":"Polygon","coordinates":[[[139.887412,35.724613],[139.887362,35.724614],[139.886732,35.724624],[139.886847,35.724348],[139.887003,35.724153],[139.887337,35.724238],[139.88739,35.724235],[139.88749,35.724229],[139.887412,35.724613]]]},"properties":{}},{"type":"Feature","geometry":{"type":"Polygon","coordinates":[[[139.88749,35.724229],[139.887677,35.724218],[139.888112,35.724103],[139.88835,35.724064],[139.888339,35.724105],[139.888172,35.724751],[139.887452,35.72462],[139.887412,35.724613],[139.88749,35.724229]]]},"properties":{}},{"type":"Feature","geometry":{"type":"Polygon","coordinates":[[[139.887715,35.723705],[139.887772,35.7237],[139.888574,35.723584],[139.888371,35.724018],[139.88835,35.724064],[139.888112,35.724103],[139.887677,35.724218],[139.88749,35.724229],[139.887515,35.724175],[139.887585,35.724022],[139.887696,35.72373],[139.887715,35.723705]]]},"properties":{}},{"type":"Feature","geometry":{"type":"Polygon","coordinates":[[[139.887715,35.723705],[139.887667,35.723712],[139.887441,35.723598],[139.886594,35.723162],[139.886655,35.723084],[139.886826,35.722869],[139.887135,35.722479],[139.887992,35.722922],[139.888025,35.722939],[139.887853,35.723344],[139.887715,35.723705]]]},"properties":{}},{"type":"Feature","geometry":{"type":"Polygon","coordinates":[[[139.888025,35.722939],[139.888069,35.72295],[139.888789,35.723126],[139.888574,35.723584],[139.887772,35.7237],[139.887715,35.723705],[139.887853,35.723344],[139.888025,35.722939]]]},"properties":{}},{"type":"Feature","geometry":{"type":"Polygon","coordinates":[[[139.888025,35.722939],[139.887992,35.722922],[139.887135,35.722479],[139.88738,35.722131],[139.887552,35.721912],[139.887818,35.721576],[139.887974,35.721668],[139.888476,35.72193],[139.888509,35.721948],[139.888489,35.721983],[139.888406,35.722126],[139.888302,35.722422],[139.888295,35.722444],[139.8881,35.722774],[139.888025,35.722939]]]},"properties":{}},{"type":"Feature","geometry":{"type":"Polygon","coordinates":[[[139.888295,35.722444],[139.888334,35.722454],[139.888984,35.722613],[139.888789,35.723126],[139.888069,35.72295],[139.888025,35.722939],[139.8881,35.722774],[139.888295,35.722444]]]},"properties":{}},{"type":"Feature","geometry":{"type":"Polygon","coordinates":[[[139.891915,35.719418],[139.892007,35.719164],[139.892258,35.718415],[139.892305,35.718426],[139.892658,35.718896],[139.892762,35.719035],[139.892948,35.719282],[139.893296,35.71973],[139.893258,35.719739],[139.893204,35.719733],[139.891951,35.719426],[139.891915,35.719418]]]},"properties":{}},{"type":"Feature","geometry":{"type":"Polygon","coordinates":[[[139.891915,35.719418],[139.891747,35.719884],[139.891709,35.719997],[139.891697,35.720028],[139.891604,35.720283],[139.891471,35.72065],[139.891081,35.720555],[139.89067,35.720455],[139.89061,35.720441],[139.890799,35.719901],[139.890828,35.719826],[139.890919,35.719581],[139.891032,35.719268],[139.891053,35.719212],[139.891113,35.719227],[139.891596,35.719343],[139.891877,35.719409],[139.891915,35.719418]]]},"properties":{}},{"type":"Feature","geometry":{"type":"Polygon","coordinates":[[[139.891053,35.719212],[139.891077,35.719145],[139.891414,35.718216],[139.891476,35.718231],[139.892258,35.718415],[139.892007,35.719164],[139.891915,35.719418],[139.891877,35.719409],[139.891596,35.719343],[139.891113,35.719227],[139.891053,35.719212]]]},"properties":{}},{"type":"Feature","geometry":{"type":"Polygon","coordinates":[[[139.889613,35.718963],[139.889543,35.718873],[139.889282,35.718449],[139.889253,35.718403],[139.88976,35.718191],[139.88986,35.718196],[139.889775,35.71843],[139.889635,35.718844],[139.889613,35.718963]]]},"properties":{}},{"type":"Feature","geometry":{"type":"Polygon","coordinates":[[[139.88986,35.718196],[139.88976,35.718191],[139.889253,35.718403],[139.889225,35.718358],[139.888899,35.717835],[139.888874,35.717795],[139.889396,35.717818],[139.889642,35.717836],[139.889916,35.717855],[139.889968,35.71786],[139.88986,35.718196]]]},"properties":{}},{"type":"Feature","geometry":{"type":"Polygon","coordinates":[[[139.889968,35.71786],[139.889916,35.717855],[139.889642,35.717836],[139.889396,35.717818],[139.888874,35.717795],[139.888883,35.717757],[139.88907,35.717308],[139.889086,35.717267],[139.889381,35.717132],[139.88959,35.71703],[139.889818,35.716904],[139.889889,35.716848],[139.890205,35.716658],[139.890366,35.716631],[139.890198,35.717132],[139.890162,35.717247],[139.889968,35.71786]]]},"properties":{}},{"type":"Feature","geometry":{"type":"Polygon","coordinates":[[[139.890263,35.716925],[139.890292,35.716868],[139.891015,35.717041],[139.891006,35.717067],[139.890971,35.717162],[139.890897,35.717368],[139.89079,35.717659],[139.890776,35.717697],[139.890666,35.718],[139.890654,35.718032],[139.890419,35.717975],[139.890222,35.717924],[139.889968,35.71786],[139.890162,35.717247],[139.890198,35.717132],[139.890263,35.716925]]]},"properties":{}},{"type":"Feature","geometry":{"type":"Polygon","coordinates":[[[139.890368,35.716626],[139.890458,35.71634],[139.890552,35.716036],[139.891107,35.716805],[139.891335,35.717112],[139.891015,35.717041],[139.890292,35.716868],[139.890368,35.716626]]]},"properties":{}},{"type":"Feature","geometry":{"type":"Polygon","coordinates":[[[139.890368,35.716626],[139.890321,35.71663],[139.89024,35.716635],[139.890168,35.716674],[139.889889,35.716848],[139.889721,35.716816],[139.889338,35.716731],[139.88927,35.716716],[139.889285,35.716672],[139.889475,35.716119],[139.889537,35.716134],[139.889797,35.716194],[139.889905,35.716219],[139.890069,35.716257],[139.890387,35.716324],[139.8904,35.716327],[139.890458,35.71634],[139.890368,35.716626]]]},"properties":{}},{"type":"Feature","geometry":{"type":"Polygon","coordinates":[[[139.881033,35.722578],[139.881014,35.722559],[139.880952,35.722502],[139.880982,35.722446],[139.881004,35.722412],[139.881087,35.722297],[139.881194,35.722148],[139.88129,35.722012],[139.881397,35.721864],[139.881789,35.721256],[139.881835,35.721276],[139.882379,35.721509],[139.882426,35.721503],[139.882908,35.721041],[139.883011,35.721004],[139.883455,35.720818],[139.883816,35.721381],[139.883416,35.72154],[139.88336,35.721561],[139.881982,35.722152],[139.881954,35.722163],[139.881093,35.722534],[139.881033,35.722578]]]},"properties":{}},{"type":"Feature","geometry":{"type":"Polygon","coordinates":[[[139.881982,35.722152],[139.882005,35.722174],[139.882018,35.722186],[139.882354,35.722358],[139.882751,35.72255],[139.882019,35.723419],[139.881972,35.723472],[139.881609,35.723127],[139.881033,35.722578],[139.881093,35.722534],[139.881954,35.722163],[139.881982,35.722152]]]},"properties":{}},{"type":"Feature","geometry":{"type":"Polygon","coordinates":[[[139.883816,35.721381],[139.883455,35.720818],[139.88459,35.720352],[139.884757,35.720607],[139.884944,35.720899],[139.884092,35.721266],[139.883874,35.721354],[139.883816,35.721381]]]},"properties":{}},{"type":"Feature","geometry":{"type":"Polygon","coordinates":[[[139.884954,35.720912],[139.884596,35.720337],[139.884954,35.720193],[139.885059,35.72015],[139.885246,35.720073],[139.885661,35.719902],[139.886167,35.719688],[139.886213,35.719668],[139.886244,35.719718],[139.886526,35.720178],[139.886521,35.720214],[139.886471,35.720239],[139.886,35.720452],[139.885436,35.720702],[139.885215,35.720802],[139.884954,35.720912]]]},"properties":{}},{"type":"Feature","geometry":{"type":"Polygon","coordinates":[[[139.886521,35.720214],[139.886524,35.720254],[139.886533,35.720267],[139.886592,35.720377],[139.886414,35.720447],[139.886034,35.720937],[139.885894,35.721118],[139.885813,35.721223],[139.885758,35.721294],[139.885632,35.721457],[139.885496,35.721632],[139.885081,35.721413],[139.885047,35.721292],[139.884966,35.72095],[139.884954,35.720912],[139.885215,35.720802],[139.885436,35.720702],[139.886,35.720452],[139.886471,35.720239],[139.886521,35.720214]]]},"properties":{}},{"type":"Feature","geometry":{"type":"Polygon","coordinates":[[[139.886521,35.720214],[139.886526,35.720178],[139.886244,35.719718],[139.886213,35.719668],[139.88626,35.719648],[139.886924,35.719372],[139.887267,35.719915],[139.886574,35.720189],[139.886521,35.720214]]]},"properties":{}},{"type":"Feature","geometry":{"type":"Polygon","coordinates":[[[139.887267,35.719915],[139.886924,35.719372],[139.887614,35.719077],[139.887876,35.718967],[139.888052,35.718902],[139.888102,35.718883],[139.888155,35.718863],[139.888175,35.718899],[139.888355,35.719215],[139.888505,35.719435],[139.888224,35.719536],[139.888057,35.7196],[139.88796,35.719638],[139.887883,35.719668],[139.887552,35.719796],[139.887267,35.719915]]]},"properties":{}},{"type":"Feature","geometry":{"type":"Polygon","coordinates":[[[139.892258,35.718415],[139.891476,35.718231],[139.891414,35.718216],[139.891499,35.717989],[139.891616,35.717675],[139.891656,35.717568],[139.89171,35.717621],[139.891734,35.717648],[139.892305,35.718426],[139.892258,35.718415]]]},"properties":{}},{"type":"Feature","geometry":{"type":"Polygon","coordinates":[[[139.890654,35.718032],[139.890666,35.718],[139.890776,35.717697],[139.89079,35.717659],[139.890897,35.717368],[139.890971,35.717162],[139.891006,35.717067],[139.891015,35.717041],[139.891343,35.717122],[139.891607,35.717499],[139.891656,35.717568],[139.891616,35.717675],[139.891499,35.717989],[139.891414,35.718216],[139.891352,35.718201],[139.890654,35.718032]]]},"properties":{}},{"type":"Feature","geometry":{"type":"Polygon","coordinates":[[[139.891656,35.717568],[139.891764,35.717283],[139.891786,35.717225],[139.891848,35.71724],[139.892048,35.717294],[139.892079,35.717303],[139.892392,35.717372],[139.892604,35.717399],[139.893196,35.717592],[139.893313,35.717632],[139.893464,35.71769],[139.893799,35.717803],[139.89419,35.717933],[139.893841,35.718972],[139.893406,35.718816],[139.892842,35.718615],[139.892823,35.718609],[139.89241,35.718463],[139.892305,35.718426],[139.891734,35.717648],[139.89171,35.717621],[139.891656,35.717568]]]},"properties":{}},{"type":"Feature","geometry":{"type":"Polygon","coordinates":[[[139.892305,35.718426],[139.89241,35.718463],[139.892823,35.718609],[139.892842,35.718615],[139.893406,35.718816],[139.893841,35.718972],[139.893832,35.718996],[139.893786,35.719129],[139.893746,35.719242],[139.893701,35.719371],[139.893676,35.719443],[139.893636,35.719556],[139.893529,35.719862],[139.89351,35.719918],[139.893491,35.719984],[139.893386,35.719848],[139.893296,35.71973],[139.892948,35.719282],[139.892762,35.719035],[139.892658,35.718896],[139.892305,35.718426]]]},"properties":{}},{"type":"Feature","geometry":{"type":"Polygon","coordinates":[[[139.893491,35.719984],[139.89351,35.719918],[139.893529,35.719862],[139.894504,35.720122],[139.894431,35.720325],[139.894232,35.720895],[139.89421,35.720959],[139.89418,35.720923],[139.894157,35.720896],[139.893564,35.720084],[139.893491,35.719984]]]},"properties":{}},{"type":"Feature","geometry":{"type":"Polygon","coordinates":[[[139.894157,35.720896],[139.894101,35.720896],[139.893164,35.720885],[139.893275,35.720568],[139.893292,35.72053],[139.893429,35.720148],[139.893443,35.720106],[139.893475,35.720015],[139.893491,35.719984],[139.893564,35.720084],[139.894157,35.720896]]]},"properties":{}},{"type":"Feature","geometry":{"type":"Polygon","coordinates":[[[139.889253,35.718403],[139.889282,35.718449],[139.889543,35.718873],[139.889613,35.718963],[139.888505,35.719435],[139.888355,35.719215],[139.888175,35.718899],[139.888155,35.718863],[139.888223,35.718835],[139.889253,35.718403]]]},"properties":{}},{"type":"Feature","geometry":{"type":"Polygon","coordinates":[[[139.888155,35.718863],[139.88813,35.718825],[139.887997,35.718619],[139.88797,35.718545],[139.887728,35.71818],[139.888171,35.718037],[139.888487,35.717928],[139.888874,35.717795],[139.888899,35.717835],[139.889225,35.718358],[139.889253,35.718403],[139.888223,35.718835],[139.888155,35.718863]]]},"properties":{}},{"type":"Feature","geometry":{"type":"Polygon","coordinates":[[[139.886924,35.719372],[139.886795,35.719152],[139.886756,35.718606],[139.886749,35.718515],[139.887156,35.718385],[139.88721,35.718366],[139.887348,35.718316],[139.887728,35.71818],[139.88797,35.718545],[139.887997,35.718619],[139.88813,35.718825],[139.888155,35.718863],[139.888102,35.718883],[139.888052,35.718902],[139.887876,35.718967],[139.887614,35.719077],[139.886924,35.719372]]]},"properties":{}},{"type":"Feature","geometry":{"type":"Polygon","coordinates":[[[139.886213,35.719668],[139.885977,35.719306],[139.886292,35.719228],[139.886416,35.719207],[139.886524,35.719226],[139.886795,35.719152],[139.886924,35.719372],[139.88626,35.719648],[139.886213,35.719668]]]},"properties":{}},{"type":"Feature","geometry":{"type":"Polygon","coordinates":[[[139.884596,35.720337],[139.884366,35.719984],[139.885125,35.719637],[139.885325,35.719548],[139.885518,35.719463],[139.885732,35.719368],[139.885977,35.719306],[139.886213,35.719668],[139.886167,35.719688],[139.885661,35.719902],[139.885246,35.720073],[139.885059,35.72015],[139.884954,35.720193],[139.884596,35.720337]]]},"properties":{}},{"type":"Feature","geometry":{"type":"Polygon","coordinates":[[[139.890198,35.714032],[139.890132,35.714036],[139.889871,35.713987],[139.889809,35.713872],[139.88941,35.713751],[139.889373,35.71374],[139.889381,35.713709],[139.889616,35.713166],[139.88966,35.713175],[139.890032,35.713251],[139.890496,35.713345],[139.890539,35.713353],[139.890523,35.713392],[139.89045,35.713577],[139.890214,35.713985],[139.890198,35.714032]]]},"properties":{}},{"type":"Feature","geometry":{"type":"Polygon","coordinates":[[[139.889963,35.714725],[139.889916,35.714715],[139.889189,35.714564],[139.889353,35.713811],[139.889373,35.71374],[139.88941,35.713751],[139.889809,35.713872],[139.889871,35.713987],[139.890132,35.714036],[139.890198,35.714032],[139.890183,35.714085],[139.890088,35.714353],[139.889981,35.714677],[139.889963,35.714725]]]},"properties":{}},{"type":"Feature","geometry":{"type":"Polygon","coordinates":[[[139.88927,35.716716],[139.889216,35.716704],[139.888911,35.716638],[139.888836,35.716622],[139.888734,35.716599],[139.888453,35.716538],[139.888412,35.716529],[139.888426,35.716466],[139.888461,35.716306],[139.888533,35.715975],[139.888545,35.715921],[139.888598,35.715933],[139.888873,35.715994],[139.888929,35.716006],[139.889139,35.71605],[139.889412,35.716106],[139.889475,35.716119],[139.889285,35.716672],[139.88927,35.716716]]]},"properties":{}},{"type":"Feature","geometry":{"type":"Polygon","coordinates":[[[139.88927,35.716716],[139.889338,35.716731],[139.889721,35.716816],[139.889889,35.716848],[139.889818,35.716904],[139.88959,35.71703],[139.889381,35.717132],[139.889086,35.717267],[139.889113,35.717185],[139.88927,35.716716]]]},"properties":{}},{"type":"Feature","geometry":{"type":"Polygon","coordinates":[[[139.889086,35.717267],[139.888846,35.717298],[139.888617,35.717325],[139.888324,35.717362],[139.888257,35.717377],[139.888238,35.717312],[139.888274,35.717108],[139.888397,35.716594],[139.888412,35.716529],[139.888453,35.716538],[139.888734,35.716599],[139.888836,35.716622],[139.888911,35.716638],[139.889216,35.716704],[139.88927,35.716716],[139.889113,35.717185],[139.889086,35.717267]]]},"properties":{}},{"type":"Feature","geometry":{"type":"Polygon","coordinates":[[[139.888874,35.717795],[139.888487,35.717928],[139.888468,35.717886],[139.888278,35.717429],[139.888257,35.717377],[139.888324,35.717362],[139.888617,35.717325],[139.888846,35.717298],[139.889086,35.717267],[139.88907,35.717308],[139.888883,35.717757],[139.888874,35.717795]]]},"properties":{}},{"type":"Feature","geometry":{"type":"Polygon","coordinates":[[[139.881789,35.721256],[139.881838,35.721181],[139.882105,35.72074],[139.88216,35.720761],[139.882208,35.720778],[139.882908,35.721041],[139.882426,35.721503],[139.882379,35.721509],[139.881835,35.721276],[139.881789,35.721256]]]},"properties":{}},{"type":"Feature","geometry":{"type":"Polygon","coordinates":[[[139.891107,35.716805],[139.891135,35.716736],[139.89133,35.716197],[139.891374,35.716194],[139.89204,35.716348],[139.892104,35.716363],[139.891803,35.717179],[139.891647,35.717548],[139.891514,35.717375],[139.8914,35.717192],[139.891343,35.717122],[139.891107,35.716805]]]},"properties":{}},{"type":"Feature","geometry":{"type":"Polygon","coordinates":[[[139.884066,35.719095],[139.885,35.71896],[139.885034,35.719142],[139.885062,35.719294],[139.885125,35.719637],[139.884366,35.719984],[139.884204,35.71954],[139.884193,35.719511],[139.884128,35.719315],[139.884066,35.719095]]]},"properties":{}},{"type":"Feature","geometry":{"type":"Polygon","coordinates":[[[139.884366,35.719984],[139.883862,35.720152],[139.883701,35.719627],[139.883973,35.719563],[139.884193,35.719511],[139.884204,35.71954],[139.884366,35.719984]]]},"properties":{}},{"type":"Feature","geometry":{"type":"Polygon","coordinates":[[[139.885125,35.719637],[139.885062,35.719294],[139.885034,35.719142],[139.885,35.71896],[139.885387,35.718893],[139.885507,35.718875],[139.885683,35.718852],[139.885736,35.718845],[139.885977,35.719306],[139.885732,35.719368],[139.885518,35.719463],[139.885325,35.719548],[139.885125,35.719637]]]},"properties":{}},{"type":"Feature","geometry":{"type":"Polygon","coordinates":[[[139.884899,35.717483],[139.883934,35.717258],[139.884011,35.716991],[139.88407,35.716811],[139.88507,35.716835],[139.885131,35.716829],[139.885129,35.716898],[139.885074,35.717071],[139.884961,35.717314],[139.884899,35.717483]]]},"properties":{}},{"type":"Feature","geometry":{"type":"Polygon","coordinates":[[[139.884823,35.718008],[139.884423,35.718026],[139.884004,35.718089],[139.883735,35.718139],[139.883639,35.718146],[139.883657,35.718093],[139.883794,35.717684],[139.883934,35.717258],[139.884899,35.717483],[139.884869,35.71758],[139.884823,35.718008]]]},"properties":{}},{"type":"Feature","geometry":{"type":"Polygon","coordinates":[[[139.884825,35.71802],[139.884874,35.718274],[139.884753,35.718296],[139.884513,35.718284],[139.88438,35.718271],[139.884198,35.718274],[139.884088,35.718299],[139.883751,35.718426],[139.883687,35.718233],[139.883686,35.718226],[139.883639,35.718146],[139.883735,35.718139],[139.884004,35.718089],[139.884423,35.718026],[139.884823,35.718008],[139.884825,35.71802]]]},"properties":{}},{"type":"Feature","geometry":{"type":"Polygon","coordinates":[[[139.884874,35.718274],[139.885547,35.718178],[139.885587,35.718176],[139.885682,35.718649],[139.885699,35.718738],[139.885718,35.718802],[139.885736,35.718845],[139.885683,35.718852],[139.885507,35.718875],[139.885387,35.718893],[139.885,35.71896],[139.884874,35.718274]]]},"properties":{}},{"type":"Feature","geometry":{"type":"Polygon","coordinates":[[[139.885,35.71896],[139.884066,35.719095],[139.883967,35.718845],[139.883901,35.718767],[139.883816,35.71863],[139.883751,35.718426],[139.884088,35.718299],[139.884198,35.718274],[139.88438,35.718271],[139.884513,35.718284],[139.884753,35.718296],[139.884874,35.718274],[139.885,35.71896]]]},"properties":{}},{"type":"Feature","geometry":{"type":"Polygon","coordinates":[[[139.883665,35.719635],[139.883701,35.719627],[139.883862,35.720152],[139.883766,35.720191],[139.883195,35.7204],[139.882617,35.720597],[139.882244,35.720719],[139.88218,35.720729],[139.882105,35.72074],[139.882131,35.720698],[139.882632,35.719867],[139.882709,35.71985],[139.883008,35.719783],[139.883212,35.719737],[139.883396,35.719695],[139.883466,35.719679],[139.883665,35.719635]]]},"properties":{}},{"type":"Feature","geometry":{"type":"Polygon","coordinates":[[[139.883455,35.720818],[139.883011,35.721004],[139.882908,35.721041],[139.882208,35.720778],[139.88216,35.720761],[139.882105,35.72074],[139.88218,35.720729],[139.882244,35.720719],[139.882617,35.720597],[139.883195,35.7204],[139.883455,35.720818]]]},"properties":{}},{"type":"Feature","geometry":{"type":"Polygon","coordinates":[[[139.883195,35.7204],[139.884361,35.719989],[139.884455,35.720148],[139.88459,35.720341],[139.883455,35.720818],[139.883195,35.7204]]]},"properties":{}},{"type":"Feature","geometry":{"type":"Polygon","coordinates":[[[139.887728,35.71818],[139.887379,35.71761],[139.887467,35.717588],[139.887489,35.717582],[139.887833,35.717489],[139.887982,35.717451],[139.8882,35.717387],[139.888257,35.717377],[139.888278,35.717429],[139.888468,35.717886],[139.888487,35.717928],[139.888171,35.718037],[139.887728,35.71818]]]},"properties":{}},{"type":"Feature","geometry":{"type":"Polygon","coordinates":[[[139.886749,35.718515],[139.886739,35.718422],[139.886688,35.717858],[139.886682,35.717798],[139.886727,35.717783],[139.886862,35.717749],[139.887252,35.71765],[139.887322,35.717628],[139.887379,35.71761],[139.887728,35.71818],[139.887348,35.718316],[139.88721,35.718366],[139.887156,35.718385],[139.886749,35.718515]]]},"properties":{}},{"type":"Feature","geometry":{"type":"Polygon","coordinates":[[[139.886749,35.718515],[139.886756,35.718606],[139.886795,35.719152],[139.886524,35.719226],[139.886416,35.719207],[139.886292,35.719228],[139.885977,35.719306],[139.885736,35.718845],[139.885791,35.718832],[139.886253,35.718678],[139.886749,35.718515]]]},"properties":{}},{"type":"Feature","geometry":{"type":"Polygon","coordinates":[[[139.885736,35.718845],[139.885718,35.718802],[139.885699,35.718738],[139.885682,35.718649],[139.885587,35.718176],[139.885645,35.718172],[139.885919,35.718105],[139.886137,35.718015],[139.886255,35.717966],[139.886445,35.717887],[139.886622,35.717811],[139.886682,35.717798],[139.886688,35.717858],[139.886739,35.718422],[139.886749,35.718515],[139.886253,35.718678],[139.885791,35.718832],[139.885736,35.718845]]]},"properties":{}},{"type":"Feature","geometry":{"type":"Polygon","coordinates":[[[139.88299,35.71925],[139.883088,35.719063],[139.883118,35.719006],[139.883384,35.71859],[139.883572,35.718259],[139.883578,35.71825],[139.883602,35.718207],[139.883686,35.718226],[139.883687,35.718233],[139.883751,35.718426],[139.883816,35.71863],[139.883901,35.718767],[139.883967,35.718845],[139.884066,35.719095],[139.883513,35.71918],[139.883313,35.719207],[139.883105,35.719235],[139.883043,35.719243],[139.88299,35.71925]]]},"properties":{}},{"type":"Feature","geometry":{"type":"Polygon","coordinates":[[[139.893218,35.715403],[139.893084,35.71577],[139.892933,35.716188],[139.892729,35.716142],[139.89267,35.716129],[139.892317,35.716047],[139.892225,35.716026],[139.892254,35.715947],[139.89249,35.715318],[139.892512,35.715258],[139.892517,35.715244],[139.892604,35.715264],[139.893218,35.715403]]]},"properties":{}},{"type":"Feature","geometry":{"type":"Polygon","coordinates":[[[139.892517,35.715244],[139.892546,35.715177],[139.892606,35.715034],[139.892755,35.714685],[139.892782,35.71462],[139.892847,35.714636],[139.893441,35.714789],[139.893417,35.714855],[139.893287,35.715214],[139.893218,35.715403],[139.892604,35.715264],[139.892517,35.715244]]]},"properties":{}},{"type":"Feature","geometry":{"type":"Polygon","coordinates":[[[139.872354,35.725758],[139.87275,35.725919],[139.873001,35.72603],[139.873016,35.726166],[139.873121,35.726252],[139.872641,35.726238],[139.872634,35.72619],[139.872267,35.726038],[139.872354,35.725758]]]},"properties":{}},{"type":"Feature","geometry":{"type":"Polygon","coordinates":[[[139.873219,35.727271],[139.873085,35.727178],[139.872483,35.726725],[139.871762,35.726204],[139.87159,35.726095],[139.871601,35.726058],[139.87179,35.726179],[139.8725,35.726683],[139.873109,35.727143],[139.873244,35.727239],[139.873219,35.727271]]]},"properties":{}},{"type":"Feature","geometry":{"type":"Polygon","coordinates":[[[139.873186,35.727312],[139.873044,35.727204],[139.872618,35.726882],[139.872274,35.726618],[139.871724,35.726235],[139.871574,35.726136],[139.871583,35.726119],[139.87159,35.726095],[139.871762,35.726204],[139.872483,35.726725],[139.873085,35.727178],[139.873219,35.727271],[139.873186,35.727312]]]},"properties":{}},{"type":"Feature","geometry":{"type":"Polygon","coordinates":[[[139.87315,35.727358],[139.872987,35.727237],[139.872368,35.726794],[139.871661,35.726313],[139.871526,35.726224],[139.871549,35.72618],[139.872256,35.726642],[139.872618,35.726882],[139.873044,35.727204],[139.873186,35.727312],[139.87315,35.727358]]]},"properties":{}},{"type":"Feature","geometry":{"type":"Polygon","coordinates":[[[139.888486,35.736084],[139.888384,35.736359],[139.88835,35.736587],[139.887964,35.736537],[139.887927,35.736532],[139.887469,35.736465],[139.887669,35.736007],[139.888002,35.736046],[139.888217,35.73607],[139.888486,35.736084]]]},"properties":{}},{"type":"Feature","geometry":{"type":"Polygon","coordinates":[[[139.889164,35.736105],[139.889139,35.736277],[139.889106,35.73651],[139.889091,35.736669],[139.888753,35.736632],[139.88835,35.736587],[139.888384,35.736359],[139.888486,35.736084],[139.888832,35.736101],[139.889164,35.736105]]]},"properties":{}},{"type":"Feature","geometry":{"type":"Polygon","coordinates":[[[139.891012,35.735971],[139.891014,35.735988],[139.891043,35.736257],[139.891066,35.73645],[139.890715,35.736556],[139.890116,35.736734],[139.89018,35.736061],[139.890359,35.736043],[139.890613,35.736016],[139.890648,35.73603],[139.890676,35.736026],[139.890835,35.736005],[139.891012,35.735971]]]},"properties":{}},{"type":"Feature","geometry":{"type":"Polygon","coordinates":[[[139.885811,35.735591],[139.885782,35.735975],[139.885741,35.736086],[139.885687,35.736359],[139.885676,35.736412],[139.88516,35.736258],[139.884906,35.736183],[139.884759,35.73614],[139.884792,35.736056],[139.884972,35.735589],[139.885073,35.735336],[139.885151,35.735363],[139.885239,35.735395],[139.885508,35.735492],[139.88571,35.73556],[139.885778,35.735581],[139.885811,35.735591]]]},"properties":{}},{"type":"Feature","geometry":{"type":"Polygon","coordinates":[[[139.886815,35.73586],[139.886657,35.736231],[139.885782,35.735975],[139.885811,35.735591],[139.886064,35.735665],[139.886308,35.735735],[139.886815,35.73586]]]},"properties":{}},{"type":"Feature","geometry":{"type":"Polygon","coordinates":[[[139.887669,35.736007],[139.887469,35.736465],[139.886657,35.736231],[139.886815,35.73586],[139.887669,35.736007]]]},"properties":{}},{"type":"Feature","geometry":{"type":"Polygon","coordinates":[[[139.889181,35.735719],[139.889183,35.735694],[139.889186,35.735657],[139.889194,35.735511],[139.889233,35.735125],[139.889774,35.735165],[139.889739,35.735483],[139.88969,35.735793],[139.889687,35.735812],[139.889181,35.735719]]]},"properties":{}},{"type":"Feature","geometry":{"type":"Polygon","coordinates":[[[139.889687,35.735812],[139.88981,35.73583],[139.889865,35.735832],[139.890128,35.73581],[139.89014,35.735865],[139.889937,35.735886],[139.889648,35.735905],[139.8894,35.735914],[139.889169,35.735917],[139.889171,35.735868],[139.889181,35.735719],[139.889687,35.735812]]]},"properties":{}},{"type":"Feature","geometry":{"type":"Polygon","coordinates":[[[139.889687,35.735812],[139.88969,35.735793],[139.889739,35.735483],[139.889774,35.735165],[139.890577,35.735247],[139.890531,35.735566],[139.890509,35.735731],[139.890504,35.735768],[139.890128,35.73581],[139.889865,35.735832],[139.88981,35.73583],[139.889687,35.735812]]]},"properties":{}},{"type":"Feature","geometry":{"type":"Polygon","coordinates":[[[139.890504,35.735768],[139.890509,35.735731],[139.890531,35.735566],[139.890577,35.735247],[139.891302,35.735312],[139.891333,35.735314],[139.891286,35.735626],[139.89094,35.735695],[139.890504,35.735768]]]},"properties":{}},{"type":"Feature","geometry":{"type":"Polygon","coordinates":[[[139.893183,35.734098],[139.893401,35.73429],[139.893365,35.734371],[139.893319,35.734482],[139.893302,35.734559],[139.893234,35.734552],[139.892762,35.73451],[139.89282,35.73413],[139.892826,35.734086],[139.893091,35.734095],[139.893183,35.734098]]]},"properties":{}},{"type":"Feature","geometry":{"type":"Polygon","coordinates":[[[139.892826,35.734086],[139.892253,35.734034],[139.892258,35.734003],[139.892261,35.733988],[139.892285,35.733828],[139.892227,35.733658],[139.892113,35.733502],[139.892293,35.733325],[139.892333,35.733291],[139.892778,35.733711],[139.89308,35.734],[139.893183,35.734098],[139.893091,35.734095],[139.892826,35.734086]]]},"properties":{}},{"type":"Feature","geometry":{"type":"Polygon","coordinates":[[[139.892826,35.734086],[139.89282,35.73413],[139.892762,35.73451],[139.891462,35.734396],[139.891467,35.734367],[139.891523,35.734005],[139.891528,35.733966],[139.892253,35.734034],[139.892826,35.734086]]]},"properties":{}},{"type":"Feature","geometry":{"type":"Polygon","coordinates":[[[139.891528,35.733966],[139.891533,35.733935],[139.891604,35.733449],[139.892113,35.733502],[139.892227,35.733658],[139.892285,35.733828],[139.892261,35.733988],[139.892258,35.734003],[139.892253,35.734034],[139.891528,35.733966]]]},"properties":{}},{"type":"Feature","geometry":{"type":"Polygon","coordinates":[[[139.891528,35.733966],[139.891523,35.734005],[139.891467,35.734367],[139.891462,35.734396],[139.891422,35.734392],[139.890712,35.734318],[139.890716,35.734291],[139.890776,35.733929],[139.890782,35.73389],[139.891528,35.733966]]]},"properties":{}},{"type":"Feature","geometry":{"type":"Polygon","coordinates":[[[139.890782,35.73389],[139.890786,35.733857],[139.890841,35.733373],[139.891154,35.7334],[139.891266,35.73341],[139.891604,35.733449],[139.891533,35.733935],[139.891528,35.733966],[139.890782,35.73389]]]},"properties":{}},{"type":"Feature","geometry":{"type":"Polygon","coordinates":[[[139.890782,35.73389],[139.890776,35.733929],[139.890716,35.734291],[139.890712,35.734318],[139.889836,35.734232],[139.889869,35.733843],[139.889872,35.733806],[139.890782,35.73389]]]},"properties":{}},{"type":"Feature","geometry":{"type":"Polygon","coordinates":[[[139.889872,35.733806],[139.889875,35.73377],[139.889891,35.733573],[139.889973,35.733345],[139.889986,35.733194],[139.890841,35.733373],[139.890786,35.733857],[139.890782,35.73389],[139.889872,35.733806]]]},"properties":{}},{"type":"Feature","geometry":{"type":"Polygon","coordinates":[[[139.889872,35.733806],[139.889869,35.733843],[139.889836,35.734232],[139.889362,35.734184],[139.889356,35.734144],[139.889406,35.733796],[139.889411,35.733761],[139.889872,35.733806]]]},"properties":{}},{"type":"Feature","geometry":{"type":"Polygon","coordinates":[[[139.889411,35.733761],[139.889416,35.733729],[139.889481,35.73324],[139.889818,35.733181],[139.889986,35.733194],[139.889973,35.733345],[139.889891,35.733573],[139.889875,35.73377],[139.889872,35.733806],[139.889411,35.733761]]]},"properties":{}},{"type":"Feature","geometry":{"type":"Polygon","coordinates":[[[139.889411,35.733761],[139.889406,35.733796],[139.889356,35.734144],[139.889362,35.734184],[139.88828,35.73408],[139.888337,35.733702],[139.888344,35.733657],[139.889411,35.733761]]]},"properties":{}},{"type":"Feature","geometry":{"type":"Polygon","coordinates":[[[139.888344,35.733657],[139.888348,35.733624],[139.888412,35.733135],[139.889481,35.73324],[139.889416,35.733729],[139.889411,35.733761],[139.888344,35.733657]]]},"properties":{}},{"type":"Feature","geometry":{"type":"Polygon","coordinates":[[[139.888344,35.733657],[139.888337,35.733702],[139.88828,35.73408],[139.887113,35.733969],[139.887174,35.733582],[139.887179,35.733545],[139.887759,35.733602],[139.888344,35.733657]]]},"properties":{}},{"type":"Feature","geometry":{"type":"Polygon","coordinates":[[[139.887179,35.733545],[139.887183,35.733516],[139.887252,35.733023],[139.887835,35.733084],[139.888412,35.733135],[139.888348,35.733624],[139.888344,35.733657],[139.887759,35.733602],[139.887179,35.733545]]]},"properties":{}},{"type":"Feature","geometry":{"type":"Polygon","coordinates":[[[139.887179,35.733545],[139.887174,35.733582],[139.887113,35.733969],[139.886053,35.733869],[139.886082,35.733659],[139.886142,35.733485],[139.886153,35.733451],[139.887179,35.733545]]]},"properties":{}},{"type":"Feature","geometry":{"type":"Polygon","coordinates":[[[139.886153,35.733451],[139.886162,35.733415],[139.886263,35.733007],[139.886491,35.733064],[139.886878,35.732987],[139.887252,35.733023],[139.887183,35.733516],[139.887179,35.733545],[139.886153,35.733451]]]},"properties":{}},{"type":"Feature","geometry":{"type":"Polygon","coordinates":[[[139.886153,35.733451],[139.886142,35.733485],[139.886082,35.733659],[139.886053,35.733869],[139.886019,35.733866],[139.885689,35.733831],[139.885649,35.733826],[139.885774,35.73349],[139.8858,35.73342],[139.885893,35.733428],[139.886153,35.733451]]]},"properties":{}},{"type":"Feature","geometry":{"type":"Polygon","coordinates":[[[139.890178,35.731283],[139.890224,35.731327],[139.89062,35.731696],[139.890576,35.731729],[139.890383,35.731874],[139.890143,35.732051],[139.889771,35.731728],[139.889735,35.731699],[139.889686,35.731655],[139.890139,35.731313],[139.890178,35.731283]]]},"properties":{}},{"type":"Feature","geometry":{"type":"Polygon","coordinates":[[[139.889686,35.731655],[139.889659,35.731625],[139.889633,35.7316],[139.889415,35.731397],[139.889305,35.731287],[139.888981,35.730971],[139.889448,35.730665],[139.889495,35.730634],[139.889853,35.730973],[139.89014,35.731247],[139.890178,35.731283],[139.890139,35.731313],[139.889686,35.731655]]]},"properties":{}},{"type":"Feature","geometry":{"type":"Polygon","coordinates":[[[139.875203,35.721899],[139.875087,35.72241],[139.874962,35.722922],[139.874764,35.722893],[139.874563,35.722858],[139.874167,35.722791],[139.874596,35.722329],[139.875027,35.721869],[139.875203,35.721899]]]},"properties":{}},{"type":"Feature","geometry":{"type":"Polygon","coordinates":[[[139.875494,35.721947],[139.875616,35.721968],[139.875798,35.721999],[139.875829,35.722004],[139.876107,35.722051],[139.876153,35.722058],[139.876291,35.722082],[139.876406,35.722101],[139.876813,35.722169],[139.876775,35.722262],[139.876742,35.722356],[139.87661,35.722729],[139.876604,35.722746],[139.876524,35.722971],[139.876458,35.723143],[139.876017,35.723064],[139.87577,35.723019],[139.875713,35.723009],[139.875561,35.723011],[139.875419,35.72299],[139.87536,35.722982],[139.875254,35.722966],[139.875108,35.722944],[139.874962,35.722922],[139.875087,35.72241],[139.875203,35.721899],[139.875494,35.721947]]]},"properties":{}},{"type":"Feature","geometry":{"type":"Polygon","coordinates":[[[139.88012,35.727082],[139.880072,35.727462],[139.880034,35.727767],[139.879182,35.727774],[139.879201,35.727632],[139.87923,35.727414],[139.87924,35.727337],[139.879281,35.727017],[139.879761,35.727053],[139.88012,35.727082]]]},"properties":{}},{"type":"Feature","geometry":{"type":"Polygon","coordinates":[[[139.879281,35.727017],[139.87924,35.727337],[139.87923,35.727414],[139.879201,35.727632],[139.879182,35.727774],[139.879135,35.728133],[139.878731,35.728094],[139.878265,35.728049],[139.878328,35.727555],[139.878408,35.726938],[139.878741,35.726968],[139.879281,35.727017]]]},"properties":{}},{"type":"Feature","geometry":{"type":"Polygon","coordinates":[[[139.881038,35.727215],[139.88099,35.727361],[139.880946,35.72745],[139.880789,35.727717],[139.880034,35.727767],[139.880072,35.727462],[139.88012,35.727082],[139.88068,35.727162],[139.881038,35.727215]]]},"properties":{}},{"type":"Feature","geometry":{"type":"Polygon","coordinates":[[[139.878983,35.729003],[139.87967,35.728976],[139.879664,35.729365],[139.87966,35.729676],[139.879535,35.729745],[139.879394,35.729819],[139.879061,35.729923],[139.878916,35.729409],[139.878918,35.729399],[139.878974,35.729104],[139.878983,35.729003]]]},"properties":{}},{"type":"Feature","geometry":{"type":"Polygon","coordinates":[[[139.878918,35.729399],[139.878916,35.729409],[139.879061,35.729923],[139.879,35.729946],[139.878912,35.729992],[139.878873,35.730006],[139.878818,35.730023],[139.878631,35.730081],[139.878373,35.730202],[139.878236,35.730233],[139.878231,35.730251],[139.878246,35.730331],[139.878212,35.730403],[139.878196,35.730421],[139.877983,35.7304],[139.877918,35.730377],[139.877961,35.730298],[139.878027,35.729796],[139.878081,35.729371],[139.878122,35.729048],[139.878328,35.729038],[139.878377,35.729036],[139.87864,35.729024],[139.878664,35.729023],[139.878983,35.729003],[139.878974,35.729104],[139.878918,35.729399]]]},"properties":{}},{"type":"Feature","geometry":{"type":"Polygon","coordinates":[[[139.881336,35.724636],[139.88056,35.724106],[139.88017,35.723853],[139.880113,35.723817],[139.880285,35.723553],[139.880714,35.722853],[139.880864,35.722641],[139.880892,35.722602],[139.880905,35.722584],[139.88093,35.722547],[139.880952,35.722502],[139.881014,35.722559],[139.881033,35.722578],[139.881609,35.723127],[139.881972,35.723472],[139.882397,35.723887],[139.882331,35.723934],[139.882102,35.724098],[139.881816,35.724338],[139.881577,35.724517],[139.881336,35.724636]]]},"properties":{}},{"type":"Feature","geometry":{"type":"Polygon","coordinates":[[[139.880889,35.728971],[139.880699,35.729338],[139.880639,35.729465],[139.88063,35.729698],[139.880573,35.729742],[139.880559,35.729807],[139.880254,35.729816],[139.880113,35.729793],[139.879947,35.729757],[139.879817,35.729693],[139.879783,35.72968],[139.87966,35.729676],[139.879664,35.729365],[139.87967,35.728976],[139.879781,35.728968],[139.880107,35.728946],[139.880475,35.728944],[139.880889,35.728971]]]},"properties":{}},{"type":"Feature","geometry":{"type":"Polygon","coordinates":[[[139.87967,35.728976],[139.878983,35.729003],[139.879042,35.728672],[139.879065,35.728539],[139.879135,35.728133],[139.879606,35.728139],[139.879992,35.728103],[139.880576,35.728081],[139.880898,35.728075],[139.880906,35.728338],[139.880897,35.728436],[139.880881,35.728537],[139.880872,35.728631],[139.880875,35.728783],[139.880881,35.728881],[139.880889,35.728971],[139.880475,35.728944],[139.880107,35.728946],[139.879781,35.728968],[139.87967,35.728976]]]},"properties":{}},{"type":"Feature","geometry":{"type":"Polygon","coordinates":[[[139.878122,35.729048],[139.878165,35.728777],[139.878265,35.728049],[139.878731,35.728094],[139.879135,35.728133],[139.879065,35.728539],[139.879042,35.728672],[139.878983,35.729003],[139.878664,35.729023],[139.87864,35.729024],[139.878377,35.729036],[139.878328,35.729038],[139.878122,35.729048]]]},"properties":{}},{"type":"Feature","geometry":{"type":"Polygon","coordinates":[[[139.880949,35.725302],[139.880702,35.725242],[139.880399,35.725177],[139.880441,35.724852],[139.880518,35.724308],[139.880538,35.724144],[139.880539,35.724135],[139.88056,35.724106],[139.881336,35.724636],[139.881461,35.725026],[139.881499,35.725146],[139.881485,35.725424],[139.881204,35.72536],[139.880949,35.725302]]]},"properties":{}},{"type":"Feature","geometry":{"type":"Polygon","coordinates":[[[139.879911,35.725065],[139.880052,35.724665],[139.880208,35.724218],[139.880518,35.724308],[139.880441,35.724852],[139.880399,35.725177],[139.879911,35.725065]]]},"properties":{}},{"type":"Feature","geometry":{"type":"Polygon","coordinates":[[[139.879555,35.724978],[139.879473,35.724951],[139.879392,35.724925],[139.879638,35.724563],[139.879672,35.724512],[139.88008,35.723865],[139.880113,35.723817],[139.88017,35.723853],[139.88056,35.724106],[139.880539,35.724135],[139.880538,35.724144],[139.880518,35.724308],[139.880208,35.724218],[139.880052,35.724665],[139.879911,35.725065],[139.879555,35.724978]]]},"properties":{}},{"type":"Feature","geometry":{"type":"Polygon","coordinates":[[[139.880576,35.728081],[139.879992,35.728103],[139.880034,35.727767],[139.880789,35.727717],[139.880576,35.728081]]]},"properties":{}},{"type":"Feature","geometry":{"type":"Polygon","coordinates":[[[139.88076,35.722322],[139.880122,35.72172],[139.880145,35.721671],[139.880189,35.721582],[139.880332,35.721302],[139.880372,35.721326],[139.880462,35.72139],[139.880621,35.721523],[139.8807,35.721588],[139.880812,35.721737],[139.880887,35.721907],[139.880915,35.722112],[139.880792,35.722244],[139.880781,35.722271],[139.88076,35.722322]]]},"properties":{}},{"type":"Feature","geometry":{"type":"Polygon","coordinates":[[[139.880122,35.72172],[139.88076,35.722322],[139.880859,35.722415],[139.880952,35.722502],[139.88093,35.722547],[139.880905,35.722584],[139.880892,35.722602],[139.880864,35.722641],[139.880714,35.722853],[139.880285,35.723553],[139.880235,35.723533],[139.879424,35.723204],[139.879625,35.722812],[139.879802,35.72245],[139.879915,35.72222],[139.879908,35.722157],[139.880057,35.721853],[139.880098,35.721768],[139.880122,35.72172]]]},"properties":{}},{"type":"Feature","geometry":{"type":"Polygon","coordinates":[[[139.879424,35.723204],[139.880235,35.723533],[139.880285,35.723553],[139.880113,35.723817],[139.88008,35.723865],[139.879672,35.724512],[139.879615,35.724489],[139.878896,35.724206],[139.879296,35.723455],[139.879314,35.72342],[139.879424,35.723204]]]},"properties":{}},{"type":"Feature","geometry":{"type":"Polygon","coordinates":[[[139.878896,35.724206],[139.879615,35.724489],[139.879672,35.724512],[139.879638,35.724563],[139.879392,35.724925],[139.879379,35.724945],[139.879341,35.724931],[139.878638,35.724664],[139.878896,35.724206]]]},"properties":{}},{"type":"Feature","geometry":{"type":"Polygon","coordinates":[[[139.878902,35.731393],[139.879518,35.731809],[139.87948,35.731827],[139.879064,35.732028],[139.879032,35.732039],[139.878724,35.73208],[139.87843,35.732112],[139.87832,35.732082],[139.878141,35.731944],[139.877968,35.731877],[139.878042,35.731567],[139.878046,35.731529],[139.878082,35.73152],[139.87841,35.731538],[139.878635,35.731551],[139.878868,35.731413],[139.878902,35.731393]]]},"properties":{}},{"type":"Feature","geometry":{"type":"Polygon","coordinates":[[[139.878046,35.731529],[139.877838,35.731516],[139.877809,35.731487],[139.877896,35.730753],[139.877903,35.730697],[139.878124,35.730847],[139.878485,35.73111],[139.878902,35.731393],[139.878868,35.731413],[139.878635,35.731551],[139.87841,35.731538],[139.878082,35.73152],[139.878046,35.731529]]]},"properties":{}},{"type":"Feature","geometry":{"type":"Polygon","coordinates":[[[139.879135,35.728133],[139.879182,35.727774],[139.880034,35.727767],[139.879992,35.728103],[139.879606,35.728139],[139.879135,35.728133]]]},"properties":{}},{"type":"Feature","geometry":{"type":"Polygon","coordinates":[[[139.882408,35.728208],[139.882725,35.727396],[139.883396,35.727437],[139.883281,35.727817],[139.883131,35.728314],[139.882846,35.728271],[139.882447,35.728217],[139.882408,35.728208]]]},"properties":{}},{"type":"Feature","geometry":{"type":"Polygon","coordinates":[[[139.883131,35.728314],[139.883281,35.727817],[139.884132,35.727874],[139.884051,35.728212],[139.883994,35.728415],[139.883531,35.728342],[139.883421,35.728324],[139.883131,35.728314]]]},"properties":{}},{"type":"Feature","geometry":{"type":"Polygon","coordinates":[[[139.883531,35.728342],[139.883319,35.728893],[139.883298,35.728911],[139.883235,35.72913],[139.883193,35.72912],[139.882912,35.729053],[139.882937,35.728988],[139.883049,35.728613],[139.883131,35.728314],[139.883421,35.728324],[139.883531,35.728342]]]},"properties":{}},{"type":"Feature","geometry":{"type":"Polygon","coordinates":[[[139.883994,35.728415],[139.883923,35.728708],[139.883907,35.728749],[139.883863,35.728936],[139.883319,35.728893],[139.883531,35.728342],[139.883994,35.728415]]]},"properties":{}},{"type":"Feature","geometry":{"type":"Polygon","coordinates":[[[139.883396,35.727437],[139.884224,35.727481],[139.884132,35.727874],[139.883281,35.727817],[139.883396,35.727437]]]},"properties":{}},{"type":"Feature","geometry":{"type":"Polygon","coordinates":[[[139.883396,35.727437],[139.882725,35.727396],[139.882957,35.72688],[139.882982,35.726824],[139.883252,35.726224],[139.883612,35.726508],[139.883669,35.726544],[139.883543,35.726957],[139.883396,35.727437]]]},"properties":{}},{"type":"Feature","geometry":{"type":"Polygon","coordinates":[[[139.883669,35.726544],[139.884424,35.726914],[139.884376,35.727031],[139.884321,35.727193],[139.884224,35.727481],[139.883396,35.727437],[139.883543,35.726957],[139.883669,35.726544]]]},"properties":{}},{"type":"Feature","geometry":{"type":"Polygon","coordinates":[[[139.88584,35.727991],[139.885563,35.727748],[139.885528,35.727726],[139.884992,35.727513],[139.884908,35.72748],[139.884655,35.727478],[139.884224,35.727481],[139.884321,35.727193],[139.884376,35.727031],[139.884424,35.726914],[139.884475,35.726755],[139.884513,35.726719],[139.884954,35.72641],[139.885011,35.72637],[139.885103,35.726458],[139.885437,35.726773],[139.885456,35.726792],[139.885801,35.72713],[139.886281,35.727602],[139.886351,35.727671],[139.886287,35.72768],[139.886273,35.727683],[139.885886,35.727989],[139.885861,35.728009],[139.88584,35.727991]]]},"properties":{}},{"type":"Feature","geometry":{"type":"Polygon","coordinates":[[[139.88348,35.731241],[139.883964,35.731373],[139.88411,35.731519],[139.883387,35.73204],[139.883349,35.731911],[139.883461,35.731339],[139.88348,35.731241]]]},"properties":{}},{"type":"Feature","geometry":{"type":"Polygon","coordinates":[[[139.883235,35.72913],[139.883298,35.728911],[139.883319,35.728893],[139.883863,35.728936],[139.88378,35.729259],[139.883235,35.72913]]]},"properties":{}},{"type":"Feature","geometry":{"type":"Polygon","coordinates":[[[139.886953,35.734933],[139.886468,35.73481],[139.886283,35.734771],[139.88593,35.734766],[139.885995,35.734276],[139.887057,35.734378],[139.886981,35.734873],[139.886953,35.734933]]]},"properties":{}},{"type":"Feature","geometry":{"type":"Polygon","coordinates":[[[139.887057,35.734378],[139.887404,35.734412],[139.888234,35.734487],[139.888187,35.734808],[139.88814,35.735166],[139.888119,35.735207],[139.887672,35.735101],[139.887263,35.735004],[139.886953,35.734933],[139.886981,35.734873],[139.887057,35.734378]]]},"properties":{}},{"type":"Feature","geometry":{"type":"Polygon","coordinates":[[[139.887057,35.734378],[139.885995,35.734276],[139.886053,35.733869],[139.887113,35.733969],[139.887057,35.734378]]]},"properties":{}},{"type":"Feature","geometry":{"type":"Polygon","coordinates":[[[139.887113,35.733969],[139.88828,35.73408],[139.888234,35.734487],[139.887404,35.734412],[139.887057,35.734378],[139.887113,35.733969]]]},"properties":{}},{"type":"Feature","geometry":{"type":"Polygon","coordinates":[[[139.887252,35.733023],[139.886878,35.732987],[139.886491,35.733064],[139.886263,35.733007],[139.886276,35.732953],[139.886442,35.732484],[139.886451,35.732442],[139.88673,35.732468],[139.887323,35.732524],[139.88728,35.732828],[139.887252,35.733023]]]},"properties":{}},{"type":"Feature","geometry":{"type":"Polygon","coordinates":[[[139.887323,35.732524],[139.887908,35.732581],[139.888487,35.732637],[139.888412,35.733135],[139.887835,35.733084],[139.887252,35.733023],[139.88728,35.732828],[139.887323,35.732524]]]},"properties":{}},{"type":"Feature","geometry":{"type":"Polygon","coordinates":[[[139.887323,35.732524],[139.88673,35.732468],[139.886451,35.732442],[139.886474,35.732296],[139.886609,35.731913],[139.887404,35.731983],[139.887362,35.73226],[139.887323,35.732524]]]},"properties":{}},{"type":"Feature","geometry":{"type":"Polygon","coordinates":[[[139.887404,35.731983],[139.887992,35.732041],[139.888568,35.732099],[139.888487,35.732637],[139.887908,35.732581],[139.887323,35.732524],[139.887362,35.73226],[139.887404,35.731983]]]},"properties":{}},{"type":"Feature","geometry":{"type":"Polygon","coordinates":[[[139.887404,35.731983],[139.886609,35.731913],[139.886703,35.731596],[139.886745,35.731454],[139.886792,35.731361],[139.887144,35.731365],[139.887491,35.731371],[139.887445,35.731698],[139.887404,35.731983]]]},"properties":{}},{"type":"Feature","geometry":{"type":"Polygon","coordinates":[[[139.887491,35.731371],[139.887973,35.731423],[139.888075,35.731439],[139.888273,35.731466],[139.888652,35.731518],[139.888607,35.731831],[139.888568,35.732099],[139.887992,35.732041],[139.887404,35.731983],[139.887445,35.731698],[139.887491,35.731371]]]},"properties":{}},{"type":"Feature","geometry":{"type":"Polygon","coordinates":[[[139.887491,35.731371],[139.887144,35.731365],[139.886792,35.731361],[139.8868,35.731335],[139.887036,35.730536],[139.887287,35.730581],[139.887615,35.730642],[139.887496,35.731339],[139.887491,35.731371]]]},"properties":{}},{"type":"Feature","geometry":{"type":"Polygon","coordinates":[[[139.887615,35.730642],[139.887961,35.730794],[139.888279,35.730932],[139.888263,35.730957],[139.887991,35.731395],[139.887973,35.731423],[139.887491,35.731371],[139.887496,35.731339],[139.887615,35.730642]]]},"properties":{}},{"type":"Feature","geometry":{"type":"Polygon","coordinates":[[[139.884532,35.734811],[139.884713,35.734657],[139.884908,35.734734],[139.885203,35.734742],[139.885302,35.734742],[139.885163,35.735099],[139.885088,35.735069],[139.884838,35.734963],[139.884532,35.734811]]]},"properties":{}},{"type":"Feature","geometry":{"type":"Polygon","coordinates":[[[139.887801,35.735793],[139.888006,35.735416],[139.888477,35.735627],[139.889186,35.735657],[139.889183,35.735694],[139.889181,35.735719],[139.889171,35.735868],[139.888629,35.73586],[139.888151,35.735833],[139.887801,35.735793]]]},"properties":{}},{"type":"Feature","geometry":{"type":"Polygon","coordinates":[[[139.886727,35.735604],[139.886823,35.73536],[139.886883,35.735206],[139.886953,35.734933],[139.887263,35.735004],[139.887672,35.735101],[139.888119,35.735207],[139.888006,35.735416],[139.887801,35.735793],[139.887392,35.735735],[139.887064,35.735674],[139.886727,35.735604]]]},"properties":{}},{"type":"Feature","geometry":{"type":"Polygon","coordinates":[[[139.885842,35.735361],[139.88593,35.734766],[139.886283,35.734771],[139.886468,35.73481],[139.886953,35.734933],[139.886883,35.735206],[139.886823,35.73536],[139.886727,35.735604],[139.886053,35.735424],[139.885842,35.735361]]]},"properties":{}},{"type":"Feature","geometry":{"type":"Polygon","coordinates":[[[139.885163,35.735099],[139.885302,35.734742],[139.885362,35.734744],[139.885896,35.734765],[139.88593,35.734766],[139.885842,35.735361],[139.885807,35.735348],[139.885479,35.735225],[139.885225,35.735127],[139.885163,35.735099]]]},"properties":{}},{"type":"Feature","geometry":{"type":"Polygon","coordinates":[[[139.885782,35.735975],[139.886657,35.736231],[139.886493,35.736592],[139.886472,35.736638],[139.885959,35.736493],[139.885676,35.736412],[139.885687,35.736359],[139.885741,35.736086],[139.885782,35.735975]]]},"properties":{}},{"type":"Feature","geometry":{"type":"Polygon","coordinates":[[[139.885302,35.734742],[139.8855,35.734227],[139.885562,35.734233],[139.885961,35.734273],[139.885995,35.734276],[139.88593,35.734766],[139.885896,35.734765],[139.885362,35.734744],[139.885302,35.734742]]]},"properties":{}},{"type":"Feature","geometry":{"type":"Polygon","coordinates":[[[139.885995,35.734276],[139.885961,35.734273],[139.885562,35.734233],[139.8855,35.734227],[139.88554,35.734108],[139.885649,35.733826],[139.885689,35.733831],[139.886019,35.733866],[139.886053,35.733869],[139.885995,35.734276]]]},"properties":{}},{"type":"Feature","geometry":{"type":"Polygon","coordinates":[[[139.889362,35.734184],[139.889377,35.73422],[139.889314,35.734564],[139.888234,35.734487],[139.88828,35.73408],[139.889362,35.734184]]]},"properties":{}},{"type":"Feature","geometry":{"type":"Polygon","coordinates":[[[139.889314,35.734564],[139.88927,35.734779],[139.889233,35.735125],[139.889194,35.735511],[139.889186,35.735657],[139.888477,35.735627],[139.888006,35.735416],[139.888119,35.735207],[139.88814,35.735166],[139.888187,35.734808],[139.888234,35.734487],[139.889314,35.734564]]]},"properties":{}},{"type":"Feature","geometry":{"type":"Polygon","coordinates":[[[139.880559,35.729807],[139.880644,35.729988],[139.880672,35.730074],[139.88067,35.73036],[139.880575,35.730463],[139.880377,35.730532],[139.880317,35.730609],[139.880145,35.730584],[139.880048,35.73057],[139.879669,35.730585],[139.87966,35.729676],[139.879783,35.72968],[139.879817,35.729693],[139.879947,35.729757],[139.880113,35.729793],[139.880254,35.729816],[139.880559,35.729807]]]},"properties":{}},{"type":"Feature","geometry":{"type":"Polygon","coordinates":[[[139.87984,35.731743],[139.880069,35.731894],[139.88062,35.732268],[139.880578,35.732303],[139.880434,35.732208],[139.879712,35.731718],[139.879752,35.731682],[139.87984,35.731743]]]},"properties":{}},{"type":"Feature","geometry":{"type":"Polygon","coordinates":[[[139.878141,35.731944],[139.87832,35.732082],[139.87843,35.732112],[139.878724,35.73208],[139.878763,35.732499],[139.878582,35.732505],[139.878112,35.732579],[139.878005,35.73259],[139.878002,35.732479],[139.878058,35.732146],[139.878141,35.731944]]]},"properties":{}},{"type":"Feature","geometry":{"type":"Polygon","coordinates":[[[139.878005,35.73259],[139.877661,35.732635],[139.877452,35.732642],[139.877458,35.732409],[139.877372,35.731886],[139.877834,35.731898],[139.877968,35.731877],[139.878141,35.731944],[139.878058,35.732146],[139.878002,35.732479],[139.878005,35.73259]]]},"properties":{}},{"type":"Feature","geometry":{"type":"Polygon","coordinates":[[[139.874727,35.730829],[139.875128,35.730769],[139.875388,35.730737],[139.875413,35.730734],[139.875508,35.730733],[139.875508,35.730781],[139.875512,35.731066],[139.875514,35.731222],[139.875517,35.731311],[139.875519,35.731442],[139.875527,35.731762],[139.875444,35.731757],[139.87543,35.731756],[139.875259,35.731747],[139.875234,35.731756],[139.874743,35.731424],[139.874732,35.731162],[139.874728,35.730878],[139.874727,35.730829]]]},"properties":{}},{"type":"Feature","geometry":{"type":"Polygon","coordinates":[[[139.875234,35.731756],[139.875259,35.731747],[139.87543,35.731756],[139.875444,35.731757],[139.875527,35.731762],[139.875525,35.731869],[139.875523,35.731932],[139.875516,35.731962],[139.87544,35.731906],[139.875234,35.731756]]]},"properties":{}},{"type":"Feature","geometry":{"type":"Polygon","coordinates":[[[139.878763,35.732499],[139.878735,35.732646],[139.878718,35.732711],[139.878728,35.732873],[139.878739,35.733062],[139.878755,35.733415],[139.87838,35.733402],[139.878166,35.733393],[139.878134,35.73291],[139.878112,35.732579],[139.878582,35.732505],[139.878763,35.732499]]]},"properties":{}},{"type":"Feature","geometry":{"type":"Polygon","coordinates":[[[139.878112,35.732579],[139.878134,35.73291],[139.878166,35.733393],[139.877712,35.733378],[139.877568,35.733376],[139.877472,35.733374],[139.877116,35.733134],[139.876937,35.733007],[139.876957,35.732942],[139.876962,35.732897],[139.87699,35.732662],[139.877452,35.732642],[139.877661,35.732635],[139.878005,35.73259],[139.878112,35.732579]]]},"properties":{}},{"type":"Feature","geometry":{"type":"Polygon","coordinates":[[[139.87699,35.732662],[139.877054,35.732258],[139.877094,35.732099],[139.877098,35.73187],[139.877372,35.731886],[139.877458,35.732409],[139.877452,35.732642],[139.87699,35.732662]]]},"properties":{}},{"type":"Feature","geometry":{"type":"Polygon","coordinates":[[[139.876814,35.734033],[139.876849,35.733738],[139.876922,35.733227],[139.876929,35.733191],[139.876941,35.733129],[139.877043,35.733197],[139.877913,35.7338],[139.877869,35.733845],[139.877674,35.734047],[139.877648,35.734057],[139.877227,35.734046],[139.876814,35.734033]]]},"properties":{}},{"type":"Feature","geometry":{"type":"Polygon","coordinates":[[[139.877227,35.734046],[139.877648,35.734057],[139.877645,35.734405],[139.877645,35.73446],[139.87711,35.734445],[139.876835,35.734437],[139.876755,35.734435],[139.876762,35.734383],[139.876814,35.734033],[139.877227,35.734046]]]},"properties":{}},{"type":"Feature","geometry":{"type":"Polygon","coordinates":[[[139.877913,35.7338],[139.87807,35.733909],[139.878091,35.733924],[139.878772,35.734397],[139.878869,35.73445],[139.878975,35.734499],[139.878841,35.734495],[139.877645,35.73446],[139.877645,35.734405],[139.877648,35.734057],[139.877674,35.734047],[139.877869,35.733845],[139.877913,35.7338]]]},"properties":{}},{"type":"Feature","geometry":{"type":"Polygon","coordinates":[[[139.878759,35.734275],[139.878162,35.733857],[139.878138,35.73384],[139.877472,35.733374],[139.877568,35.733376],[139.877712,35.733378],[139.878166,35.733393],[139.87838,35.733402],[139.878755,35.733415],[139.87878,35.734218],[139.878759,35.734275]]]},"properties":{}},{"type":"Feature","geometry":{"type":"Polygon","coordinates":[[[139.878755,35.733415],[139.879553,35.73345],[139.879933,35.733565],[139.879836,35.733782],[139.879718,35.734042],[139.879578,35.734352],[139.879496,35.734533],[139.879476,35.734578],[139.879436,35.734567],[139.879111,35.734473],[139.878957,35.734404],[139.878868,35.734355],[139.878759,35.734275],[139.87878,35.734218],[139.878755,35.733415]]]},"properties":{}},{"type":"Feature","geometry":{"type":"Polygon","coordinates":[[[139.878739,35.733062],[139.879165,35.733033],[139.879149,35.732683],[139.879131,35.732625],[139.878735,35.732646],[139.878763,35.732499],[139.878724,35.73208],[139.879032,35.732039],[139.879064,35.732028],[139.87948,35.731827],[139.879518,35.731809],[139.879571,35.731845],[139.879753,35.731969],[139.880095,35.732222],[139.880253,35.732349],[139.880348,35.732446],[139.880376,35.732473],[139.880353,35.732509],[139.880333,35.73254],[139.880128,35.733087],[139.880017,35.733369],[139.879933,35.733565],[139.879553,35.73345],[139.878755,35.733415],[139.878739,35.733062]]]},"properties":{}},{"type":"Feature","geometry":{"type":"Polygon","coordinates":[[[139.878735,35.732646],[139.879131,35.732625],[139.879149,35.732683],[139.879165,35.733033],[139.878739,35.733062],[139.878728,35.732873],[139.878718,35.732711],[139.878735,35.732646]]]},"properties":{}},{"type":"Feature","geometry":{"type":"Polygon","coordinates":[[[139.877296,35.730377],[139.87734,35.730379],[139.877403,35.730365],[139.877472,35.730414],[139.877903,35.730697],[139.877896,35.730753],[139.877809,35.731487],[139.877838,35.731516],[139.878046,35.731529],[139.878042,35.731567],[139.877968,35.731877],[139.877834,35.731898],[139.877372,35.731886],[139.877098,35.73187],[139.877134,35.731546],[139.877224,35.730907],[139.877296,35.730377]]]},"properties":{}},{"type":"Feature","geometry":{"type":"Polygon","coordinates":[[[139.875547,35.732158],[139.876095,35.732552],[139.876188,35.732618],[139.876166,35.732675],[139.876084,35.732889],[139.876038,35.732874],[139.875859,35.732814],[139.875587,35.732726],[139.875551,35.732715],[139.875548,35.732629],[139.875548,35.732399],[139.875547,35.732366],[139.875548,35.732248],[139.875547,35.732158]]]},"properties":{}},{"type":"Feature","geometry":{"type":"Polygon","coordinates":[[[139.875551,35.732715],[139.87556,35.733061],[139.875473,35.733064],[139.875257,35.733068],[139.875004,35.733069],[139.874449,35.733079],[139.874458,35.732814],[139.874477,35.732646],[139.87452,35.732369],[139.874761,35.732369],[139.875466,35.732367],[139.87552,35.732366],[139.875547,35.732366],[139.875548,35.732399],[139.875548,35.732629],[139.875551,35.732715]]]},"properties":{}},{"type":"Feature","geometry":{"type":"Polygon","coordinates":[[[139.875551,35.732715],[139.875587,35.732726],[139.875859,35.732814],[139.876038,35.732874],[139.876084,35.732889],[139.876023,35.73306],[139.87596,35.73306],[139.875601,35.733062],[139.87556,35.733061],[139.875551,35.732715]]]},"properties":{}},{"type":"Feature","geometry":{"type":"Polygon","coordinates":[[[139.87556,35.733061],[139.875601,35.733062],[139.87596,35.73306],[139.876023,35.73306],[139.875775,35.733594],[139.875719,35.733506],[139.875604,35.733316],[139.875577,35.733262],[139.875564,35.733206],[139.87556,35.733061]]]},"properties":{}},{"type":"Feature","geometry":{"type":"Polygon","coordinates":[[[139.875775,35.733594],[139.875662,35.733817],[139.875577,35.73381],[139.874449,35.73383],[139.874438,35.733399],[139.874449,35.733079],[139.875004,35.733069],[139.875257,35.733068],[139.875473,35.733064],[139.87556,35.733061],[139.875564,35.733206],[139.875577,35.733262],[139.875604,35.733316],[139.875719,35.733506],[139.875775,35.733594]]]},"properties":{}},{"type":"Feature","geometry":{"type":"Polygon","coordinates":[[[139.875775,35.733594],[139.876023,35.73306],[139.876084,35.732889],[139.876166,35.732675],[139.876188,35.732618],[139.876261,35.732668],[139.876941,35.733129],[139.876929,35.733191],[139.876922,35.733227],[139.876849,35.733738],[139.875847,35.733677],[139.875833,35.733671],[139.875806,35.733635],[139.875775,35.733594]]]},"properties":{}},{"type":"Feature","geometry":{"type":"Polygon","coordinates":[[[139.875847,35.733677],[139.875831,35.734354],[139.87583,35.734406],[139.875526,35.734399],[139.875395,35.734396],[139.875425,35.73433],[139.875662,35.733817],[139.875775,35.733594],[139.875806,35.733635],[139.875833,35.733671],[139.875847,35.733677]]]},"properties":{}},{"type":"Feature","geometry":{"type":"Polygon","coordinates":[[[139.876849,35.733738],[139.876814,35.734033],[139.876762,35.734383],[139.876755,35.734435],[139.876389,35.734424],[139.87583,35.734406],[139.875831,35.734354],[139.875847,35.733677],[139.876849,35.733738]]]},"properties":{}},{"type":"Feature","geometry":{"type":"Polygon","coordinates":[[[139.872168,35.735862],[139.872133,35.73626],[139.871076,35.736196],[139.871105,35.735796],[139.872168,35.735862]]]},"properties":{}},{"type":"Feature","geometry":{"type":"Polygon","coordinates":[[[139.871105,35.735796],[139.871142,35.735398],[139.871468,35.735414],[139.872206,35.735458],[139.872168,35.735862],[139.871105,35.735796]]]},"properties":{}},{"type":"Feature","geometry":{"type":"Polygon","coordinates":[[[139.871105,35.735796],[139.871076,35.736196],[139.870866,35.736185],[139.870925,35.735785],[139.871105,35.735796]]]},"properties":{}},{"type":"Feature","geometry":{"type":"Polygon","coordinates":[[[139.870925,35.735785],[139.870979,35.735335],[139.871098,35.735382],[139.871142,35.735398],[139.871105,35.735796],[139.870925,35.735785]]]},"properties":{}},{"type":"Feature","geometry":{"type":"Polygon","coordinates":[[[139.870925,35.735785],[139.870866,35.736185],[139.870272,35.736152],[139.870569,35.735766],[139.870925,35.735785]]]},"properties":{}},{"type":"Feature","geometry":{"type":"Polygon","coordinates":[[[139.870569,35.735766],[139.870985,35.735225],[139.870979,35.735335],[139.870925,35.735785],[139.870569,35.735766]]]},"properties":{}},{"type":"Feature","geometry":{"type":"Polygon","coordinates":[[[139.877907,35.730622],[139.878004,35.730689],[139.878756,35.73121],[139.879528,35.731755],[139.879608,35.731811],[139.879571,35.731845],[139.879518,35.731809],[139.878902,35.731393],[139.878485,35.73111],[139.878124,35.730847],[139.877903,35.730697],[139.877907,35.730622]]]},"properties":{}},{"type":"Feature","geometry":{"type":"Polygon","coordinates":[[[139.877909,35.730577],[139.878024,35.730657],[139.878786,35.731184],[139.879558,35.731727],[139.879639,35.731784],[139.879608,35.731811],[139.879528,35.731755],[139.878756,35.73121],[139.878004,35.730689],[139.877907,35.730622],[139.877909,35.730577]]]},"properties":{}},{"type":"Feature","geometry":{"type":"Polygon","coordinates":[[[139.877912,35.730508],[139.878057,35.730612],[139.878824,35.731148],[139.8796,35.731694],[139.879678,35.731749],[139.879639,35.731784],[139.879558,35.731727],[139.878786,35.731184],[139.878024,35.730657],[139.877909,35.730577],[139.877912,35.730508]]]},"properties":{}},{"type":"Feature","geometry":{"type":"Polygon","coordinates":[[[139.877914,35.730466],[139.878077,35.730582],[139.878849,35.731124],[139.87964,35.731668],[139.879712,35.731718],[139.879678,35.731749],[139.8796,35.731694],[139.878824,35.731148],[139.878057,35.730612],[139.877912,35.730508],[139.877914,35.730466]]]},"properties":{}},{"type":"Feature","geometry":{"type":"Polygon","coordinates":[[[139.879571,35.731845],[139.879608,35.731811],[139.88032,35.732317],[139.880449,35.732412],[139.880428,35.732429],[139.880376,35.732473],[139.880348,35.732446],[139.880253,35.732349],[139.880095,35.732222],[139.879753,35.731969],[139.879571,35.731845]]]},"properties":{}},{"type":"Feature","geometry":{"type":"Polygon","coordinates":[[[139.871291,35.734858],[139.871427,35.734686],[139.87157,35.734864],[139.871468,35.735414],[139.871142,35.735398],[139.871098,35.735382],[139.870979,35.735335],[139.870985,35.735225],[139.871049,35.735152],[139.871291,35.734858]]]},"properties":{}},{"type":"Feature","geometry":{"type":"Polygon","coordinates":[[[139.87449,35.73437],[139.874463,35.734316],[139.874451,35.734088],[139.874449,35.73383],[139.875577,35.73381],[139.875662,35.733817],[139.875425,35.73433],[139.875395,35.734396],[139.875218,35.734392],[139.875017,35.734387],[139.87449,35.73437]]]},"properties":{}},{"type":"Feature","geometry":{"type":"Polygon","coordinates":[[[139.875395,35.734396],[139.875338,35.734459],[139.875097,35.734867],[139.874882,35.735202],[139.874843,35.735257],[139.874793,35.735248],[139.874609,35.735213],[139.874584,35.735202],[139.874578,35.73518],[139.874592,35.734728],[139.874588,35.734693],[139.87457,35.734589],[139.874538,35.734487],[139.874513,35.734426],[139.87449,35.73437],[139.875017,35.734387],[139.875218,35.734392],[139.875395,35.734396]]]},"properties":{}},{"type":"Feature","geometry":{"type":"Polygon","coordinates":[[[139.87583,35.734406],[139.875828,35.734461],[139.875808,35.735041],[139.875797,35.735292],[139.874962,35.735268],[139.874918,35.735267],[139.875268,35.734718],[139.875355,35.734567],[139.8754,35.734462],[139.875395,35.734396],[139.875526,35.734399],[139.87583,35.734406]]]},"properties":{}},{"type":"Feature","geometry":{"type":"Polygon","coordinates":[[[139.876755,35.734435],[139.876748,35.734489],[139.876691,35.734995],[139.876405,35.73505],[139.876375,35.735057],[139.875808,35.735041],[139.875828,35.734461],[139.87583,35.734406],[139.876389,35.734424],[139.876755,35.734435]]]},"properties":{}},{"type":"Feature","geometry":{"type":"Polygon","coordinates":[[[139.875797,35.735292],[139.875808,35.735041],[139.876375,35.735057],[139.876405,35.73505],[139.876691,35.734995],[139.876797,35.734981],[139.876898,35.734968],[139.877045,35.734954],[139.877188,35.734942],[139.877232,35.734951],[139.877264,35.734957],[139.878037,35.735199],[139.877871,35.735564],[139.877765,35.735796],[139.877605,35.736146],[139.877589,35.736181],[139.877315,35.736095],[139.877041,35.73601],[139.876641,35.735891],[139.876489,35.735844],[139.875776,35.735822],[139.875797,35.735292]]]},"properties":{}},{"type":"Feature","geometry":{"type":"Polygon","coordinates":[[[139.87477,35.73535],[139.874843,35.735257],[139.874882,35.735202],[139.875097,35.734867],[139.875338,35.734459],[139.875395,35.734396],[139.8754,35.734462],[139.875355,35.734567],[139.875268,35.734718],[139.874918,35.735267],[139.874739,35.735494],[139.874732,35.735452],[139.874745,35.7354],[139.87477,35.73535]]]},"properties":{}},{"type":"Feature","geometry":{"type":"Polygon","coordinates":[[[139.874739,35.735494],[139.874664,35.735507],[139.874607,35.735561],[139.87477,35.73535],[139.874745,35.7354],[139.874732,35.735452],[139.874739,35.735494]]]},"properties":{}},{"type":"Feature","geometry":{"type":"Polygon","coordinates":[[[139.894861,35.735693],[139.894921,35.735762],[139.894732,35.735825],[139.894694,35.735746],[139.894861,35.735693]]]},"properties":{}},{"type":"Feature","geometry":{"type":"Polygon","coordinates":[[[139.894694,35.735746],[139.89462,35.73577],[139.894202,35.735903],[139.893768,35.736045],[139.893745,35.735994],[139.893744,35.735965],[139.893922,35.73529],[139.89395,35.734999],[139.893998,35.734973],[139.894029,35.734954],[139.894074,35.734926],[139.894282,35.735123],[139.894334,35.735177],[139.89452,35.735361],[139.894713,35.735549],[139.894777,35.735611],[139.894861,35.735693],[139.894694,35.735746]]]},"properties":{}},{"type":"Feature","geometry":{"type":"Polygon","coordinates":[[[139.875746,35.736596],[139.876133,35.736603],[139.876117,35.737049],[139.875746,35.73713],[139.875714,35.737153],[139.875728,35.737026],[139.875746,35.736596]]]},"properties":{}},{"type":"Feature","geometry":{"type":"Polygon","coordinates":[[[139.875776,35.735822],[139.876489,35.735844],[139.876499,35.735879],[139.876539,35.7362],[139.876555,35.736323],[139.876574,35.736437],[139.876602,35.736612],[139.876372,35.73661],[139.876133,35.736603],[139.875746,35.736596],[139.875775,35.735854],[139.875776,35.735822]]]},"properties":{}},{"type":"Feature","geometry":{"type":"Polygon","coordinates":[[[139.872257,35.734926],[139.872206,35.735458],[139.871468,35.735414],[139.87157,35.734864],[139.87159,35.734889],[139.872257,35.734926]]]},"properties":{}},{"type":"Feature","geometry":{"type":"Polygon","coordinates":[[[139.880578,35.732303],[139.881206,35.732713],[139.881735,35.733077],[139.8819,35.733184],[139.88206,35.733289],[139.882928,35.733887],[139.883155,35.734037],[139.883112,35.734127],[139.882844,35.733973],[139.881959,35.733397],[139.881807,35.733289],[139.881114,35.732795],[139.880817,35.732579],[139.880518,35.732354],[139.880578,35.732303]]]},"properties":{}},{"type":"Feature","geometry":{"type":"Polygon","coordinates":[[[139.880518,35.732354],[139.880383,35.732252],[139.879678,35.731749],[139.879712,35.731718],[139.880434,35.732208],[139.880578,35.732303],[139.880518,35.732354]]]},"properties":{}},{"type":"Feature","geometry":{"type":"Polygon","coordinates":[[[139.880518,35.732354],[139.880817,35.732579],[139.881114,35.732795],[139.881807,35.733289],[139.881959,35.733397],[139.882844,35.733973],[139.883112,35.734127],[139.883095,35.734163],[139.882816,35.734001],[139.881927,35.733428],[139.881096,35.732842],[139.880731,35.732576],[139.880481,35.732385],[139.880518,35.732354]]]},"properties":{}},{"type":"Feature","geometry":{"type":"Polygon","coordinates":[[[139.880481,35.732385],[139.880351,35.732285],[139.879639,35.731784],[139.879678,35.731749],[139.880383,35.732252],[139.880518,35.732354],[139.880481,35.732385]]]},"properties":{}},{"type":"Feature","geometry":{"type":"Polygon","coordinates":[[[139.880481,35.732385],[139.880731,35.732576],[139.881096,35.732842],[139.881927,35.733428],[139.882816,35.734001],[139.883095,35.734163],[139.883078,35.734199],[139.882792,35.734033],[139.88189,35.73345],[139.881071,35.732872],[139.880449,35.732412],[139.880481,35.732385]]]},"properties":{}},{"type":"Feature","geometry":{"type":"Polygon","coordinates":[[[139.880449,35.732412],[139.88032,35.732317],[139.879608,35.731811],[139.879639,35.731784],[139.880351,35.732285],[139.880481,35.732385],[139.880449,35.732412]]]},"properties":{}},{"type":"Feature","geometry":{"type":"Polygon","coordinates":[[[139.880456,35.734967],[139.880495,35.734888],[139.880625,35.734928],[139.88151,35.735199],[139.882497,35.735501],[139.882473,35.735563],[139.881473,35.73527],[139.880588,35.735007],[139.880456,35.734967]]]},"properties":{}},{"type":"Feature","geometry":{"type":"Polygon","coordinates":[[[139.882473,35.735563],[139.882497,35.735501],[139.883437,35.735767],[139.883406,35.735841],[139.882473,35.735563]]]},"properties":{}},{"type":"Feature","geometry":{"type":"Polygon","coordinates":[[[139.883406,35.735841],[139.883437,35.735767],[139.884185,35.735982],[139.884601,35.736096],[139.884759,35.73614],[139.884731,35.736216],[139.884573,35.736172],[139.884149,35.736055],[139.883406,35.735841]]]},"properties":{}},{"type":"Feature","geometry":{"type":"Polygon","coordinates":[[[139.884731,35.736216],[139.884759,35.73614],[139.884906,35.736183],[139.88516,35.736258],[139.885676,35.736412],[139.885959,35.736493],[139.886472,35.736638],[139.887284,35.736874],[139.887362,35.736899],[139.88786,35.737048],[139.888799,35.737322],[139.888912,35.73735],[139.888904,35.737435],[139.888812,35.737412],[139.888185,35.737224],[139.887405,35.736996],[139.887329,35.736974],[139.887251,35.736951],[139.886573,35.736756],[139.885993,35.736589],[139.885926,35.736569],[139.885635,35.736481],[139.885254,35.736368],[139.884875,35.736258],[139.884731,35.736216]]]},"properties":{}},{"type":"Feature","geometry":{"type":"Polygon","coordinates":[[[139.870866,35.736185],[139.870801,35.736516],[139.87077,35.736644],[139.870745,35.736749],[139.870012,35.736494],[139.870272,35.736152],[139.870866,35.736185]]]},"properties":{}},{"type":"Feature","geometry":{"type":"Polygon","coordinates":[[[139.891148,35.736887],[139.890742,35.737013],[139.890134,35.737204],[139.890092,35.737124],[139.890116,35.736734],[139.890715,35.736556],[139.891066,35.73645],[139.891109,35.736801],[139.891148,35.736887]]]},"properties":{}},{"type":"Feature","geometry":{"type":"Polygon","coordinates":[[[139.891066,35.73645],[139.891757,35.736235],[139.891912,35.736187],[139.891937,35.736573],[139.891957,35.736622],[139.891148,35.736887],[139.891109,35.736801],[139.891066,35.73645]]]},"properties":{}},{"type":"Feature","geometry":{"type":"Polygon","coordinates":[[[139.891014,35.735988],[139.891532,35.735879],[139.891894,35.735787],[139.891912,35.736187],[139.891757,35.736235],[139.891066,35.73645],[139.891043,35.736257],[139.891014,35.735988]]]},"properties":{}},{"type":"Feature","geometry":{"type":"Polygon","coordinates":[[[139.87328,35.737395],[139.873288,35.737444],[139.872943,35.737956],[139.872901,35.73795],[139.872854,35.737938],[139.873223,35.737415],[139.87328,35.737395]]]},"properties":{}},{"type":"Feature","geometry":{"type":"Polygon","coordinates":[[[139.872854,35.737938],[139.872901,35.73795],[139.872943,35.737956],[139.872642,35.738433],[139.872306,35.738886],[139.872263,35.738877],[139.872219,35.738861],[139.872558,35.738393],[139.872854,35.737938]]]},"properties":{}},{"type":"Feature","geometry":{"type":"Polygon","coordinates":[[[139.872219,35.738861],[139.872192,35.738838],[139.87215,35.73871],[139.872132,35.738595],[139.87212,35.738499],[139.872096,35.73843],[139.872054,35.738309],[139.871868,35.737956],[139.872112,35.737896],[139.872442,35.737833],[139.872854,35.737938],[139.872558,35.738393],[139.872219,35.738861]]]},"properties":{}},{"type":"Feature","geometry":{"type":"Polygon","coordinates":[[[139.872958,35.739245],[139.872306,35.738886],[139.872642,35.738433],[139.872943,35.737956],[139.873316,35.738161],[139.87368,35.73836],[139.873306,35.738813],[139.872958,35.739245]]]},"properties":{}},{"type":"Feature","geometry":{"type":"Polygon","coordinates":[[[139.87368,35.73836],[139.874135,35.738611],[139.874586,35.738854],[139.874225,35.739291],[139.873868,35.739734],[139.87325,35.739403],[139.872958,35.739245],[139.873306,35.738813],[139.87368,35.73836]]]},"properties":{}},{"type":"Feature","geometry":{"type":"Polygon","coordinates":[[[139.87368,35.73836],[139.873316,35.738161],[139.872943,35.737956],[139.873288,35.737444],[139.87328,35.737395],[139.87348,35.737503],[139.87406,35.737818],[139.874106,35.737847],[139.87368,35.73836]]]},"properties":{}},{"type":"Feature","geometry":{"type":"Polygon","coordinates":[[[139.874106,35.737847],[139.874151,35.737878],[139.874557,35.738098],[139.875003,35.73834],[139.874586,35.738854],[139.874135,35.738611],[139.87368,35.73836],[139.874106,35.737847]]]},"properties":{}},{"type":"Feature","geometry":{"type":"Polygon","coordinates":[[[139.874106,35.737847],[139.87406,35.737818],[139.87348,35.737503],[139.87328,35.737395],[139.87376,35.736723],[139.873814,35.736736],[139.874204,35.736662],[139.874293,35.736657],[139.874333,35.736872],[139.874379,35.737179],[139.874454,35.737644],[139.874141,35.737815],[139.874106,35.737847]]]},"properties":{}},{"type":"Feature","geometry":{"type":"Polygon","coordinates":[[[139.874454,35.737644],[139.874606,35.73756],[139.875328,35.737949],[139.875003,35.73834],[139.874557,35.738098],[139.874151,35.737878],[139.874106,35.737847],[139.874141,35.737815],[139.874454,35.737644]]]},"properties":{}},{"type":"Feature","geometry":{"type":"Polygon","coordinates":[[[139.874586,35.738854],[139.875531,35.739351],[139.875522,35.739362],[139.875164,35.739804],[139.874793,35.740245],[139.873868,35.739734],[139.874225,35.739291],[139.874586,35.738854]]]},"properties":{}},{"type":"Feature","geometry":{"type":"Polygon","coordinates":[[[139.875003,35.73834],[139.875897,35.73883],[139.875945,35.738851],[139.875531,35.739351],[139.874586,35.738854],[139.875003,35.73834]]]},"properties":{}},{"type":"Feature","geometry":{"type":"Polygon","coordinates":[[[139.875328,35.737949],[139.875618,35.738109],[139.875929,35.738281],[139.87627,35.738466],[139.875945,35.738851],[139.875897,35.73883],[139.875003,35.73834],[139.875328,35.737949]]]},"properties":{}},{"type":"Feature","geometry":{"type":"Polygon","coordinates":[[[139.91099,35.736947],[139.911001,35.737024],[139.91017,35.737128],[139.909446,35.737254],[139.909442,35.737236],[139.90943,35.737176],[139.91099,35.736947]]]},"properties":{}},{"type":"Feature","geometry":{"type":"Polygon","coordinates":[[[139.90943,35.737176],[139.909416,35.737105],[139.909389,35.737],[139.90948,35.737031],[139.909687,35.737038],[139.909976,35.736993],[139.91039,35.736929],[139.910845,35.736866],[139.910976,35.736848],[139.91099,35.736947],[139.90943,35.737176]]]},"properties":{}},{"type":"Feature","geometry":{"type":"Polygon","coordinates":[[[139.90943,35.737176],[139.909442,35.737236],[139.909446,35.737254],[139.909397,35.737263],[139.909065,35.73732],[139.908631,35.737395],[139.907875,35.737492],[139.907862,35.737406],[139.90943,35.737176]]]},"properties":{}},{"type":"Feature","geometry":{"type":"Polygon","coordinates":[[[139.907862,35.737406],[139.90785,35.737318],[139.907844,35.737279],[139.908072,35.737197],[139.908279,35.737061],[139.908366,35.737018],[139.90849,35.737],[139.908791,35.737007],[139.909389,35.737],[139.909416,35.737105],[139.90943,35.737176],[139.907862,35.737406]]]},"properties":{}},{"type":"Feature","geometry":{"type":"Polygon","coordinates":[[[139.907862,35.737406],[139.907875,35.737492],[139.907817,35.737504],[139.90765,35.737569],[139.907557,35.737626],[139.907219,35.737896],[139.907107,35.737939],[139.906742,35.738044],[139.906307,35.738115],[139.905175,35.738118],[139.905172,35.73806],[139.905862,35.738039],[139.906561,35.737998],[139.907058,35.737886],[139.907746,35.737423],[139.907862,35.737406]]]},"properties":{}},{"type":"Feature","geometry":{"type":"Polygon","coordinates":[[[139.905172,35.73806],[139.905165,35.737952],[139.905521,35.737952],[139.906275,35.737948],[139.906607,35.737898],[139.907048,35.737786],[139.907404,35.737523],[139.907689,35.737356],[139.907844,35.737279],[139.90785,35.737318],[139.907862,35.737406],[139.907746,35.737423],[139.907058,35.737886],[139.906561,35.737998],[139.905862,35.738039],[139.905172,35.73806]]]},"properties":{}},{"type":"Feature","geometry":{"type":"Polygon","coordinates":[[[139.905172,35.73806],[139.905175,35.738118],[139.903677,35.738156],[139.903218,35.738155],[139.903062,35.738169],[139.90302,35.73817],[139.903024,35.738153],[139.90303,35.738134],[139.903107,35.73813],[139.903806,35.738102],[139.903901,35.738099],[139.905172,35.73806]]]},"properties":{}},{"type":"Feature","geometry":{"type":"Polygon","coordinates":[[[139.90303,35.738134],[139.903062,35.738033],[139.903069,35.738008],[139.903074,35.737995],[139.903112,35.737994],[139.903282,35.737995],[139.903677,35.737975],[139.904157,35.737955],[139.904826,35.737953],[139.905165,35.737952],[139.905172,35.73806],[139.903901,35.738099],[139.903806,35.738102],[139.903107,35.73813],[139.90303,35.738134]]]},"properties":{}},{"type":"Feature","geometry":{"type":"Polygon","coordinates":[[[139.902691,35.738147],[139.902662,35.738052],[139.902655,35.738032],[139.902621,35.737931],[139.902513,35.737613],[139.902412,35.737309],[139.902285,35.736927],[139.90239,35.736917],[139.902732,35.736815],[139.902928,35.737237],[139.903024,35.737456],[139.903057,35.737538],[139.903078,35.73762],[139.903089,35.737695],[139.903088,35.73781],[139.903088,35.737833],[139.903086,35.737911],[139.903082,35.737951],[139.903074,35.737995],[139.903069,35.738008],[139.903062,35.738033],[139.90303,35.738134],[139.902691,35.738147]]]},"properties":{}},{"type":"Feature","geometry":{"type":"Polygon","coordinates":[[[139.911004,35.70457],[139.911041,35.704223],[139.911042,35.704142],[139.911088,35.704118],[139.91171,35.703511],[139.911996,35.703539],[139.911952,35.703974],[139.911949,35.704011],[139.911938,35.70412],[139.911932,35.704173],[139.911921,35.704283],[139.911917,35.70433],[139.911884,35.704654],[139.911004,35.70457]]]},"properties":{}},{"type":"Feature","geometry":{"type":"Polygon","coordinates":[[[139.911884,35.704654],[139.912125,35.705226],[139.911758,35.705349],[139.911601,35.705379],[139.910789,35.705348],[139.910889,35.704976],[139.911004,35.70457],[139.911884,35.704654]]]},"properties":{}},{"type":"Feature","geometry":{"type":"Polygon","coordinates":[[[139.911884,35.704654],[139.911917,35.70433],[139.911921,35.704283],[139.911932,35.704173],[139.911938,35.70412],[139.911949,35.704011],[139.911952,35.703974],[139.911996,35.703539],[139.912795,35.703617],[139.912767,35.704101],[139.912754,35.70432],[139.912731,35.704726],[139.911884,35.704654]]]},"properties":{}},{"type":"Feature","geometry":{"type":"Polygon","coordinates":[[[139.912731,35.704726],[139.913545,35.704788],[139.913593,35.704792],[139.913488,35.705246],[139.913446,35.70543],[139.913439,35.705464],[139.913429,35.705517],[139.913426,35.70558],[139.913429,35.705602],[139.913433,35.705618],[139.913457,35.705651],[139.913369,35.705758],[139.913319,35.705817],[139.912896,35.706284],[139.912818,35.706358],[139.91273,35.706401],[139.912634,35.706421],[139.912225,35.706471],[139.911932,35.70651],[139.911921,35.706451],[139.91183,35.705982],[139.912272,35.705887],[139.912308,35.705881],[139.912214,35.705538],[139.912125,35.705226],[139.911884,35.704654],[139.912731,35.704726]]]},"properties":{}},{"type":"Feature","geometry":{"type":"Polygon","coordinates":[[[139.912731,35.704726],[139.912754,35.70432],[139.912767,35.704101],[139.912795,35.703617],[139.913289,35.703595],[139.91366,35.703661],[139.913789,35.703666],[139.913837,35.703668],[139.913825,35.703759],[139.913765,35.704019],[139.913724,35.704177],[139.913611,35.704695],[139.913593,35.704792],[139.913545,35.704788],[139.912731,35.704726]]]},"properties":{}},{"type":"Feature","geometry":{"type":"Polygon","coordinates":[[[139.911761,35.697995],[139.911837,35.698085],[139.911889,35.698158],[139.911929,35.698234],[139.911983,35.698387],[139.912002,35.698439],[139.912065,35.698621],[139.912141,35.698827],[139.911476,35.699184],[139.911459,35.699153],[139.911307,35.698889],[139.910965,35.698282],[139.910938,35.698247],[139.911336,35.698191],[139.911711,35.698],[139.911761,35.697995]]]},"properties":{}},{"type":"Feature","geometry":{"type":"Polygon","coordinates":[[[139.910938,35.698247],[139.910915,35.698217],[139.910898,35.698194],[139.910348,35.697117],[139.911151,35.696892],[139.91119,35.696882],[139.911229,35.696965],[139.911385,35.697303],[139.911547,35.697638],[139.911585,35.697722],[139.911761,35.697995],[139.911711,35.698],[139.911336,35.698191],[139.910938,35.698247]]]},"properties":{}},{"type":"Feature","geometry":{"type":"Polygon","coordinates":[[[139.910938,35.698247],[139.910965,35.698282],[139.911307,35.698889],[139.911459,35.699153],[139.911476,35.699184],[139.910836,35.699523],[139.91052,35.698979],[139.910165,35.698391],[139.910145,35.69836],[139.910938,35.698247]]]},"properties":{}},{"type":"Feature","geometry":{"type":"Polygon","coordinates":[[[139.910145,35.69836],[139.910128,35.698327],[139.909925,35.697915],[139.909619,35.69733],[139.910348,35.697117],[139.910898,35.698194],[139.910915,35.698217],[139.910938,35.698247],[139.910145,35.69836]]]},"properties":{}},{"type":"Feature","geometry":{"type":"Polygon","coordinates":[[[139.910145,35.69836],[139.910165,35.698391],[139.91052,35.698979],[139.910836,35.699523],[139.910157,35.699886],[139.909851,35.700043],[139.909835,35.699754],[139.90979,35.699349],[139.909563,35.698794],[139.909506,35.698654],[139.909483,35.698599],[139.9094,35.698511],[139.909386,35.698478],[139.909374,35.69845],[139.909439,35.698457],[139.910145,35.69836]]]},"properties":{}},{"type":"Feature","geometry":{"type":"Polygon","coordinates":[[[139.909374,35.69845],[139.909213,35.698423],[139.909017,35.697501],[139.90906,35.697489],[139.909619,35.69733],[139.909925,35.697915],[139.910128,35.698327],[139.910145,35.69836],[139.909439,35.698457],[139.909374,35.69845]]]},"properties":{}},{"type":"Feature","geometry":{"type":"Polygon","coordinates":[[[139.909374,35.69845],[139.909386,35.698478],[139.9094,35.698511],[139.909483,35.698599],[139.909506,35.698654],[139.909563,35.698794],[139.90979,35.699349],[139.909835,35.699754],[139.909851,35.700043],[139.909815,35.700065],[139.909275,35.700197],[139.909089,35.699801],[139.90891,35.699405],[139.908847,35.699265],[139.908796,35.699154],[139.908628,35.698812],[139.908612,35.698779],[139.908674,35.698736],[139.908999,35.698522],[139.909213,35.698423],[139.909374,35.69845]]]},"properties":{}},{"type":"Feature","geometry":{"type":"Polygon","coordinates":[[[139.908612,35.698779],[139.908315,35.698164],[139.90826,35.698062],[139.90805,35.697782],[139.908473,35.69766],[139.908597,35.697625],[139.909017,35.697501],[139.909213,35.698423],[139.908999,35.698522],[139.908674,35.698736],[139.908612,35.698779]]]},"properties":{}},{"type":"Feature","geometry":{"type":"Polygon","coordinates":[[[139.900601,35.709391],[139.900407,35.709396],[139.900206,35.709433],[139.899901,35.709495],[139.899919,35.709448],[139.900036,35.709137],[139.900126,35.70891],[139.901275,35.708921],[139.901204,35.709298],[139.901192,35.709314],[139.901153,35.709367],[139.900601,35.709391]]]},"properties":{}},{"type":"Feature","geometry":{"type":"Polygon","coordinates":[[[139.901153,35.709367],[139.901113,35.709428],[139.901125,35.710304],[139.900413,35.710271],[139.900544,35.70968],[139.900601,35.709391],[139.901153,35.709367]]]},"properties":{}},{"type":"Feature","geometry":{"type":"Polygon","coordinates":[[[139.901153,35.709367],[139.901192,35.709314],[139.901204,35.709298],[139.901275,35.708921],[139.902213,35.708906],[139.902188,35.709262],[139.902185,35.709277],[139.90217,35.709337],[139.90186,35.709343],[139.901153,35.709367]]]},"properties":{}},{"type":"Feature","geometry":{"type":"Polygon","coordinates":[[[139.90217,35.709337],[139.902152,35.709397],[139.9021,35.71035],[139.901816,35.710337],[139.901125,35.710304],[139.901113,35.709428],[139.901153,35.709367],[139.90186,35.709343],[139.90217,35.709337]]]},"properties":{}},{"type":"Feature","geometry":{"type":"Polygon","coordinates":[[[139.90217,35.709337],[139.902185,35.709277],[139.902188,35.709262],[139.902213,35.708906],[139.903132,35.708883],[139.903195,35.708882],[139.903105,35.709298],[139.90217,35.709337]]]},"properties":{}},{"type":"Feature","geometry":{"type":"Polygon","coordinates":[[[139.903105,35.709298],[139.903105,35.709688],[139.903094,35.709966],[139.903021,35.7104],[139.9021,35.71035],[139.902152,35.709397],[139.90217,35.709337],[139.903105,35.709298]]]},"properties":{}},{"type":"Feature","geometry":{"type":"Polygon","coordinates":[[[139.903105,35.709298],[139.903195,35.708882],[139.903274,35.708492],[139.903869,35.708506],[139.90377,35.709285],[139.90365,35.709287],[139.903105,35.709298]]]},"properties":{}},{"type":"Feature","geometry":{"type":"Polygon","coordinates":[[[139.90365,35.709287],[139.903701,35.709647],[139.903105,35.709688],[139.903105,35.709298],[139.90365,35.709287]]]},"properties":{}},{"type":"Feature","geometry":{"type":"Polygon","coordinates":[[[139.90377,35.709285],[139.904385,35.709265],[139.905138,35.70924],[139.90545,35.709229],[139.905437,35.709379],[139.90541,35.709454],[139.905349,35.70997],[139.904764,35.709771],[139.904213,35.709667],[139.903916,35.709627],[139.903701,35.709647],[139.90365,35.709287],[139.90377,35.709285]]]},"properties":{}},{"type":"Feature","geometry":{"type":"Polygon","coordinates":[[[139.90377,35.709285],[139.903869,35.708506],[139.904418,35.708529],[139.904396,35.708897],[139.904385,35.709265],[139.90377,35.709285]]]},"properties":{}},{"type":"Feature","geometry":{"type":"Polygon","coordinates":[[[139.904385,35.709265],[139.904396,35.708897],[139.90496,35.708899],[139.905464,35.708901],[139.90545,35.709229],[139.905138,35.70924],[139.904385,35.709265]]]},"properties":{}},{"type":"Feature","geometry":{"type":"Polygon","coordinates":[[[139.90545,35.709229],[139.905464,35.708901],[139.905513,35.708901],[139.906417,35.708905],[139.906471,35.708906],[139.906444,35.709195],[139.90608,35.709207],[139.905714,35.70922],[139.90545,35.709229]]]},"properties":{}},{"type":"Feature","geometry":{"type":"Polygon","coordinates":[[[139.90608,35.709207],[139.906184,35.710104],[139.905589,35.710181],[139.905293,35.710221],[139.905349,35.70997],[139.90541,35.709454],[139.905437,35.709379],[139.90545,35.709229],[139.905714,35.70922],[139.90608,35.709207]]]},"properties":{}},{"type":"Feature","geometry":{"type":"Polygon","coordinates":[[[139.906444,35.709195],[139.906896,35.709179],[139.907207,35.709169],[139.907662,35.709156],[139.907847,35.709158],[139.907859,35.709231],[139.907878,35.709303],[139.907887,35.709351],[139.90789,35.709484],[139.907874,35.709559],[139.907835,35.709637],[139.907765,35.709728],[139.907699,35.709789],[139.907613,35.709853],[139.90747,35.709955],[139.907395,35.710026],[139.907332,35.710101],[139.907288,35.710169],[139.907247,35.71026],[139.907221,35.710349],[139.907203,35.710457],[139.907189,35.71064],[139.907208,35.710883],[139.907034,35.710905],[139.906972,35.71092],[139.906785,35.71093],[139.906564,35.710966],[139.906464,35.710971],[139.906326,35.710987],[139.906279,35.710516],[139.906184,35.710104],[139.90608,35.709207],[139.906444,35.709195]]]},"properties":{}},{"type":"Feature","geometry":{"type":"Polygon","coordinates":[[[139.906444,35.709195],[139.906471,35.708906],[139.906498,35.70859],[139.907379,35.708617],[139.907213,35.709104],[139.907207,35.709169],[139.906896,35.709179],[139.906444,35.709195]]]},"properties":{}},{"type":"Feature","geometry":{"type":"Polygon","coordinates":[[[139.907207,35.709169],[139.907213,35.709104],[139.907379,35.708617],[139.9075,35.708298],[139.908287,35.708664],[139.90794,35.708942],[139.90788,35.709021],[139.907851,35.709083],[139.907847,35.709158],[139.907662,35.709156],[139.907207,35.709169]]]},"properties":{}},{"type":"Feature","geometry":{"type":"Polygon","coordinates":[[[139.874685,35.700316],[139.874253,35.700339],[139.874242,35.700174],[139.874224,35.699896],[139.874523,35.699877],[139.874588,35.700094],[139.874648,35.70023],[139.874685,35.700316]]]},"properties":{}},{"type":"Feature","geometry":{"type":"Polygon","coordinates":[[[139.875219,35.702349],[139.875173,35.702407],[139.875171,35.702413],[139.87501,35.702548],[139.875082,35.702968],[139.874428,35.702999],[139.874412,35.702754],[139.874395,35.702503],[139.874392,35.702452],[139.87438,35.702273],[139.874378,35.702242],[139.874362,35.70199],[139.875163,35.701958],[139.875221,35.702136],[139.875219,35.702349]]]},"properties":{}},{"type":"Feature","geometry":{"type":"Polygon","coordinates":[[[139.872087,35.715858],[139.871474,35.715792],[139.871092,35.715751],[139.871064,35.715748],[139.871041,35.715155],[139.871241,35.715155],[139.871448,35.715153],[139.871502,35.715152],[139.872087,35.715858]]]},"properties":{}},{"type":"Feature","geometry":{"type":"Polygon","coordinates":[[[139.875406,35.706143],[139.875439,35.706184],[139.87545,35.706218],[139.875621,35.706658],[139.875625,35.706853],[139.875741,35.707333],[139.875748,35.707605],[139.875662,35.707608],[139.875422,35.707619],[139.875418,35.707561],[139.875416,35.707533],[139.875399,35.707292],[139.875319,35.706195],[139.875319,35.706145],[139.875406,35.706143]]]},"properties":{}},{"type":"Feature","geometry":{"type":"Polygon","coordinates":[[[139.875319,35.706145],[139.875319,35.706195],[139.875399,35.707292],[139.875416,35.707533],[139.875418,35.707561],[139.875422,35.707619],[139.874745,35.707652],[139.874727,35.707328],[139.874702,35.70691],[139.874641,35.706229],[139.874637,35.706184],[139.875261,35.706148],[139.875319,35.706145]]]},"properties":{}},{"type":"Feature","geometry":{"type":"Polygon","coordinates":[[[139.875422,35.707619],[139.875662,35.707608],[139.875748,35.707605],[139.875744,35.707681],[139.875743,35.707717],[139.875727,35.708098],[139.875724,35.708249],[139.875933,35.708582],[139.875882,35.708584],[139.875485,35.708606],[139.875483,35.70857],[139.875422,35.707619]]]},"properties":{}},{"type":"Feature","geometry":{"type":"Polygon","coordinates":[[[139.875485,35.708606],[139.875439,35.708607],[139.875385,35.708609],[139.874814,35.708631],[139.874797,35.708346],[139.87475,35.707729],[139.874745,35.707652],[139.875422,35.707619],[139.875483,35.70857],[139.875485,35.708606]]]},"properties":{}},{"type":"Feature","geometry":{"type":"Polygon","coordinates":[[[139.880821,35.704744],[139.881011,35.703922],[139.881172,35.703289],[139.881325,35.702687],[139.881358,35.70256],[139.881431,35.702555],[139.881412,35.702658],[139.881348,35.702914],[139.88115,35.703678],[139.88094,35.704512],[139.880881,35.704751],[139.880821,35.704744]]]},"properties":{}},{"type":"Feature","geometry":{"type":"Polygon","coordinates":[[[139.880881,35.704751],[139.880745,35.705197],[139.880821,35.704744],[139.880881,35.704751]]]},"properties":{}},{"type":"Feature","geometry":{"type":"Polygon","coordinates":[[[139.880881,35.704751],[139.88094,35.704512],[139.88115,35.703678],[139.881348,35.702914],[139.881412,35.702658],[139.881431,35.702555],[139.88152,35.70255],[139.881509,35.702615],[139.881471,35.7028],[139.881029,35.704527],[139.880967,35.704762],[139.880881,35.704751]]]},"properties":{}},{"type":"Feature","geometry":{"type":"Polygon","coordinates":[[[139.880967,35.704762],[139.881029,35.704527],[139.881471,35.7028],[139.881509,35.702615],[139.88152,35.70255],[139.881601,35.702545],[139.88157,35.702667],[139.881435,35.703195],[139.881238,35.703954],[139.881015,35.704766],[139.880967,35.704762]]]},"properties":{}},{"type":"Feature","geometry":{"type":"Polygon","coordinates":[[[139.881015,35.704766],[139.880875,35.705241],[139.880967,35.704762],[139.881015,35.704766]]]},"properties":{}},{"type":"Feature","geometry":{"type":"Polygon","coordinates":[[[139.870734,35.725546],[139.870743,35.725507],[139.870976,35.725658],[139.871486,35.725984],[139.871467,35.726016],[139.870951,35.72569],[139.870734,35.725546]]]},"properties":{}},{"type":"Feature","geometry":{"type":"Polygon","coordinates":[[[139.871467,35.726016],[139.871446,35.726051],[139.871331,35.725976],[139.870926,35.725723],[139.870723,35.725588],[139.870734,35.725546],[139.870951,35.72569],[139.871467,35.726016]]]},"properties":{}},{"type":"Feature","geometry":{"type":"Polygon","coordinates":[[[139.871467,35.726016],[139.871486,35.725984],[139.871573,35.72604],[139.871553,35.726071],[139.871467,35.726016]]]},"properties":{}},{"type":"Feature","geometry":{"type":"Polygon","coordinates":[[[139.871553,35.726071],[139.87153,35.726107],[139.871446,35.726051],[139.871467,35.726016],[139.871553,35.726071]]]},"properties":{}},{"type":"Feature","geometry":{"type":"Polygon","coordinates":[[[139.871553,35.726071],[139.871573,35.72604],[139.871601,35.726058],[139.87159,35.726095],[139.871553,35.726071]]]},"properties":{}},{"type":"Feature","geometry":{"type":"Polygon","coordinates":[[[139.87159,35.726095],[139.871583,35.726119],[139.871574,35.726136],[139.87153,35.726107],[139.871553,35.726071],[139.87159,35.726095]]]},"properties":{}},{"type":"Feature","geometry":{"type":"Polygon","coordinates":[[[139.870966,35.725851],[139.870699,35.725683],[139.870711,35.725635],[139.870903,35.725758],[139.871412,35.726091],[139.871376,35.726124],[139.870966,35.725851]]]},"properties":{}},{"type":"Feature","geometry":{"type":"Polygon","coordinates":[[[139.871376,35.726124],[139.871302,35.726192],[139.87118,35.726122],[139.870841,35.72591],[139.870574,35.725736],[139.869896,35.725258],[139.869643,35.725071],[139.86912,35.724719],[139.868573,35.724322],[139.868342,35.724173],[139.868185,35.724076],[139.867944,35.723953],[139.867873,35.723905],[139.867583,35.723701],[139.867339,35.723506],[139.866912,35.723143],[139.867394,35.723506],[139.867612,35.723663],[139.868123,35.723983],[139.868949,35.724465],[139.870372,35.725415],[139.870711,35.725635],[139.870699,35.725683],[139.870966,35.725851],[139.871376,35.726124]]]},"properties":{}},{"type":"Feature","geometry":{"type":"Polygon","coordinates":[[[139.871376,35.726124],[139.871412,35.726091],[139.871419,35.726095],[139.871394,35.726136],[139.871376,35.726124]]]},"properties":{}},{"type":"Feature","geometry":{"type":"Polygon","coordinates":[[[139.871394,35.726136],[139.871344,35.726216],[139.871302,35.726192],[139.871376,35.726124],[139.871394,35.726136]]]},"properties":{}},{"type":"Feature","geometry":{"type":"Polygon","coordinates":[[[139.871394,35.726136],[139.871419,35.726095],[139.871502,35.726149],[139.871496,35.726158],[139.871475,35.72619],[139.871394,35.726136]]]},"properties":{}},{"type":"Feature","geometry":{"type":"Polygon","coordinates":[[[139.871475,35.72619],[139.871428,35.726264],[139.871344,35.726216],[139.871394,35.726136],[139.871475,35.72619]]]},"properties":{}},{"type":"Feature","geometry":{"type":"Polygon","coordinates":[[[139.871475,35.72619],[139.871496,35.726158],[139.871502,35.726149],[139.871549,35.72618],[139.871526,35.726224],[139.871475,35.72619]]]},"properties":{}},{"type":"Feature","geometry":{"type":"Polygon","coordinates":[[[139.871526,35.726224],[139.871486,35.726297],[139.871428,35.726264],[139.871475,35.72619],[139.871526,35.726224]]]},"properties":{}},{"type":"Feature","geometry":{"type":"Polygon","coordinates":[[[139.872987,35.727237],[139.872676,35.727047],[139.872331,35.72684],[139.871537,35.726382],[139.871462,35.72634],[139.871486,35.726297],[139.871526,35.726224],[139.871661,35.726313],[139.872368,35.726794],[139.872987,35.727237]]]},"properties":{}},{"type":"Feature","geometry":{"type":"Polygon","coordinates":[[[139.894157,35.734748],[139.894654,35.734511],[139.895783,35.73402],[139.898668,35.73282],[139.899501,35.734136],[139.899202,35.734239],[139.896483,35.735178],[139.896392,35.735211],[139.896369,35.735157],[139.89634,35.735095],[139.896312,35.735086],[139.896287,35.73508],[139.8962,35.735083],[139.896149,35.73508],[139.896098,35.735068],[139.896046,35.735049],[139.895998,35.735022],[139.895961,35.734993],[139.895926,35.734955],[139.895822,35.734782],[139.895688,35.734565],[139.895598,35.734408],[139.895582,35.734393],[139.895573,35.734388],[139.895558,35.734385],[139.895531,35.734391],[139.895352,35.734456],[139.895206,35.734501],[139.894657,35.73472],[139.894637,35.734744],[139.894642,35.734769],[139.894731,35.734933],[139.894683,35.734955],[139.894349,35.735085],[139.894282,35.735123],[139.894074,35.734926],[139.893978,35.734834],[139.894157,35.734748]]]},"properties":{}},{"type":"Feature","geometry":{"type":"Polygon","coordinates":[[[139.893183,35.735065],[139.893211,35.734955],[139.893302,35.734559],[139.893319,35.734482],[139.893365,35.734371],[139.893401,35.73429],[139.893492,35.734381],[139.893508,35.734398],[139.893739,35.734605],[139.893877,35.734737],[139.893679,35.734831],[139.893247,35.735038],[139.893183,35.735065]]]},"properties":{}},{"type":"Feature","geometry":{"type":"Polygon","coordinates":[[[139.898668,35.73282],[139.898647,35.732786],[139.899856,35.732283],[139.900713,35.731938],[139.901832,35.731551],[139.901913,35.731525],[139.901931,35.731556],[139.901851,35.731581],[139.900738,35.731977],[139.899877,35.732317],[139.898668,35.73282]]]},"properties":{}},{"type":"Feature","geometry":{"type":"Polygon","coordinates":[[[139.899877,35.732317],[139.900738,35.731977],[139.901851,35.731581],[139.901931,35.731556],[139.901945,35.731581],[139.901971,35.731622],[139.901987,35.731646],[139.902226,35.731994],[139.902309,35.732153],[139.902348,35.732238],[139.902453,35.732433],[139.902496,35.732515],[139.902345,35.732661],[139.902263,35.732737],[139.902119,35.732873],[139.901985,35.733002],[139.901862,35.733111],[139.901838,35.733127],[139.901624,35.733283],[139.901457,35.733387],[139.901302,35.733474],[139.901136,35.733557],[139.900956,35.733634],[139.900803,35.733688],[139.90064,35.733744],[139.900556,35.733772],[139.899501,35.734136],[139.898668,35.73282],[139.899877,35.732317]]]},"properties":{}},{"type":"Feature","geometry":{"type":"Polygon","coordinates":[[[139.869694,35.725279],[139.87044,35.725935],[139.870695,35.726171],[139.870416,35.725974],[139.870087,35.725727],[139.869766,35.72553],[139.869574,35.725395],[139.869343,35.725218],[139.868508,35.724453],[139.868743,35.724618],[139.869114,35.724881],[139.869407,35.725083],[139.869694,35.725279]]]},"properties":{}},{"type":"Feature","geometry":{"type":"Polygon","coordinates":[[[139.870937,35.726396],[139.870695,35.726171],[139.87044,35.725935],[139.869694,35.725279],[139.87001,35.725483],[139.870242,35.72571],[139.870731,35.726147],[139.870937,35.726396]]]},"properties":{}},{"type":"Feature","geometry":{"type":"Polygon","coordinates":[[[139.871549,35.72618],[139.871574,35.726136],[139.871724,35.726235],[139.872274,35.726618],[139.872618,35.726882],[139.872256,35.726642],[139.871549,35.72618]]]},"properties":{}},{"type":"Feature","geometry":{"type":"Polygon","coordinates":[[[139.871502,35.726149],[139.87153,35.726107],[139.871574,35.726136],[139.871549,35.72618],[139.871502,35.726149]]]},"properties":{}},{"type":"Feature","geometry":{"type":"Polygon","coordinates":[[[139.871419,35.726095],[139.871435,35.72607],[139.871446,35.726051],[139.87153,35.726107],[139.871502,35.726149],[139.871419,35.726095]]]},"properties":{}},{"type":"Feature","geometry":{"type":"Polygon","coordinates":[[[139.871412,35.726091],[139.871435,35.72607],[139.871419,35.726095],[139.871412,35.726091]]]},"properties":{}},{"type":"Feature","geometry":{"type":"Polygon","coordinates":[[[139.870711,35.725635],[139.870723,35.725588],[139.870926,35.725723],[139.871331,35.725976],[139.871446,35.726051],[139.871435,35.72607],[139.871412,35.726091],[139.870903,35.725758],[139.870711,35.725635]]]},"properties":{}},{"type":"Feature","geometry":{"type":"Polygon","coordinates":[[[139.871418,35.726422],[139.871435,35.72639],[139.871494,35.726424],[139.871786,35.726583],[139.871474,35.726452],[139.871418,35.726422]]]},"properties":{}},{"type":"Feature","geometry":{"type":"Polygon","coordinates":[[[139.871418,35.726422],[139.871386,35.726481],[139.871271,35.726665],[139.871218,35.726593],[139.871351,35.726385],[139.871418,35.726422]]]},"properties":{}},{"type":"Feature","geometry":{"type":"Polygon","coordinates":[[[139.871351,35.726385],[139.871371,35.726353],[139.871435,35.72639],[139.871418,35.726422],[139.871351,35.726385]]]},"properties":{}},{"type":"Feature","geometry":{"type":"Polygon","coordinates":[[[139.871351,35.726385],[139.871218,35.726593],[139.871159,35.726515],[139.871267,35.72634],[139.871351,35.726385]]]},"properties":{}},{"type":"Feature","geometry":{"type":"Polygon","coordinates":[[[139.871267,35.72634],[139.871288,35.726305],[139.871371,35.726353],[139.871351,35.726385],[139.871267,35.72634]]]},"properties":{}},{"type":"Feature","geometry":{"type":"Polygon","coordinates":[[[139.871267,35.72634],[139.871159,35.726515],[139.871122,35.726466],[139.871219,35.726314],[139.871267,35.72634]]]},"properties":{}},{"type":"Feature","geometry":{"type":"Polygon","coordinates":[[[139.871219,35.726314],[139.871242,35.726279],[139.871288,35.726305],[139.871267,35.72634],[139.871219,35.726314]]]},"properties":{}},{"type":"Feature","geometry":{"type":"Polygon","coordinates":[[[139.870574,35.725736],[139.870209,35.725529],[139.869893,35.725307],[139.869098,35.724763],[139.86882,35.724569],[139.868777,35.724532],[139.868305,35.724199],[139.867944,35.723953],[139.868185,35.724076],[139.868342,35.724173],[139.868573,35.724322],[139.86912,35.724719],[139.869643,35.725071],[139.869896,35.725258],[139.870574,35.725736]]]},"properties":{}},{"type":"Feature","geometry":{"type":"Polygon","coordinates":[[[139.871221,35.726746],[139.871177,35.726817],[139.871123,35.726742],[139.871166,35.726674],[139.871221,35.726746]]]},"properties":{}},{"type":"Feature","geometry":{"type":"Polygon","coordinates":[[[139.871166,35.726674],[139.871218,35.726593],[139.871271,35.726665],[139.871221,35.726746],[139.871166,35.726674]]]},"properties":{}},{"type":"Feature","geometry":{"type":"Polygon","coordinates":[[[139.871166,35.726674],[139.871123,35.726742],[139.871098,35.726708],[139.871064,35.726669],[139.871108,35.726598],[139.871166,35.726674]]]},"properties":{}},{"type":"Feature","geometry":{"type":"Polygon","coordinates":[[[139.871108,35.726598],[139.871159,35.726515],[139.871218,35.726593],[139.871166,35.726674],[139.871108,35.726598]]]},"properties":{}},{"type":"Feature","geometry":{"type":"Polygon","coordinates":[[[139.871108,35.726598],[139.871064,35.726669],[139.871022,35.72662],[139.871069,35.726547],[139.871108,35.726598]]]},"properties":{}},{"type":"Feature","geometry":{"type":"Polygon","coordinates":[[[139.871069,35.726547],[139.871122,35.726466],[139.871159,35.726515],[139.871108,35.726598],[139.871069,35.726547]]]},"properties":{}},{"type":"Feature","geometry":{"type":"Polygon","coordinates":[[[139.871486,35.726297],[139.871462,35.72634],[139.871402,35.726305],[139.871428,35.726264],[139.871486,35.726297]]]},"properties":{}},{"type":"Feature","geometry":{"type":"Polygon","coordinates":[[[139.871428,35.726264],[139.871402,35.726305],[139.871318,35.726257],[139.871332,35.726235],[139.871344,35.726216],[139.871428,35.726264]]]},"properties":{}},{"type":"Feature","geometry":{"type":"Polygon","coordinates":[[[139.871344,35.726216],[139.871332,35.726235],[139.871318,35.726257],[139.871273,35.726232],[139.871293,35.7262],[139.871302,35.726192],[139.871344,35.726216]]]},"properties":{}},{"type":"Feature","geometry":{"type":"Polygon","coordinates":[[[139.871302,35.726192],[139.871293,35.7262],[139.871273,35.726232],[139.871151,35.726162],[139.870807,35.725944],[139.870484,35.725738],[139.870209,35.725529],[139.870574,35.725736],[139.870841,35.72591],[139.87118,35.726122],[139.871302,35.726192]]]},"properties":{}},{"type":"Feature","geometry":{"type":"Polygon","coordinates":[[[139.871371,35.726353],[139.871402,35.726305],[139.871462,35.72634],[139.871435,35.72639],[139.871371,35.726353]]]},"properties":{}},{"type":"Feature","geometry":{"type":"Polygon","coordinates":[[[139.871288,35.726305],[139.871318,35.726257],[139.871402,35.726305],[139.871371,35.726353],[139.871288,35.726305]]]},"properties":{}},{"type":"Feature","geometry":{"type":"Polygon","coordinates":[[[139.871242,35.726279],[139.871273,35.726232],[139.871318,35.726257],[139.871288,35.726305],[139.871242,35.726279]]]},"properties":{}},{"type":"Feature","geometry":{"type":"Polygon","coordinates":[[[139.870484,35.725738],[139.870807,35.725944],[139.871151,35.726162],[139.871273,35.726232],[139.871242,35.726279],[139.87111,35.726203],[139.87076,35.72597],[139.870484,35.725738]]]},"properties":{}},{"type":"Feature","geometry":{"type":"Polygon","coordinates":[[[139.893309,35.713396],[139.893078,35.713935],[139.893047,35.714008],[139.892979,35.713989],[139.892288,35.713794],[139.892299,35.713763],[139.89236,35.713588],[139.892408,35.713463],[139.892506,35.713222],[139.892523,35.713181],[139.893182,35.713362],[139.893244,35.713379],[139.893309,35.713396]]]},"properties":{}},{"type":"Feature","geometry":{"type":"Polygon","coordinates":[[[139.890539,35.713353],[139.890496,35.713345],[139.890032,35.713251],[139.88966,35.713175],[139.889616,35.713166],[139.889625,35.713105],[139.8896,35.712833],[139.889578,35.712507],[139.889632,35.712509],[139.889658,35.712509],[139.890114,35.712515],[139.89023,35.712517],[139.8903,35.712516],[139.89072,35.712657],[139.890781,35.712678],[139.890553,35.713314],[139.890539,35.713353]]]},"properties":{}},{"type":"Feature","geometry":{"type":"Polygon","coordinates":[[[139.890781,35.712678],[139.89072,35.712657],[139.8903,35.712516],[139.89023,35.712517],[139.890114,35.712515],[139.889658,35.712509],[139.889632,35.712509],[139.889578,35.712507],[139.889675,35.711832],[139.889717,35.711833],[139.890126,35.711838],[139.890405,35.711833],[139.890563,35.711886],[139.891019,35.712029],[139.890781,35.712678]]]},"properties":{}},{"type":"Feature","geometry":{"type":"Polygon","coordinates":[[[139.887891,35.710588],[139.887248,35.710644],[139.887148,35.710222],[139.887136,35.709512],[139.887899,35.709413],[139.887865,35.709662],[139.887842,35.709752],[139.887833,35.709938],[139.887814,35.710203],[139.887807,35.710297],[139.887891,35.710588]]]},"properties":{}},{"type":"Feature","geometry":{"type":"Polygon","coordinates":[[[139.891786,35.717225],[139.891803,35.717179],[139.892104,35.716363],[139.892192,35.716116],[139.892225,35.716026],[139.892317,35.716047],[139.89267,35.716129],[139.892729,35.716142],[139.892933,35.716188],[139.89329,35.716272],[139.893358,35.716371],[139.893002,35.716648],[139.892804,35.716793],[139.892079,35.717303],[139.892048,35.717294],[139.891848,35.71724],[139.891786,35.717225]]]},"properties":{}},{"type":"Feature","geometry":{"type":"Polygon","coordinates":[[[139.892079,35.717303],[139.892804,35.716793],[139.893002,35.716648],[139.893358,35.716371],[139.893511,35.716582],[139.893545,35.716628],[139.893454,35.716881],[139.893417,35.716981],[139.893385,35.71707],[139.893196,35.717592],[139.892604,35.717399],[139.892392,35.717372],[139.892079,35.717303]]]},"properties":{}},{"type":"Feature","geometry":{"type":"Polygon","coordinates":[[[139.893196,35.717592],[139.893385,35.71707],[139.893417,35.716981],[139.893454,35.716881],[139.893545,35.716628],[139.893925,35.716771],[139.894522,35.716972],[139.894512,35.717],[139.894421,35.717265],[139.894384,35.717372],[139.894354,35.717459],[139.894311,35.717582],[139.894205,35.717891],[139.89419,35.717933],[139.893799,35.717803],[139.893464,35.71769],[139.893313,35.717632],[139.893196,35.717592]]]},"properties":{}},{"type":"Feature","geometry":{"type":"Polygon","coordinates":[[[139.89419,35.717933],[139.894205,35.717891],[139.894311,35.717582],[139.894354,35.717459],[139.894384,35.717372],[139.894421,35.717265],[139.894512,35.717],[139.894522,35.716972],[139.89476,35.717053],[139.895077,35.717161],[139.895488,35.717301],[139.895344,35.717718],[139.895313,35.717806],[139.89521,35.718101],[139.895199,35.718133],[139.895192,35.71815],[139.89419,35.717933]]]},"properties":{}},{"type":"Feature","geometry":{"type":"Polygon","coordinates":[[[139.895192,35.71815],[139.895117,35.718365],[139.895107,35.718391],[139.894998,35.718719],[139.894801,35.719279],[139.89479,35.719311],[139.894382,35.719165],[139.893841,35.718972],[139.89419,35.717933],[139.895192,35.71815]]]},"properties":{}},{"type":"Feature","geometry":{"type":"Polygon","coordinates":[[[139.886039,35.707385],[139.885332,35.707409],[139.88544,35.706898],[139.885444,35.706841],[139.885543,35.706821],[139.885777,35.706772],[139.885846,35.706757],[139.88594,35.706694],[139.886114,35.706659],[139.88619,35.706612],[139.886039,35.707385]]]},"properties":{}},{"type":"Feature","geometry":{"type":"Polygon","coordinates":[[[139.88619,35.706612],[139.886856,35.706395],[139.886787,35.707361],[139.886039,35.707385],[139.88619,35.706612]]]},"properties":{}},{"type":"Feature","geometry":{"type":"Polygon","coordinates":[[[139.890563,35.711886],[139.890405,35.711833],[139.890126,35.711838],[139.889717,35.711833],[139.889675,35.711832],[139.889713,35.711569],[139.889718,35.711326],[139.88974,35.711227],[139.889811,35.711188],[139.889819,35.71116],[139.889819,35.710999],[139.890161,35.710956],[139.890453,35.710918],[139.890492,35.711328],[139.890545,35.711576],[139.890563,35.711886]]]},"properties":{}},{"type":"Feature","geometry":{"type":"Polygon","coordinates":[[[139.88407,35.716811],[139.884114,35.716675],[139.884211,35.716371],[139.884737,35.716312],[139.88517,35.716263],[139.885169,35.716279],[139.885131,35.716829],[139.88507,35.716835],[139.88407,35.716811]]]},"properties":{}},{"type":"Feature","geometry":{"type":"Polygon","coordinates":[[[139.885965,35.716044],[139.886249,35.7161],[139.88628,35.716106],[139.886777,35.716192],[139.886754,35.716268],[139.886662,35.716584],[139.886613,35.716575],[139.886325,35.716518],[139.885762,35.716663],[139.885965,35.716044]]]},"properties":{}},{"type":"Feature","geometry":{"type":"Polygon","coordinates":[[[139.885965,35.716044],[139.885194,35.715911],[139.885401,35.715158],[139.885468,35.715171],[139.885772,35.715253],[139.886171,35.715348],[139.886153,35.71541],[139.886046,35.715768],[139.885965,35.716044]]]},"properties":{}},{"type":"Feature","geometry":{"type":"Polygon","coordinates":[[[139.886171,35.715348],[139.886965,35.715547],[139.886944,35.715608],[139.886909,35.715731],[139.886789,35.716148],[139.886777,35.716192],[139.88628,35.716106],[139.886249,35.7161],[139.885965,35.716044],[139.886046,35.715768],[139.886153,35.71541],[139.886171,35.715348]]]},"properties":{}},{"type":"Feature","geometry":{"type":"Polygon","coordinates":[[[139.886171,35.715348],[139.885772,35.715253],[139.885468,35.715171],[139.885401,35.715158],[139.885552,35.71462],[139.885563,35.714579],[139.885579,35.714522],[139.885981,35.714615],[139.886358,35.714702],[139.886332,35.714794],[139.886187,35.715295],[139.886171,35.715348]]]},"properties":{}},{"type":"Feature","geometry":{"type":"Polygon","coordinates":[[[139.886358,35.714702],[139.886717,35.714789],[139.887159,35.714886],[139.887141,35.714945],[139.887131,35.714978],[139.886983,35.715494],[139.886965,35.715547],[139.886171,35.715348],[139.886187,35.715295],[139.886332,35.714794],[139.886358,35.714702]]]},"properties":{}},{"type":"Feature","geometry":{"type":"Polygon","coordinates":[[[139.886358,35.714702],[139.885981,35.714615],[139.885579,35.714522],[139.885595,35.714464],[139.885606,35.714424],[139.88571,35.714037],[139.885771,35.713813],[139.885779,35.713784],[139.885881,35.71346],[139.88629,35.713627],[139.886411,35.713676],[139.886589,35.71374],[139.886643,35.713759],[139.886619,35.713836],[139.886533,35.714118],[139.886527,35.714136],[139.886504,35.714212],[139.886388,35.714603],[139.886358,35.714702]]]},"properties":{}},{"type":"Feature","geometry":{"type":"Polygon","coordinates":[[[139.886643,35.713759],[139.886699,35.713783],[139.887389,35.714057],[139.887369,35.714129],[139.887243,35.714579],[139.887184,35.714797],[139.887176,35.714827],[139.887159,35.714886],[139.886717,35.714789],[139.886358,35.714702],[139.886388,35.714603],[139.886504,35.714212],[139.886527,35.714136],[139.886533,35.714118],[139.886619,35.713836],[139.886643,35.713759]]]},"properties":{}},{"type":"Feature","geometry":{"type":"Polygon","coordinates":[[[139.886643,35.713759],[139.886589,35.71374],[139.886411,35.713676],[139.88629,35.713627],[139.885881,35.71346],[139.885933,35.713242],[139.885831,35.712974],[139.885831,35.712927],[139.886154,35.71291],[139.886346,35.712951],[139.886583,35.713],[139.886748,35.712968],[139.886799,35.712965],[139.886828,35.712976],[139.886762,35.713292],[139.886662,35.713686],[139.886643,35.713759]]]},"properties":{}},{"type":"Feature","geometry":{"type":"Polygon","coordinates":[[[139.886762,35.713292],[139.886819,35.713303],[139.887556,35.713445],[139.887545,35.713477],[139.887407,35.713992],[139.887389,35.714057],[139.886699,35.713783],[139.886643,35.713759],[139.886662,35.713686],[139.886762,35.713292]]]},"properties":{}},{"type":"Feature","geometry":{"type":"Polygon","coordinates":[[[139.886828,35.712976],[139.887124,35.712881],[139.887172,35.712868],[139.887309,35.712737],[139.887343,35.712672],[139.887391,35.712679],[139.887574,35.712709],[139.887751,35.712687],[139.887843,35.712734],[139.887846,35.712806],[139.887843,35.712858],[139.887556,35.713445],[139.886819,35.713303],[139.886762,35.713292],[139.886828,35.712976]]]},"properties":{}},{"type":"Feature","geometry":{"type":"Polygon","coordinates":[[[139.886828,35.712976],[139.886799,35.712965],[139.886748,35.712968],[139.886583,35.713],[139.886346,35.712951],[139.886154,35.71291],[139.885831,35.712927],[139.885989,35.712512],[139.886387,35.712432],[139.886888,35.712522],[139.887285,35.712408],[139.887343,35.712672],[139.887309,35.712737],[139.887172,35.712868],[139.887124,35.712881],[139.886828,35.712976]]]},"properties":{}},{"type":"Feature","geometry":{"type":"Polygon","coordinates":[[[139.887285,35.712408],[139.887185,35.711894],[139.887725,35.712094],[139.887846,35.712557],[139.887862,35.712667],[139.887843,35.712734],[139.887751,35.712687],[139.887574,35.712709],[139.887391,35.712679],[139.887343,35.712672],[139.887285,35.712408]]]},"properties":{}},{"type":"Feature","geometry":{"type":"Polygon","coordinates":[[[139.887285,35.712408],[139.886888,35.712522],[139.886387,35.712432],[139.885989,35.712512],[139.886191,35.71209],[139.886202,35.711859],[139.887185,35.711894],[139.887285,35.712408]]]},"properties":{}},{"type":"Feature","geometry":{"type":"Polygon","coordinates":[[[139.88517,35.716263],[139.884737,35.716312],[139.884211,35.716371],[139.884417,35.715762],[139.885194,35.715911],[139.88517,35.716263]]]},"properties":{}},{"type":"Feature","geometry":{"type":"Polygon","coordinates":[[[139.885194,35.715911],[139.884417,35.715762],[139.884586,35.715235],[139.885186,35.715173],[139.885335,35.715157],[139.885401,35.715158],[139.885194,35.715911]]]},"properties":{}},{"type":"Feature","geometry":{"type":"Polygon","coordinates":[[[139.885401,35.715158],[139.885335,35.715157],[139.885186,35.715173],[139.884586,35.715235],[139.884626,35.71509],[139.8847,35.714858],[139.88471,35.714829],[139.884863,35.714333],[139.885033,35.714391],[139.885579,35.714522],[139.885563,35.714579],[139.885552,35.71462],[139.885401,35.715158]]]},"properties":{}},{"type":"Feature","geometry":{"type":"Polygon","coordinates":[[[139.886599,35.716798],[139.886687,35.716815],[139.887374,35.716948],[139.887444,35.716961],[139.887377,35.717368],[139.887357,35.717541],[139.887379,35.71761],[139.887322,35.717628],[139.887252,35.71765],[139.886862,35.717749],[139.886727,35.717783],[139.886682,35.717798],[139.886673,35.717714],[139.886592,35.716853],[139.886599,35.716798]]]},"properties":{}},{"type":"Feature","geometry":{"type":"Polygon","coordinates":[[[139.886662,35.716584],[139.886754,35.716268],[139.886777,35.716192],[139.887137,35.716267],[139.887163,35.716272],[139.887533,35.716335],[139.887593,35.716346],[139.88758,35.7164],[139.887444,35.716961],[139.887374,35.716948],[139.886687,35.716815],[139.886599,35.716798],[139.886662,35.716584]]]},"properties":{}},{"type":"Feature","geometry":{"type":"Polygon","coordinates":[[[139.886965,35.715547],[139.887017,35.715559],[139.887663,35.715722],[139.887744,35.715742],[139.887603,35.716307],[139.887593,35.716346],[139.887533,35.716335],[139.887163,35.716272],[139.887137,35.716267],[139.886777,35.716192],[139.886789,35.716148],[139.886909,35.715731],[139.886944,35.715608],[139.886965,35.715547]]]},"properties":{}},{"type":"Feature","geometry":{"type":"Polygon","coordinates":[[[139.887159,35.714886],[139.887223,35.714902],[139.887765,35.715028],[139.887885,35.715055],[139.887866,35.715138],[139.887744,35.715742],[139.887663,35.715722],[139.887017,35.715559],[139.886965,35.715547],[139.886983,35.715494],[139.887131,35.714978],[139.887141,35.714945],[139.887159,35.714886]]]},"properties":{}},{"type":"Feature","geometry":{"type":"Polygon","coordinates":[[[139.898645,35.697836],[139.89842,35.697763],[139.898053,35.697642],[139.898298,35.697155],[139.898582,35.697338],[139.898623,35.697364],[139.89882,35.697491],[139.898645,35.697836]]]},"properties":{}},{"type":"Feature","geometry":{"type":"Polygon","coordinates":[[[139.89844,35.698256],[139.897844,35.698057],[139.897857,35.698031],[139.897873,35.698],[139.897971,35.697805],[139.898053,35.697642],[139.89842,35.697763],[139.898645,35.697836],[139.898558,35.698008],[139.898464,35.698198],[139.898454,35.698223],[139.89844,35.698256]]]},"properties":{}},{"type":"Feature","geometry":{"type":"Polygon","coordinates":[[[139.898178,35.698779],[139.897579,35.698582],[139.897657,35.698428],[139.897733,35.698276],[139.897814,35.698116],[139.897844,35.698057],[139.89844,35.698256],[139.89841,35.698311],[139.898325,35.698475],[139.898245,35.698625],[139.898194,35.698743],[139.898178,35.698779]]]},"properties":{}},{"type":"Feature","geometry":{"type":"Polygon","coordinates":[[[139.897813,35.699511],[139.897634,35.699452],[139.897211,35.699312],[139.897332,35.699072],[139.897421,35.698895],[139.897494,35.698751],[139.897579,35.698582],[139.898178,35.698779],[139.898153,35.698829],[139.898096,35.698944],[139.898024,35.699094],[139.897838,35.699461],[139.897813,35.699511]]]},"properties":{}},{"type":"Feature","geometry":{"type":"Polygon","coordinates":[[[139.89637,35.696221],[139.896099,35.696129],[139.895448,35.695912],[139.895624,35.695549],[139.895644,35.695506],[139.895728,35.695532],[139.896571,35.695817],[139.896549,35.695862],[139.89637,35.696221]]]},"properties":{}},{"type":"Feature","geometry":{"type":"Polygon","coordinates":[[[139.896571,35.695817],[139.895728,35.695532],[139.895749,35.69549],[139.895938,35.695112],[139.89678,35.695399],[139.896592,35.695776],[139.896571,35.695817]]]},"properties":{}},{"type":"Feature","geometry":{"type":"Polygon","coordinates":[[[139.89678,35.695399],[139.897089,35.695504],[139.897607,35.695681],[139.89765,35.695696],[139.89745,35.696115],[139.896571,35.695817],[139.896592,35.695776],[139.89678,35.695399]]]},"properties":{}},{"type":"Feature","geometry":{"type":"Polygon","coordinates":[[[139.89678,35.695399],[139.895938,35.695112],[139.896023,35.694942],[139.896128,35.694732],[139.89697,35.695017],[139.89678,35.695399]]]},"properties":{}},{"type":"Feature","geometry":{"type":"Polygon","coordinates":[[[139.89697,35.695017],[139.897276,35.695121],[139.897332,35.69514],[139.897794,35.695296],[139.897845,35.695314],[139.897815,35.695379],[139.89765,35.695696],[139.897607,35.695681],[139.897089,35.695504],[139.89678,35.695399],[139.89697,35.695017]]]},"properties":{}},{"type":"Feature","geometry":{"type":"Polygon","coordinates":[[[139.89697,35.695017],[139.896128,35.694732],[139.896179,35.69463],[139.896256,35.694475],[139.896319,35.694349],[139.896852,35.69453],[139.89716,35.694636],[139.89697,35.695017]]]},"properties":{}},{"type":"Feature","geometry":{"type":"Polygon","coordinates":[[[139.89716,35.694636],[139.897525,35.69476],[139.897983,35.694921],[139.898034,35.694939],[139.897845,35.695314],[139.897794,35.695296],[139.897332,35.69514],[139.897276,35.695121],[139.89697,35.695017],[139.89716,35.694636]]]},"properties":{}},{"type":"Feature","geometry":{"type":"Polygon","coordinates":[[[139.89716,35.694636],[139.896852,35.69453],[139.896319,35.694349],[139.8965,35.693986],[139.896522,35.693944],[139.89695,35.694083],[139.897047,35.694121],[139.897365,35.694224],[139.897341,35.694271],[139.89716,35.694636]]]},"properties":{}},{"type":"Feature","geometry":{"type":"Polygon","coordinates":[[[139.897365,35.694224],[139.898244,35.694519],[139.898034,35.694939],[139.897983,35.694921],[139.897525,35.69476],[139.89716,35.694636],[139.897341,35.694271],[139.897365,35.694224]]]},"properties":{}},{"type":"Feature","geometry":{"type":"Polygon","coordinates":[[[139.901684,35.692707],[139.902141,35.692946],[139.902656,35.693219],[139.90271,35.693247],[139.902397,35.693485],[139.902161,35.693696],[139.901993,35.693883],[139.901939,35.693846],[139.901567,35.693596],[139.901215,35.693365],[139.901182,35.693343],[139.901422,35.693038],[139.901513,35.69292],[139.901684,35.692707]]]},"properties":{}},{"type":"Feature","geometry":{"type":"Polygon","coordinates":[[[139.900079,35.694561],[139.900114,35.694586],[139.900536,35.694849],[139.900583,35.694878],[139.900945,35.69512],[139.900584,35.695485],[139.900331,35.695756],[139.899979,35.695537],[139.899919,35.695489],[139.899852,35.695446],[139.899497,35.695218],[139.899462,35.695194],[139.899725,35.694938],[139.899917,35.694734],[139.900079,35.694561]]]},"properties":{}},{"type":"Feature","geometry":{"type":"Polygon","coordinates":[[[139.899462,35.695194],[139.899002,35.69489],[139.899628,35.694257],[139.899791,35.694367],[139.900079,35.694561],[139.899917,35.694734],[139.899725,35.694938],[139.899462,35.695194]]]},"properties":{}},{"type":"Feature","geometry":{"type":"Polygon","coordinates":[[[139.89915,35.695503],[139.899183,35.695562],[139.899173,35.695556],[139.899142,35.695511],[139.89915,35.695503]]]},"properties":{}},{"type":"Feature","geometry":{"type":"Polygon","coordinates":[[[139.899142,35.695511],[139.898498,35.694604],[139.898508,35.694607],[139.898579,35.694647],[139.899035,35.695295],[139.89915,35.695503],[139.899142,35.695511]]]},"properties":{}},{"type":"Feature","geometry":{"type":"Polygon","coordinates":[[[139.899142,35.695511],[139.899173,35.695556],[139.89917,35.695553],[139.899127,35.695526],[139.899142,35.695511]]]},"properties":{}},{"type":"Feature","geometry":{"type":"Polygon","coordinates":[[[139.899127,35.695526],[139.898787,35.695304],[139.8987,35.69525],[139.898405,35.695085],[139.898108,35.694986],[139.898081,35.69497],[139.898034,35.694939],[139.898244,35.694519],[139.898303,35.694539],[139.898498,35.694604],[139.899142,35.695511],[139.899127,35.695526]]]},"properties":{}},{"type":"Feature","geometry":{"type":"Polygon","coordinates":[[[139.899127,35.695526],[139.89917,35.695553],[139.899173,35.695556],[139.899203,35.695597],[139.899431,35.695915],[139.899732,35.696371],[139.899676,35.696427],[139.899261,35.69616],[139.899104,35.696058],[139.899031,35.696011],[139.898841,35.695888],[139.898806,35.695866],[139.899127,35.695526]]]},"properties":{}},{"type":"Feature","geometry":{"type":"Polygon","coordinates":[[[139.898806,35.695866],[139.898461,35.695643],[139.898501,35.695601],[139.898787,35.695304],[139.899127,35.695526],[139.898806,35.695866]]]},"properties":{}},{"type":"Feature","geometry":{"type":"Polygon","coordinates":[[[139.898806,35.695866],[139.898841,35.695888],[139.899031,35.696011],[139.899104,35.696058],[139.899261,35.69616],[139.898923,35.696513],[139.898664,35.69678],[139.898628,35.696818],[139.898176,35.696527],[139.898214,35.696487],[139.898458,35.696233],[139.898806,35.695866]]]},"properties":{}},{"type":"Feature","geometry":{"type":"Polygon","coordinates":[[[139.898176,35.696527],[139.897913,35.696362],[139.897825,35.696299],[139.897865,35.69626],[139.898461,35.695643],[139.898806,35.695866],[139.898458,35.696233],[139.898214,35.696487],[139.898176,35.696527]]]},"properties":{}},{"type":"Feature","geometry":{"type":"Polygon","coordinates":[[[139.896099,35.696129],[139.89637,35.696221],[139.896673,35.696322],[139.896487,35.696689],[139.896275,35.696618],[139.895914,35.696496],[139.895991,35.696344],[139.896099,35.696129]]]},"properties":{}},{"type":"Feature","geometry":{"type":"Polygon","coordinates":[[[139.895914,35.696496],[139.89527,35.696278],[139.895347,35.69612],[139.895448,35.695912],[139.896099,35.696129],[139.895991,35.696344],[139.895914,35.696496]]]},"properties":{}},{"type":"Feature","geometry":{"type":"Polygon","coordinates":[[[139.91289,35.701394],[139.912946,35.701365],[139.913006,35.701436],[139.913049,35.701488],[139.913065,35.70151],[139.913117,35.701579],[139.913147,35.701639],[139.913163,35.701686],[139.913193,35.701787],[139.913265,35.701992],[139.913354,35.702184],[139.913313,35.702199],[139.913298,35.702204],[139.91284,35.702513],[139.912415,35.70281],[139.912383,35.70284],[139.91235,35.702814],[139.911677,35.702288],[139.911705,35.702258],[139.911878,35.70209],[139.911918,35.702053],[139.91193,35.702041],[139.912013,35.701965],[139.912231,35.701822],[139.912379,35.701724],[139.91289,35.701394]]]},"properties":{}},{"type":"Feature","geometry":{"type":"Polygon","coordinates":[[[139.912231,35.701822],[139.9122,35.701796],[139.912068,35.70169],[139.911841,35.701686],[139.911128,35.70133],[139.91158,35.701035],[139.911817,35.700882],[139.912315,35.701093],[139.912535,35.701224],[139.912833,35.701366],[139.91289,35.701394],[139.912379,35.701724],[139.912231,35.701822]]]},"properties":{}},{"type":"Feature","geometry":{"type":"Polygon","coordinates":[[[139.911677,35.702288],[139.911662,35.702305],[139.911623,35.702293],[139.91118,35.702157],[139.911163,35.70188],[139.911128,35.70133],[139.911841,35.701686],[139.912068,35.70169],[139.9122,35.701796],[139.912231,35.701822],[139.912013,35.701965],[139.91193,35.702041],[139.911918,35.702053],[139.911878,35.70209],[139.911705,35.702258],[139.911677,35.702288]]]},"properties":{}},{"type":"Feature","geometry":{"type":"Polygon","coordinates":[[[139.911677,35.702288],[139.91235,35.702814],[139.912383,35.70284],[139.911915,35.703307],[139.91171,35.703511],[139.911088,35.704118],[139.911042,35.704142],[139.911034,35.70407],[139.911002,35.703775],[139.910932,35.703163],[139.910981,35.703119],[139.91123,35.702832],[139.91141,35.702649],[139.911662,35.702305],[139.911677,35.702288]]]},"properties":{}},{"type":"Feature","geometry":{"type":"Polygon","coordinates":[[[139.910932,35.703163],[139.91091,35.703111],[139.910556,35.702704],[139.910475,35.702226],[139.910473,35.702213],[139.910509,35.70221],[139.911147,35.702154],[139.91118,35.702157],[139.911623,35.702293],[139.911662,35.702305],[139.91141,35.702649],[139.91123,35.702832],[139.910981,35.703119],[139.910932,35.703163]]]},"properties":{}},{"type":"Feature","geometry":{"type":"Polygon","coordinates":[[[139.910932,35.703163],[139.911002,35.703775],[139.911034,35.70407],[139.911042,35.704142],[139.910991,35.704143],[139.909996,35.704169],[139.90999,35.704143],[139.909987,35.704132],[139.90998,35.703748],[139.909974,35.703245],[139.910017,35.703237],[139.910886,35.703166],[139.910932,35.703163]]]},"properties":{}},{"type":"Feature","geometry":{"type":"Polygon","coordinates":[[[139.908062,35.703012],[139.907819,35.703472],[139.907679,35.703759],[139.907665,35.703786],[139.906729,35.703475],[139.906746,35.703442],[139.90713,35.702691],[139.907453,35.702804],[139.907638,35.702867],[139.908062,35.703012]]]},"properties":{}},{"type":"Feature","geometry":{"type":"Polygon","coordinates":[[[139.90713,35.702691],[139.907146,35.702659],[139.907512,35.70194],[139.907973,35.702093],[139.908444,35.702264],[139.908078,35.702981],[139.908062,35.703012],[139.907638,35.702867],[139.907453,35.702804],[139.90713,35.702691]]]},"properties":{}},{"type":"Feature","geometry":{"type":"Polygon","coordinates":[[[139.90713,35.702691],[139.906746,35.703442],[139.906729,35.703475],[139.90584,35.703176],[139.905775,35.703155],[139.905793,35.703117],[139.906157,35.702408],[139.906176,35.702365],[139.90713,35.702691]]]},"properties":{}},{"type":"Feature","geometry":{"type":"Polygon","coordinates":[[[139.906176,35.702365],[139.906205,35.702317],[139.906559,35.701622],[139.906623,35.701643],[139.907512,35.70194],[139.907146,35.702659],[139.90713,35.702691],[139.906176,35.702365]]]},"properties":{}},{"type":"Feature","geometry":{"type":"Polygon","coordinates":[[[139.906176,35.702365],[139.906157,35.702408],[139.905793,35.703117],[139.905775,35.703155],[139.905714,35.703132],[139.905194,35.702953],[139.904833,35.702831],[139.905238,35.702041],[139.905277,35.702054],[139.90561,35.702169],[139.906004,35.702308],[139.906176,35.702365]]]},"properties":{}},{"type":"Feature","geometry":{"type":"Polygon","coordinates":[[[139.905238,35.702041],[139.905618,35.701287],[139.905667,35.701304],[139.906559,35.701622],[139.906205,35.702317],[139.906176,35.702365],[139.906004,35.702308],[139.90561,35.702169],[139.905277,35.702054],[139.905238,35.702041]]]},"properties":{}},{"type":"Feature","geometry":{"type":"Polygon","coordinates":[[[139.905238,35.702041],[139.904833,35.702831],[139.904354,35.70267],[139.903881,35.702505],[139.904271,35.701715],[139.905238,35.702041]]]},"properties":{}},{"type":"Feature","geometry":{"type":"Polygon","coordinates":[[[139.904271,35.701715],[139.904448,35.70137],[139.904523,35.701224],[139.904664,35.700941],[139.905618,35.701287],[139.905238,35.702041],[139.904271,35.701715]]]},"properties":{}},{"type":"Feature","geometry":{"type":"Polygon","coordinates":[[[139.904271,35.701715],[139.903881,35.702505],[139.902897,35.702165],[139.903295,35.70138],[139.904271,35.701715]]]},"properties":{}},{"type":"Feature","geometry":{"type":"Polygon","coordinates":[[[139.903295,35.70138],[139.903677,35.700619],[139.904141,35.700769],[139.904664,35.700941],[139.904523,35.701224],[139.904448,35.70137],[139.904271,35.701715],[139.903295,35.70138]]]},"properties":{}},{"type":"Feature","geometry":{"type":"Polygon","coordinates":[[[139.902263,35.701035],[139.902647,35.700273],[139.90304,35.700405],[139.903277,35.700485],[139.903677,35.700619],[139.903295,35.70138],[139.902946,35.701259],[139.902762,35.701195],[139.902263,35.701035]]]},"properties":{}},{"type":"Feature","geometry":{"type":"Polygon","coordinates":[[[139.901516,35.700769],[139.901567,35.700971],[139.901738,35.701767],[139.900855,35.701471],[139.901019,35.701144],[139.901253,35.700679],[139.901516,35.700769]]]},"properties":{}},{"type":"Feature","geometry":{"type":"Polygon","coordinates":[[[139.901253,35.700679],[139.901413,35.700358],[139.901516,35.700769],[139.901253,35.700679]]]},"properties":{}},{"type":"Feature","geometry":{"type":"Polygon","coordinates":[[[139.901253,35.700679],[139.901019,35.701144],[139.900855,35.701471],[139.900362,35.701304],[139.899826,35.701122],[139.900228,35.700328],[139.900609,35.700459],[139.900656,35.700475],[139.900865,35.700547],[139.900904,35.70056],[139.901253,35.700679]]]},"properties":{}},{"type":"Feature","geometry":{"type":"Polygon","coordinates":[[[139.900228,35.700328],[139.900376,35.700037],[139.900612,35.699572],[139.901237,35.699783],[139.901345,35.700088],[139.901413,35.700358],[139.901253,35.700679],[139.900904,35.70056],[139.900865,35.700547],[139.900656,35.700475],[139.900609,35.700459],[139.900228,35.700328]]]},"properties":{}},{"type":"Feature","geometry":{"type":"Polygon","coordinates":[[[139.899228,35.700002],[139.898839,35.700792],[139.898457,35.700664],[139.898393,35.700643],[139.898802,35.699852],[139.898859,35.699874],[139.899228,35.700002]]]},"properties":{}},{"type":"Feature","geometry":{"type":"Polygon","coordinates":[[[139.898802,35.699852],[139.898823,35.699811],[139.899188,35.699098],[139.899248,35.699118],[139.899612,35.699239],[139.899228,35.700002],[139.898859,35.699874],[139.898802,35.699852]]]},"properties":{}},{"type":"Feature","geometry":{"type":"Polygon","coordinates":[[[139.900945,35.69512],[139.901103,35.695211],[139.901158,35.695243],[139.900984,35.695588],[139.900897,35.695765],[139.900792,35.695961],[139.900756,35.69603],[139.900688,35.695989],[139.900331,35.695756],[139.900584,35.695485],[139.900945,35.69512]]]},"properties":{}},{"type":"Feature","geometry":{"type":"Polygon","coordinates":[[[139.900331,35.695756],[139.900688,35.695989],[139.900756,35.69603],[139.900711,35.696118],[139.900425,35.696678],[139.900337,35.696619],[139.899822,35.696281],[139.899991,35.696094],[139.900331,35.695756]]]},"properties":{}},{"type":"Feature","geometry":{"type":"Polygon","coordinates":[[[139.899991,35.696094],[139.899531,35.69578],[139.899852,35.695446],[139.899919,35.695489],[139.899979,35.695537],[139.900331,35.695756],[139.899991,35.696094]]]},"properties":{}},{"type":"Feature","geometry":{"type":"Polygon","coordinates":[[[139.899732,35.696371],[139.899994,35.696769],[139.900179,35.69716],[139.900158,35.697201],[139.89996,35.697584],[139.899719,35.697501],[139.899602,35.697451],[139.899564,35.69742],[139.899595,35.697384],[139.899974,35.696934],[139.899968,35.696888],[139.899508,35.696584],[139.899676,35.696427],[139.899732,35.696371]]]},"properties":{}},{"type":"Feature","geometry":{"type":"Polygon","coordinates":[[[139.899508,35.696584],[139.89908,35.697045],[139.899042,35.697085],[139.898911,35.697006],[139.898628,35.696818],[139.898664,35.69678],[139.898923,35.696513],[139.899261,35.69616],[139.899676,35.696427],[139.899508,35.696584]]]},"properties":{}},{"type":"Feature","geometry":{"type":"Polygon","coordinates":[[[139.899508,35.696584],[139.899968,35.696888],[139.899974,35.696934],[139.899595,35.697384],[139.899564,35.69742],[139.899042,35.697085],[139.89908,35.697045],[139.899508,35.696584]]]},"properties":{}},{"type":"Feature","geometry":{"type":"Polygon","coordinates":[[[139.897211,35.699312],[139.896624,35.699117],[139.896769,35.698828],[139.89699,35.698387],[139.897579,35.698582],[139.897494,35.698751],[139.897421,35.698895],[139.897332,35.699072],[139.897211,35.699312]]]},"properties":{}},{"type":"Feature","geometry":{"type":"Polygon","coordinates":[[[139.897579,35.698582],[139.89699,35.698387],[139.897067,35.698233],[139.897229,35.697919],[139.897258,35.697862],[139.897844,35.698057],[139.897814,35.698116],[139.897733,35.698276],[139.897657,35.698428],[139.897579,35.698582]]]},"properties":{}},{"type":"Feature","geometry":{"type":"Polygon","coordinates":[[[139.904611,35.694441],[139.904291,35.694742],[139.90407,35.694951],[139.903695,35.694778],[139.903511,35.694697],[139.903309,35.694608],[139.903243,35.694579],[139.903672,35.694264],[139.903899,35.694074],[139.903944,35.694036],[139.904259,35.694224],[139.904611,35.694441]]]},"properties":{}},{"type":"Feature","geometry":{"type":"Polygon","coordinates":[[[139.903944,35.694036],[139.904235,35.693772],[139.904284,35.693723],[139.904338,35.693649],[139.904428,35.693489],[139.904854,35.693703],[139.904955,35.693772],[139.905097,35.693904],[139.905335,35.694133],[139.905369,35.694167],[139.905333,35.69419],[139.904856,35.694402],[139.904657,35.694406],[139.904611,35.694441],[139.904259,35.694224],[139.903944,35.694036]]]},"properties":{}},{"type":"Feature","geometry":{"type":"Polygon","coordinates":[[[139.903944,35.694036],[139.903899,35.694074],[139.903672,35.694264],[139.903243,35.694579],[139.90318,35.694551],[139.903258,35.694508],[139.903639,35.694253],[139.903903,35.69401],[139.903944,35.694036]]]},"properties":{}},{"type":"Feature","geometry":{"type":"Polygon","coordinates":[[[139.903903,35.69401],[139.904269,35.693673],[139.904465,35.693381],[139.905177,35.692765],[139.906061,35.692174],[139.906245,35.692016],[139.906408,35.691733],[139.906568,35.691455],[139.906655,35.691239],[139.906684,35.691205],[139.90678,35.691111],[139.90689,35.691015],[139.907071,35.690883],[139.907191,35.690849],[139.907374,35.690795],[139.907523,35.690648],[139.907737,35.690538],[139.90792,35.69036],[139.908323,35.690091],[139.908551,35.68996],[139.908891,35.689673],[139.908987,35.689493],[139.909229,35.689255],[139.909411,35.689472],[139.909425,35.689575],[139.90951,35.69007],[139.90992,35.690901],[139.91004,35.691148],[139.910175,35.691697],[139.910221,35.691953],[139.910327,35.692344],[139.910405,35.692766],[139.910387,35.692924],[139.910359,35.693197],[139.910398,35.69337],[139.910578,35.693948],[139.910854,35.694637],[139.911028,35.694876],[139.911187,35.69502],[139.911474,35.695318],[139.912164,35.696017],[139.91261,35.696342],[139.912678,35.696411],[139.912725,35.696459],[139.912669,35.69646],[139.912627,35.69646],[139.912621,35.696425],[139.912577,35.696392],[139.912068,35.696007],[139.911618,35.695602],[139.910841,35.696176],[139.910809,35.6962],[139.910761,35.696145],[139.910546,35.695847],[139.910505,35.695799],[139.909988,35.695101],[139.909961,35.695064],[139.909863,35.694927],[139.909752,35.694771],[139.909547,35.694496],[139.909366,35.694255],[139.909334,35.694207],[139.90892,35.69378],[139.908843,35.693713],[139.908786,35.693692],[139.908227,35.693471],[139.907842,35.693221],[139.907808,35.693197],[139.907255,35.692815],[139.907157,35.692746],[139.907035,35.692661],[139.906924,35.692574],[139.906865,35.692525],[139.906814,35.692477],[139.906722,35.692357],[139.906704,35.692266],[139.90661,35.69217],[139.906318,35.69196],[139.906296,35.692016],[139.906291,35.692029],[139.906098,35.692202],[139.905899,35.692342],[139.905296,35.692729],[139.905266,35.692748],[139.904944,35.693007],[139.904911,35.693033],[139.904465,35.693442],[139.904428,35.693489],[139.904338,35.693649],[139.904284,35.693723],[139.904235,35.693772],[139.903944,35.694036],[139.903903,35.69401]]]},"properties":{}},{"type":"Feature","geometry":{"type":"Polygon","coordinates":[[[139.903903,35.69401],[139.903639,35.694253],[139.903258,35.694508],[139.90318,35.694551],[139.903157,35.69454],[139.903616,35.694213],[139.903878,35.693994],[139.903903,35.69401]]]},"properties":{}},{"type":"Feature","geometry":{"type":"Polygon","coordinates":[[[139.903878,35.693994],[139.903616,35.694213],[139.903157,35.69454],[139.903094,35.694509],[139.902647,35.694256],[139.903267,35.69363],[139.903831,35.693966],[139.903878,35.693994]]]},"properties":{}},{"type":"Feature","geometry":{"type":"Polygon","coordinates":[[[139.903267,35.69363],[139.902647,35.694256],[139.902579,35.694217],[139.902046,35.693913],[139.901993,35.693883],[139.902161,35.693696],[139.902397,35.693485],[139.90271,35.693247],[139.90276,35.693281],[139.903267,35.69363]]]},"properties":{}},{"type":"Feature","geometry":{"type":"Polygon","coordinates":[[[139.90271,35.693247],[139.903148,35.692912],[139.903348,35.692758],[139.90349,35.692647],[139.903552,35.692598],[139.903624,35.692543],[139.903967,35.692283],[139.904369,35.691974],[139.904759,35.691673],[139.904885,35.691575],[139.905327,35.691236],[139.905403,35.691178],[139.905485,35.691117],[139.905557,35.691062],[139.905795,35.690875],[139.906005,35.690713],[139.906086,35.690651],[139.906335,35.690458],[139.906351,35.690447],[139.906565,35.690282],[139.906712,35.690171],[139.90686,35.690059],[139.907004,35.689948],[139.907152,35.689833],[139.907295,35.689723],[139.907857,35.689277],[139.908467,35.688815],[139.908518,35.688774],[139.908769,35.688581],[139.908972,35.688427],[139.909013,35.688473],[139.90905,35.688521],[139.909057,35.688714],[139.909056,35.6888],[139.90896,35.689208],[139.908861,35.689553],[139.908828,35.689601],[139.908757,35.689708],[139.908638,35.689822],[139.908408,35.689989],[139.908264,35.690064],[139.907848,35.690348],[139.907789,35.690429],[139.90765,35.69055],[139.907614,35.690567],[139.907535,35.690596],[139.907328,35.690766],[139.90724,35.690791],[139.907182,35.690797],[139.907054,35.690832],[139.907018,35.690861],[139.906907,35.690957],[139.90674,35.691079],[139.906658,35.691129],[139.906572,35.691158],[139.906493,35.691184],[139.906279,35.691266],[139.906012,35.691393],[139.905894,35.691488],[139.905846,35.691527],[139.905796,35.691566],[139.905178,35.692028],[139.905064,35.692113],[139.904813,35.692297],[139.904773,35.692326],[139.904406,35.692605],[139.903906,35.692976],[139.903267,35.69363],[139.90276,35.693281],[139.90271,35.693247]]]},"properties":{}},{"type":"Feature","geometry":{"type":"Polygon","coordinates":[[[139.898461,35.695643],[139.897865,35.69626],[139.897825,35.696299],[139.897604,35.696177],[139.89745,35.696115],[139.89765,35.695696],[139.897815,35.695379],[139.897845,35.695314],[139.898034,35.694939],[139.898081,35.69497],[139.898108,35.694986],[139.898405,35.695085],[139.8987,35.69525],[139.898787,35.695304],[139.898501,35.695601],[139.898461,35.695643]]]},"properties":{}},{"type":"Feature","geometry":{"type":"Polygon","coordinates":[[[139.909043,35.727513],[139.908467,35.72661],[139.907905,35.7257],[139.907887,35.725672],[139.909044,35.725188],[139.909791,35.726402],[139.90988,35.726545],[139.910197,35.727038],[139.909641,35.727265],[139.909043,35.727513]]]},"properties":{}},{"type":"Feature","geometry":{"type":"Polygon","coordinates":[[[139.910197,35.727038],[139.90988,35.726545],[139.909791,35.726402],[139.909044,35.725188],[139.910162,35.724721],[139.910689,35.72558],[139.910726,35.725639],[139.911315,35.726576],[139.910904,35.726744],[139.910744,35.72681],[139.910479,35.726919],[139.910197,35.727038]]]},"properties":{}},{"type":"Feature","geometry":{"type":"Polygon","coordinates":[[[139.911315,35.726576],[139.910726,35.725639],[139.910689,35.72558],[139.910162,35.724721],[139.911297,35.724258],[139.911451,35.724502],[139.91151,35.724596],[139.911693,35.724886],[139.911867,35.725162],[139.911976,35.725335],[139.912312,35.725868],[139.912459,35.726101],[139.911886,35.726338],[139.911315,35.726576]]]},"properties":{}},{"type":"Feature","geometry":{"type":"Polygon","coordinates":[[[139.912459,35.726101],[139.912312,35.725868],[139.911976,35.725335],[139.911867,35.725162],[139.911693,35.724886],[139.91151,35.724596],[139.911451,35.724502],[139.911297,35.724258],[139.912398,35.723786],[139.91261,35.724128],[139.912767,35.724385],[139.912793,35.724427],[139.912994,35.724734],[139.913295,35.725231],[139.913567,35.725642],[139.913013,35.725873],[139.912459,35.726101]]]},"properties":{}},{"type":"Feature","geometry":{"type":"Polygon","coordinates":[[[139.913567,35.725642],[139.913873,35.726152],[139.913327,35.726382],[139.913013,35.725873],[139.913567,35.725642]]]},"properties":{}},{"type":"Feature","geometry":{"type":"Polygon","coordinates":[[[139.913567,35.725642],[139.913295,35.725231],[139.913861,35.724993],[139.914124,35.725414],[139.913567,35.725642]]]},"properties":{}},{"type":"Feature","geometry":{"type":"Polygon","coordinates":[[[139.914124,35.725414],[139.913861,35.724993],[139.913837,35.724954],[139.913745,35.724807],[139.913565,35.724497],[139.91341,35.724268],[139.913337,35.724152],[139.913276,35.724053],[139.913169,35.723882],[139.912964,35.723553],[139.913529,35.723321],[139.913733,35.723647],[139.913843,35.723822],[139.913969,35.724024],[139.913973,35.72403],[139.91411,35.72425],[139.914252,35.724477],[139.914395,35.724705],[139.914541,35.724938],[139.914549,35.724951],[139.914687,35.725171],[139.914124,35.725414]]]},"properties":{}},{"type":"Feature","geometry":{"type":"Polygon","coordinates":[[[139.905764,35.722259],[139.906212,35.721935],[139.906677,35.721549],[139.906731,35.721506],[139.907432,35.72262],[139.907734,35.723106],[139.907899,35.723372],[139.908071,35.723649],[139.906934,35.72413],[139.906774,35.72387],[139.906378,35.723242],[139.906189,35.722942],[139.905764,35.722259]]]},"properties":{}},{"type":"Feature","geometry":{"type":"Polygon","coordinates":[[[139.906774,35.72387],[139.904854,35.724683],[139.904575,35.724235],[139.904443,35.724026],[139.904131,35.723515],[139.904295,35.723365],[139.904388,35.723284],[139.904505,35.723198],[139.904601,35.723145],[139.904726,35.723076],[139.904764,35.723049],[139.905081,35.722794],[139.905764,35.722259],[139.906189,35.722942],[139.906378,35.723242],[139.906774,35.72387]]]},"properties":{}},{"type":"Feature","geometry":{"type":"Polygon","coordinates":[[[139.906934,35.72413],[139.907338,35.724788],[139.905426,35.725584],[139.904854,35.724683],[139.906774,35.72387],[139.906934,35.72413]]]},"properties":{}},{"type":"Feature","geometry":{"type":"Polygon","coordinates":[[[139.906934,35.72413],[139.908071,35.723649],[139.908412,35.724198],[139.90825,35.724522],[139.908191,35.724676],[139.908142,35.724771],[139.907815,35.725259],[139.907771,35.725316],[139.907703,35.725373],[139.907338,35.724788],[139.906934,35.72413]]]},"properties":{}},{"type":"Feature","geometry":{"type":"Polygon","coordinates":[[[139.907703,35.725373],[139.907887,35.725672],[139.907905,35.7257],[139.907121,35.726024],[139.905994,35.726489],[139.905426,35.725584],[139.907338,35.724788],[139.907703,35.725373]]]},"properties":{}},{"type":"Feature","geometry":{"type":"Polygon","coordinates":[[[139.91367,35.717284],[139.913059,35.717552],[139.912957,35.717387],[139.91292,35.717327],[139.913623,35.717029],[139.91367,35.717284]]]},"properties":{}},{"type":"Feature","geometry":{"type":"Polygon","coordinates":[[[139.913697,35.717458],[139.913146,35.717694],[139.913059,35.717552],[139.91367,35.717284],[139.913697,35.717458]]]},"properties":{}},{"type":"Feature","geometry":{"type":"Polygon","coordinates":[[[139.913583,35.718368],[139.913518,35.718278],[139.91332,35.717975],[139.913165,35.717724],[139.913146,35.717694],[139.913697,35.717458],[139.913723,35.717631],[139.913753,35.717825],[139.913797,35.718111],[139.913779,35.718164],[139.913583,35.718368]]]},"properties":{}},{"type":"Feature","geometry":{"type":"Polygon","coordinates":[[[139.872078,35.695309],[139.871831,35.695492],[139.871648,35.695633],[139.871451,35.695796],[139.871133,35.696026],[139.871105,35.696001],[139.870768,35.6957],[139.870568,35.695519],[139.870598,35.695512],[139.870669,35.69546],[139.871016,35.695271],[139.871229,35.695159],[139.871293,35.695125],[139.871654,35.694924],[139.872049,35.695283],[139.872078,35.695309]]]},"properties":{}},{"type":"Feature","geometry":{"type":"Polygon","coordinates":[[[139.871654,35.694924],[139.87205,35.694715],[139.872253,35.694606],[139.872578,35.694432],[139.872677,35.694681],[139.872739,35.694771],[139.872764,35.694796],[139.872172,35.695242],[139.872078,35.695309],[139.872049,35.695283],[139.871654,35.694924]]]},"properties":{}},{"type":"Feature","geometry":{"type":"Polygon","coordinates":[[[139.871654,35.694924],[139.871293,35.695125],[139.871229,35.695159],[139.871016,35.695271],[139.870584,35.694642],[139.870868,35.694514],[139.871247,35.694325],[139.871654,35.694924]]]},"properties":{}},{"type":"Feature","geometry":{"type":"Polygon","coordinates":[[[139.871247,35.694325],[139.871527,35.694237],[139.871651,35.694173],[139.871701,35.694146],[139.872232,35.693871],[139.872322,35.694035],[139.872379,35.694133],[139.872479,35.69424],[139.872111,35.69435],[139.872253,35.694606],[139.87205,35.694715],[139.871654,35.694924],[139.871247,35.694325]]]},"properties":{}},{"type":"Feature","geometry":{"type":"Polygon","coordinates":[[[139.871133,35.696026],[139.870951,35.696159],[139.870773,35.696292],[139.870744,35.696268],[139.870406,35.695992],[139.870768,35.6957],[139.871105,35.696001],[139.871133,35.696026]]]},"properties":{}},{"type":"Feature","geometry":{"type":"Polygon","coordinates":[[[139.869892,35.694961],[139.870584,35.694642],[139.871016,35.695271],[139.870669,35.69546],[139.870598,35.695512],[139.870568,35.695519],[139.870447,35.695411],[139.870401,35.695342],[139.870162,35.69512],[139.869892,35.694961]]]},"properties":{}},{"type":"Feature","geometry":{"type":"Polygon","coordinates":[[[139.872253,35.694606],[139.872111,35.69435],[139.872479,35.69424],[139.872507,35.694269],[139.872573,35.694399],[139.872578,35.694432],[139.872253,35.694606]]]},"properties":{}},{"type":"Feature","geometry":{"type":"Polygon","coordinates":[[[139.914324,35.722991],[139.913529,35.723321],[139.913372,35.72307],[139.913281,35.722925],[139.913094,35.722625],[139.912998,35.722471],[139.912968,35.722424],[139.912911,35.722333],[139.912622,35.721871],[139.912961,35.721737],[139.912989,35.721651],[139.913388,35.721487],[139.913607,35.721847],[139.913701,35.721996],[139.91385,35.722234],[139.913951,35.722391],[139.913987,35.722448],[139.914324,35.722991]]]},"properties":{}},{"type":"Feature","geometry":{"type":"Polygon","coordinates":[[[139.913388,35.721487],[139.912989,35.721651],[139.912961,35.721737],[139.912622,35.721871],[139.912411,35.721534],[139.913259,35.72129],[139.913388,35.721487]]]},"properties":{}},{"type":"Feature","geometry":{"type":"Polygon","coordinates":[[[139.913259,35.72129],[139.912411,35.721534],[139.912379,35.721483],[139.912165,35.721144],[139.912054,35.720968],[139.912853,35.720641],[139.913259,35.72129]]]},"properties":{}},{"type":"Feature","geometry":{"type":"Polygon","coordinates":[[[139.912853,35.720641],[139.912759,35.720491],[139.913344,35.720247],[139.913356,35.720266],[139.913683,35.720794],[139.913721,35.720855],[139.913798,35.72097],[139.913852,35.721052],[139.913259,35.72129],[139.912853,35.720641]]]},"properties":{}},{"type":"Feature","geometry":{"type":"Polygon","coordinates":[[[139.912853,35.720641],[139.912054,35.720968],[139.911812,35.720587],[139.911957,35.720449],[139.912096,35.720281],[139.912387,35.719898],[139.912612,35.720256],[139.912759,35.720491],[139.912853,35.720641]]]},"properties":{}},{"type":"Feature","geometry":{"type":"Polygon","coordinates":[[[139.912612,35.720256],[139.913168,35.720024],[139.913197,35.720011],[139.913251,35.720097],[139.913284,35.720083],[139.913716,35.719909],[139.913736,35.719933],[139.913842,35.720069],[139.913463,35.720223],[139.913356,35.720266],[139.913344,35.720247],[139.912759,35.720491],[139.912612,35.720256]]]},"properties":{}},{"type":"Feature","geometry":{"type":"Polygon","coordinates":[[[139.912387,35.719898],[139.91252,35.719721],[139.912573,35.719732],[139.912929,35.719588],[139.913197,35.720011],[139.913168,35.720024],[139.912612,35.720256],[139.912387,35.719898]]]},"properties":{}},{"type":"Feature","geometry":{"type":"Polygon","coordinates":[[[139.912387,35.719898],[139.912096,35.720281],[139.911866,35.719915],[139.912283,35.719732],[139.912387,35.719898]]]},"properties":{}},{"type":"Feature","geometry":{"type":"Polygon","coordinates":[[[139.912283,35.719732],[139.912146,35.719513],[139.912103,35.719443],[139.91269,35.719209],[139.912777,35.719348],[139.91252,35.719721],[139.912387,35.719898],[139.912283,35.719732]]]},"properties":{}},{"type":"Feature","geometry":{"type":"Polygon","coordinates":[[[139.912283,35.719732],[139.911866,35.719915],[139.912096,35.720281],[139.911957,35.720449],[139.911812,35.720587],[139.911681,35.72038],[139.911581,35.720221],[139.911489,35.720076],[139.911357,35.719866],[139.911234,35.719671],[139.912035,35.719335],[139.912103,35.719443],[139.912146,35.719513],[139.912283,35.719732]]]},"properties":{}},{"type":"Feature","geometry":{"type":"Polygon","coordinates":[[[139.912035,35.719335],[139.911996,35.719273],[139.912587,35.719043],[139.91269,35.719209],[139.912103,35.719443],[139.912035,35.719335]]]},"properties":{}},{"type":"Feature","geometry":{"type":"Polygon","coordinates":[[[139.912035,35.719335],[139.911234,35.719671],[139.910973,35.71978],[139.910781,35.719486],[139.909941,35.719832],[139.909858,35.719694],[139.909774,35.719554],[139.909659,35.719362],[139.909364,35.718871],[139.909276,35.718823],[139.909385,35.718716],[139.90981,35.718363],[139.910279,35.717968],[139.910881,35.717471],[139.911209,35.718016],[139.911375,35.71828],[139.911502,35.718484],[139.911814,35.718982],[139.911996,35.719273],[139.912035,35.719335]]]},"properties":{}},{"type":"Feature","geometry":{"type":"Polygon","coordinates":[[[139.911814,35.718982],[139.9124,35.718745],[139.912536,35.718963],[139.912587,35.719043],[139.911996,35.719273],[139.911814,35.718982]]]},"properties":{}},{"type":"Feature","geometry":{"type":"Polygon","coordinates":[[[139.911375,35.71828],[139.91164,35.718168],[139.911955,35.718034],[139.912024,35.718145],[139.91206,35.718203],[139.912082,35.718237],[139.9124,35.718745],[139.911814,35.718982],[139.911502,35.718484],[139.911375,35.71828]]]},"properties":{}},{"type":"Feature","geometry":{"type":"Polygon","coordinates":[[[139.909042,35.728864],[139.909899,35.728414],[139.910183,35.728816],[139.909237,35.72924],[139.909042,35.728864]]]},"properties":{}},{"type":"Feature","geometry":{"type":"Polygon","coordinates":[[[139.906258,35.730427],[139.906483,35.7308],[139.906343,35.730851],[139.906144,35.730927],[139.905938,35.731007],[139.905837,35.731045],[139.905752,35.731072],[139.905636,35.731108],[139.905536,35.73113],[139.905241,35.731202],[139.905034,35.731252],[139.90488,35.731288],[139.904768,35.731316],[139.90462,35.731357],[139.904462,35.731411],[139.904358,35.731447],[139.904257,35.731489],[139.904159,35.731532],[139.90409,35.731563],[139.903887,35.731668],[139.903687,35.731772],[139.903336,35.731957],[139.903165,35.732042],[139.903017,35.732122],[139.902867,35.731963],[139.903777,35.731498],[139.903889,35.731425],[139.90395,35.731387],[139.904312,35.731198],[139.904342,35.731188],[139.904827,35.731018],[139.90509,35.730926],[139.90511,35.730917],[139.905576,35.730707],[139.905587,35.730702],[139.906258,35.730427]]]},"properties":{}},{"type":"Feature","geometry":{"type":"Polygon","coordinates":[[[139.902867,35.731963],[139.902816,35.731923],[139.902309,35.732153],[139.902226,35.731994],[139.901987,35.731646],[139.901971,35.731622],[139.901945,35.731581],[139.901931,35.731556],[139.902207,35.731472],[139.902711,35.731301],[139.903172,35.731124],[139.904097,35.730737],[139.90522,35.73025],[139.905966,35.729954],[139.905982,35.729983],[139.906119,35.730204],[139.906258,35.730427],[139.905587,35.730702],[139.905576,35.730707],[139.90511,35.730917],[139.90509,35.730926],[139.904827,35.731018],[139.904342,35.731188],[139.904312,35.731198],[139.90395,35.731387],[139.903889,35.731425],[139.903777,35.731498],[139.902867,35.731963]]]},"properties":{}},{"type":"Feature","geometry":{"type":"Polygon","coordinates":[[[139.909044,35.725188],[139.907887,35.725672],[139.907703,35.725373],[139.907771,35.725316],[139.907815,35.725259],[139.908142,35.724771],[139.908191,35.724676],[139.90825,35.724522],[139.908412,35.724198],[139.909044,35.725188]]]},"properties":{}},{"type":"Feature","geometry":{"type":"Polygon","coordinates":[[[139.908412,35.724198],[139.908723,35.723634],[139.90916,35.723103],[139.909511,35.723679],[139.909577,35.723787],[139.909609,35.723839],[139.9097,35.723984],[139.909781,35.724112],[139.909961,35.7244],[139.910031,35.724514],[139.910162,35.724721],[139.909044,35.725188],[139.908412,35.724198]]]},"properties":{}},{"type":"Feature","geometry":{"type":"Polygon","coordinates":[[[139.908071,35.723649],[139.907899,35.723372],[139.909041,35.722914],[139.90916,35.723103],[139.908723,35.723634],[139.908412,35.724198],[139.908071,35.723649]]]},"properties":{}},{"type":"Feature","geometry":{"type":"Polygon","coordinates":[[[139.907734,35.723106],[139.908002,35.722994],[139.908279,35.722879],[139.908261,35.72285],[139.908858,35.72261],[139.909041,35.722914],[139.907899,35.723372],[139.907734,35.723106]]]},"properties":{}},{"type":"Feature","geometry":{"type":"Polygon","coordinates":[[[139.907432,35.72262],[139.907701,35.72251],[139.908002,35.722994],[139.907734,35.723106],[139.907432,35.72262]]]},"properties":{}},{"type":"Feature","geometry":{"type":"Polygon","coordinates":[[[139.906731,35.721506],[139.906996,35.72128],[139.907236,35.721053],[139.907543,35.720796],[139.907661,35.720703],[139.907891,35.721095],[139.908033,35.721317],[139.908321,35.721767],[139.908545,35.722124],[139.908565,35.722156],[139.908266,35.722279],[139.907976,35.722398],[139.907701,35.72251],[139.907432,35.72262],[139.906731,35.721506]]]},"properties":{}},{"type":"Feature","geometry":{"type":"Polygon","coordinates":[[[139.911812,35.720587],[139.912054,35.720968],[139.912165,35.721144],[139.911592,35.721356],[139.911369,35.721011],[139.911379,35.721001],[139.911812,35.720587]]]},"properties":{}},{"type":"Feature","geometry":{"type":"Polygon","coordinates":[[[139.911369,35.721011],[139.911214,35.720758],[139.911165,35.720678],[139.911123,35.72061],[139.911681,35.72038],[139.911812,35.720587],[139.911379,35.721001],[139.911369,35.721011]]]},"properties":{}},{"type":"Feature","geometry":{"type":"Polygon","coordinates":[[[139.911369,35.721011],[139.911592,35.721356],[139.911638,35.721426],[139.911075,35.721663],[139.910914,35.721417],[139.911055,35.72131],[139.911297,35.72108],[139.911369,35.721011]]]},"properties":{}},{"type":"Feature","geometry":{"type":"Polygon","coordinates":[[[139.911297,35.72108],[139.911218,35.720961],[139.910749,35.721147],[139.910603,35.720909],[139.911165,35.720678],[139.911214,35.720758],[139.911369,35.721011],[139.911297,35.72108]]]},"properties":{}},{"type":"Feature","geometry":{"type":"Polygon","coordinates":[[[139.910914,35.721417],[139.910793,35.721219],[139.910749,35.721147],[139.911218,35.720961],[139.911297,35.72108],[139.911055,35.72131],[139.910914,35.721417]]]},"properties":{}},{"type":"Feature","geometry":{"type":"Polygon","coordinates":[[[139.910914,35.721417],[139.911075,35.721663],[139.911228,35.721897],[139.910909,35.721986],[139.910193,35.72214],[139.910414,35.721857],[139.910682,35.721586],[139.910914,35.721417]]]},"properties":{}},{"type":"Feature","geometry":{"type":"Polygon","coordinates":[[[139.910193,35.72214],[139.910047,35.722276],[139.909801,35.721876],[139.909687,35.721692],[139.90966,35.721647],[139.909342,35.721132],[139.909194,35.720893],[139.909167,35.720848],[139.910283,35.720389],[139.910378,35.720544],[139.910465,35.720686],[139.910603,35.720909],[139.910749,35.721147],[139.910793,35.721219],[139.910914,35.721417],[139.910682,35.721586],[139.910414,35.721857],[139.910193,35.72214]]]},"properties":{}},{"type":"Feature","geometry":{"type":"Polygon","coordinates":[[[139.910193,35.72214],[139.910909,35.721986],[139.911228,35.721897],[139.911687,35.72264],[139.91057,35.723104],[139.910527,35.723037],[139.910381,35.722805],[139.910339,35.722739],[139.91024,35.722581],[139.910047,35.722276],[139.910193,35.72214]]]},"properties":{}},{"type":"Feature","geometry":{"type":"Polygon","coordinates":[[[139.910047,35.722276],[139.91024,35.722581],[139.910339,35.722739],[139.909949,35.722889],[139.909925,35.722928],[139.910081,35.723199],[139.91013,35.723206],[139.910527,35.723037],[139.91057,35.723104],[139.910672,35.723266],[139.910709,35.723325],[139.910204,35.723556],[139.910135,35.72356],[139.909871,35.723667],[139.909577,35.723787],[139.909511,35.723679],[139.90916,35.723103],[139.909725,35.722502],[139.910047,35.722276]]]},"properties":{}},{"type":"Feature","geometry":{"type":"Polygon","coordinates":[[[139.90916,35.723103],[139.909041,35.722914],[139.908858,35.72261],[139.908565,35.722156],[139.908545,35.722124],[139.909229,35.721831],[139.909373,35.722049],[139.909801,35.721876],[139.910047,35.722276],[139.909725,35.722502],[139.90916,35.723103]]]},"properties":{}},{"type":"Feature","geometry":{"type":"Polygon","coordinates":[[[139.902717,35.724722],[139.902755,35.724692],[139.903173,35.724335],[139.903328,35.724203],[139.903606,35.723933],[139.903766,35.723781],[139.903884,35.723693],[139.904131,35.723515],[139.904443,35.724026],[139.904575,35.724235],[139.902863,35.724946],[139.902717,35.724722]]]},"properties":{}},{"type":"Feature","geometry":{"type":"Polygon","coordinates":[[[139.902863,35.724946],[139.90314,35.725379],[139.902088,35.725834],[139.901614,35.726014],[139.90209,35.725437],[139.90232,35.725176],[139.902717,35.724722],[139.902863,35.724946]]]},"properties":{}},{"type":"Feature","geometry":{"type":"Polygon","coordinates":[[[139.902863,35.724946],[139.904575,35.724235],[139.904854,35.724683],[139.905426,35.725584],[139.903711,35.72629],[139.90314,35.725379],[139.902863,35.724946]]]},"properties":{}},{"type":"Feature","geometry":{"type":"Polygon","coordinates":[[[139.903711,35.72629],[139.902192,35.726923],[139.901239,35.727314],[139.900929,35.726839],[139.901128,35.726608],[139.901614,35.726014],[139.902088,35.725834],[139.90314,35.725379],[139.903711,35.72629]]]},"properties":{}},{"type":"Feature","geometry":{"type":"Polygon","coordinates":[[[139.903711,35.72629],[139.905426,35.725584],[139.905994,35.726489],[139.904277,35.727198],[139.903711,35.72629]]]},"properties":{}},{"type":"Feature","geometry":{"type":"Polygon","coordinates":[[[139.904277,35.727198],[139.902759,35.727835],[139.901806,35.728229],[139.901239,35.727314],[139.902192,35.726923],[139.903711,35.72629],[139.904277,35.727198]]]},"properties":{}},{"type":"Feature","geometry":{"type":"Polygon","coordinates":[[[139.904277,35.727198],[139.905994,35.726489],[139.906562,35.727384],[139.906198,35.727542],[139.905916,35.727658],[139.905565,35.727804],[139.904869,35.728093],[139.904832,35.728112],[139.90471,35.727891],[139.904277,35.727198]]]},"properties":{}},{"type":"Feature","geometry":{"type":"Polygon","coordinates":[[[139.904832,35.728112],[139.904541,35.728242],[139.904512,35.728249],[139.904381,35.728307],[139.904057,35.728442],[139.903727,35.728571],[139.903326,35.728741],[139.902947,35.728901],[139.902371,35.729143],[139.901806,35.728229],[139.902759,35.727835],[139.904277,35.727198],[139.90471,35.727891],[139.904832,35.728112]]]},"properties":{}},{"type":"Feature","geometry":{"type":"Polygon","coordinates":[[[139.904832,35.728112],[139.904869,35.728093],[139.905565,35.727804],[139.905916,35.727658],[139.906198,35.727542],[139.906562,35.727384],[139.907161,35.728339],[139.907067,35.728378],[139.905707,35.728933],[139.905575,35.72898],[139.905431,35.729025],[139.905404,35.729033],[139.904832,35.728112]]]},"properties":{}},{"type":"Feature","geometry":{"type":"Polygon","coordinates":[[[139.905404,35.729033],[139.90465,35.72935],[139.904057,35.728442],[139.904381,35.728307],[139.904512,35.728249],[139.904541,35.728242],[139.904832,35.728112],[139.905404,35.729033]]]},"properties":{}},{"type":"Feature","geometry":{"type":"Polygon","coordinates":[[[139.907661,35.720703],[139.907829,35.720557],[139.908005,35.720402],[139.908203,35.720196],[139.908358,35.720024],[139.908524,35.719834],[139.908889,35.720397],[139.909167,35.720848],[139.909194,35.720893],[139.909342,35.721132],[139.90966,35.721647],[139.909229,35.721831],[139.908545,35.722124],[139.908321,35.721767],[139.908033,35.721317],[139.907891,35.721095],[139.907661,35.720703]]]},"properties":{}},{"type":"Feature","geometry":{"type":"Polygon","coordinates":[[[139.908858,35.72261],[139.908261,35.72285],[139.907976,35.722398],[139.908266,35.722279],[139.908565,35.722156],[139.908858,35.72261]]]},"properties":{}},{"type":"Feature","geometry":{"type":"Polygon","coordinates":[[[139.909577,35.723787],[139.909871,35.723667],[139.910006,35.723861],[139.9097,35.723984],[139.909609,35.723839],[139.909577,35.723787]]]},"properties":{}},{"type":"Feature","geometry":{"type":"Polygon","coordinates":[[[139.9097,35.723984],[139.910006,35.723861],[139.909871,35.723667],[139.910135,35.72356],[139.910204,35.723556],[139.910709,35.723325],[139.910765,35.723413],[139.910824,35.723507],[139.911099,35.723944],[139.909961,35.7244],[139.909781,35.724112],[139.9097,35.723984]]]},"properties":{}},{"type":"Feature","geometry":{"type":"Polygon","coordinates":[[[139.909961,35.7244],[139.911099,35.723944],[139.911297,35.724258],[139.910162,35.724721],[139.910031,35.724514],[139.909961,35.7244]]]},"properties":{}},{"type":"Feature","geometry":{"type":"Polygon","coordinates":[[[139.911795,35.727366],[139.912954,35.726898],[139.912976,35.726932],[139.91181,35.727402],[139.911795,35.727366]]]},"properties":{}},{"type":"Feature","geometry":{"type":"Polygon","coordinates":[[[139.91181,35.727402],[139.911651,35.727466],[139.911286,35.727595],[139.910368,35.72794],[139.909748,35.72819],[139.90973,35.728162],[139.909728,35.72816],[139.910353,35.72791],[139.910748,35.727759],[139.911621,35.727436],[139.911795,35.727366],[139.91181,35.727402]]]},"properties":{}},{"type":"Feature","geometry":{"type":"Polygon","coordinates":[[[139.91181,35.727402],[139.912976,35.726932],[139.913,35.72697],[139.911834,35.727461],[139.91181,35.727402]]]},"properties":{}},{"type":"Feature","geometry":{"type":"Polygon","coordinates":[[[139.911834,35.727461],[139.911676,35.727527],[139.910985,35.7278],[139.910422,35.728009],[139.909811,35.728283],[139.909771,35.728223],[139.910392,35.727973],[139.911286,35.727595],[139.911651,35.727466],[139.91181,35.727402],[139.911834,35.727461]]]},"properties":{}},{"type":"Feature","geometry":{"type":"Polygon","coordinates":[[[139.911834,35.727461],[139.913,35.72697],[139.913024,35.727007],[139.913275,35.727375],[139.913307,35.727497],[139.912931,35.727643],[139.912827,35.727684],[139.912549,35.727797],[139.912531,35.727806],[139.912113,35.728021],[139.912069,35.728022],[139.911956,35.727844],[139.911853,35.727508],[139.911834,35.727461]]]},"properties":{}},{"type":"Feature","geometry":{"type":"Polygon","coordinates":[[[139.912069,35.728022],[139.911698,35.728177],[139.911333,35.72834],[139.911207,35.728392],[139.910183,35.728816],[139.909899,35.728414],[139.909833,35.728315],[139.910985,35.7278],[139.911676,35.727527],[139.911834,35.727461],[139.911853,35.727508],[139.911956,35.727844],[139.912069,35.728022]]]},"properties":{}},{"type":"Feature","geometry":{"type":"Polygon","coordinates":[[[139.914597,35.731839],[139.914566,35.7319],[139.914503,35.731997],[139.914345,35.732125],[139.914189,35.732218],[139.91409,35.73232],[139.913998,35.732396],[139.913864,35.732478],[139.913812,35.732497],[139.913636,35.732621],[139.913486,35.732703],[139.913329,35.73281],[139.91275,35.733138],[139.91265,35.733311],[139.912602,35.733396],[139.912446,35.733426],[139.91169,35.733559],[139.911594,35.733568],[139.911499,35.73357],[139.911188,35.733078],[139.911056,35.732864],[139.911004,35.732762],[139.910943,35.732623],[139.911275,35.7325],[139.911506,35.732402],[139.911642,35.732344],[139.911516,35.732213],[139.911451,35.732144],[139.911375,35.732095],[139.911276,35.732114],[139.911156,35.731936],[139.911396,35.73186],[139.911495,35.731797],[139.91174,35.73164],[139.911864,35.731646],[139.911899,35.731637],[139.912259,35.731647],[139.912445,35.731657],[139.91254,35.731703],[139.912654,35.731782],[139.912779,35.731884],[139.912897,35.731946],[139.913027,35.731989],[139.913106,35.731976],[139.913278,35.731905],[139.913342,35.731893],[139.913714,35.731879],[139.914115,35.731862],[139.914531,35.731846],[139.914597,35.731839]]]},"properties":{}},{"type":"Feature","geometry":{"type":"Polygon","coordinates":[[[139.91174,35.73164],[139.911689,35.731632],[139.91162,35.731623],[139.911585,35.731612],[139.911553,35.731589],[139.911801,35.731427],[139.912069,35.731247],[139.912283,35.731123],[139.912497,35.731],[139.912672,35.730902],[139.912864,35.730802],[139.912907,35.730905],[139.912973,35.731172],[139.91311,35.731618],[139.912877,35.731663],[139.912718,35.731734],[139.912654,35.731782],[139.91254,35.731703],[139.912445,35.731657],[139.912259,35.731647],[139.911899,35.731637],[139.911864,35.731646],[139.91174,35.73164]]]},"properties":{}},{"type":"Feature","geometry":{"type":"Polygon","coordinates":[[[139.91174,35.73164],[139.911495,35.731797],[139.911396,35.73186],[139.911156,35.731936],[139.911138,35.731907],[139.91135,35.731736],[139.911553,35.731589],[139.911585,35.731612],[139.91162,35.731623],[139.911689,35.731632],[139.91174,35.73164]]]},"properties":{}},{"type":"Feature","geometry":{"type":"Polygon","coordinates":[[[139.902928,35.737237],[139.902732,35.736815],[139.902627,35.736563],[139.902621,35.736551],[139.902598,35.736507],[139.902578,35.736464],[139.90341,35.736324],[139.903405,35.736303],[139.902566,35.736438],[139.902562,35.73643],[139.904516,35.736121],[139.904537,35.736226],[139.904092,35.73633],[139.904008,35.736361],[139.903919,35.736412],[139.903294,35.736545],[139.90329,35.736564],[139.9034,35.737168],[139.903055,35.737205],[139.90296,35.737226],[139.902928,35.737237]]]},"properties":{}},{"type":"Feature","geometry":{"type":"Polygon","coordinates":[[[139.9034,35.737168],[139.903405,35.73731],[139.903413,35.737342],[139.903439,35.737378],[139.903579,35.737536],[139.903597,35.737571],[139.903607,35.737622],[139.903677,35.737975],[139.903282,35.737995],[139.903112,35.737994],[139.903074,35.737995],[139.903082,35.737951],[139.903086,35.737911],[139.903088,35.737833],[139.903088,35.73781],[139.903089,35.737695],[139.903078,35.73762],[139.903057,35.737538],[139.903024,35.737456],[139.902928,35.737237],[139.90296,35.737226],[139.903055,35.737205],[139.9034,35.737168]]]},"properties":{}},{"type":"Feature","geometry":{"type":"Polygon","coordinates":[[[139.9034,35.737168],[139.90329,35.736564],[139.903294,35.736545],[139.903919,35.736412],[139.90403,35.7371],[139.9034,35.737168]]]},"properties":{}},{"type":"Feature","geometry":{"type":"Polygon","coordinates":[[[139.90403,35.7371],[139.904157,35.737955],[139.903677,35.737975],[139.903607,35.737622],[139.903597,35.737571],[139.903579,35.737536],[139.903439,35.737378],[139.903413,35.737342],[139.903405,35.73731],[139.9034,35.737168],[139.90403,35.7371]]]},"properties":{}},{"type":"Feature","geometry":{"type":"Polygon","coordinates":[[[139.90403,35.7371],[139.903919,35.736412],[139.904008,35.736361],[139.904092,35.73633],[139.904537,35.736226],[139.904682,35.737027],[139.90403,35.7371]]]},"properties":{}},{"type":"Feature","geometry":{"type":"Polygon","coordinates":[[[139.904682,35.737027],[139.904826,35.737953],[139.904157,35.737955],[139.90403,35.7371],[139.904682,35.737027]]]},"properties":{}},{"type":"Feature","geometry":{"type":"Polygon","coordinates":[[[139.904682,35.737027],[139.904537,35.736226],[139.905216,35.736075],[139.905951,35.735906],[139.906628,35.735758],[139.906704,35.73578],[139.906865,35.736788],[139.906105,35.736871],[139.90536,35.736953],[139.904682,35.737027]]]},"properties":{}},{"type":"Feature","geometry":{"type":"Polygon","coordinates":[[[139.906865,35.736788],[139.907048,35.737786],[139.906607,35.737898],[139.906275,35.737948],[139.905521,35.737952],[139.905165,35.737952],[139.904826,35.737953],[139.904682,35.737027],[139.90536,35.736953],[139.906105,35.736871],[139.906865,35.736788]]]},"properties":{}},{"type":"Feature","geometry":{"type":"Polygon","coordinates":[[[139.906865,35.736788],[139.906704,35.73578],[139.907623,35.735842],[139.907744,35.736692],[139.906865,35.736788]]]},"properties":{}},{"type":"Feature","geometry":{"type":"Polygon","coordinates":[[[139.907744,35.736692],[139.907844,35.737279],[139.907689,35.737356],[139.907404,35.737523],[139.907048,35.737786],[139.906865,35.736788],[139.907744,35.736692]]]},"properties":{}},{"type":"Feature","geometry":{"type":"Polygon","coordinates":[[[139.907744,35.736692],[139.907623,35.735842],[139.90807,35.735793],[139.908761,35.735706],[139.908816,35.736053],[139.908882,35.736515],[139.908209,35.736629],[139.907744,35.736692]]]},"properties":{}},{"type":"Feature","geometry":{"type":"Polygon","coordinates":[[[139.908882,35.736515],[139.909238,35.736455],[139.909375,35.736934],[139.909389,35.737],[139.908791,35.737007],[139.90849,35.737],[139.908366,35.737018],[139.908279,35.737061],[139.908072,35.737197],[139.907844,35.737279],[139.907744,35.736692],[139.908209,35.736629],[139.908882,35.736515]]]},"properties":{}},{"type":"Feature","geometry":{"type":"Polygon","coordinates":[[[139.908882,35.736515],[139.908816,35.736053],[139.908761,35.735706],[139.908992,35.735681],[139.909073,35.735875],[139.909126,35.736061],[139.909238,35.736455],[139.908882,35.736515]]]},"properties":{}},{"type":"Feature","geometry":{"type":"Polygon","coordinates":[[[139.911553,35.731589],[139.91135,35.731736],[139.911138,35.731907],[139.910698,35.732291],[139.910659,35.732249],[139.910782,35.732143],[139.911074,35.731896],[139.911314,35.731701],[139.91151,35.731556],[139.911625,35.731477],[139.911767,35.731379],[139.912041,35.731205],[139.912249,35.73108],[139.912474,35.730952],[139.912638,35.730856],[139.912799,35.730767],[139.912864,35.730802],[139.912672,35.730902],[139.912497,35.731],[139.912283,35.731123],[139.912069,35.731247],[139.911801,35.731427],[139.911553,35.731589]]]},"properties":{}},{"type":"Feature","geometry":{"type":"Polygon","coordinates":[[[139.911138,35.731907],[139.911156,35.731936],[139.911276,35.732114],[139.911375,35.732095],[139.911451,35.732144],[139.911516,35.732213],[139.911642,35.732344],[139.911506,35.732402],[139.911275,35.7325],[139.910943,35.732623],[139.91089,35.732533],[139.910832,35.732456],[139.910698,35.732291],[139.911138,35.731907]]]},"properties":{}},{"type":"Feature","geometry":{"type":"Polygon","coordinates":[[[139.910588,35.732173],[139.910393,35.731963],[139.910199,35.731774],[139.910039,35.731619],[139.909978,35.731517],[139.909935,35.731398],[139.909792,35.730912],[139.909688,35.730539],[139.90957,35.730152],[139.909555,35.730106],[139.909748,35.730052],[139.90995,35.729994],[139.910227,35.729912],[139.910486,35.729839],[139.910582,35.729813],[139.91072,35.729778],[139.910934,35.729719],[139.91104,35.729688],[139.911139,35.729659],[139.911246,35.729626],[139.911266,35.73003],[139.911297,35.730497],[139.911301,35.730543],[139.911292,35.730728],[139.911277,35.730789],[139.911269,35.730927],[139.911275,35.73101],[139.91128,35.731092],[139.911302,35.731275],[139.911319,35.731312],[139.911347,35.731341],[139.911302,35.731373],[139.911223,35.731448],[139.911127,35.731539],[139.911092,35.731571],[139.911024,35.731646],[139.910953,35.731715],[139.910886,35.731789],[139.910715,35.732045],[139.910684,35.732083],[139.910588,35.732173]]]},"properties":{}},{"type":"Feature","geometry":{"type":"Polygon","coordinates":[[[139.911347,35.731341],[139.911407,35.731299],[139.911438,35.731284],[139.911492,35.731258],[139.911605,35.731185],[139.911811,35.731056],[139.911926,35.730988],[139.912119,35.730897],[139.912297,35.73083],[139.912611,35.730719],[139.912707,35.730725],[139.912584,35.730767],[139.912412,35.730825],[139.912311,35.730861],[139.912143,35.73093],[139.912021,35.730987],[139.91191,35.731047],[139.911836,35.731091],[139.911598,35.731241],[139.911473,35.731325],[139.911354,35.731415],[139.911267,35.731489],[139.911143,35.73161],[139.910974,35.731793],[139.910732,35.732089],[139.910617,35.732205],[139.910588,35.732173],[139.910684,35.732083],[139.910715,35.732045],[139.910886,35.731789],[139.910953,35.731715],[139.911024,35.731646],[139.911092,35.731571],[139.911127,35.731539],[139.911223,35.731448],[139.911302,35.731373],[139.911347,35.731341]]]},"properties":{}},{"type":"Feature","geometry":{"type":"Polygon","coordinates":[[[139.911347,35.731341],[139.911319,35.731312],[139.911302,35.731275],[139.91128,35.731092],[139.911275,35.73101],[139.911514,35.730986],[139.911605,35.731185],[139.911492,35.731258],[139.911438,35.731284],[139.911407,35.731299],[139.911347,35.731341]]]},"properties":{}},{"type":"Feature","geometry":{"type":"Polygon","coordinates":[[[139.913942,35.734327],[139.913851,35.734318],[139.913564,35.734362],[139.913126,35.734457],[139.912884,35.734519],[139.912777,35.734522],[139.912552,35.734532],[139.91238,35.734508],[139.912132,35.734468],[139.911947,35.734485],[139.911773,35.734557],[139.911397,35.734647],[139.911117,35.734646],[139.911124,35.734468],[139.911145,35.734289],[139.911211,35.734096],[139.911255,35.734008],[139.911352,35.733924],[139.911428,35.73384],[139.911444,35.733688],[139.911442,35.73357],[139.911499,35.73357],[139.911594,35.733568],[139.91169,35.733559],[139.912446,35.733426],[139.912602,35.733396],[139.91329,35.733278],[139.914219,35.733106],[139.91454,35.73305],[139.914774,35.733015],[139.914916,35.733005],[139.914833,35.733055],[139.914791,35.733099],[139.914709,35.733236],[139.914638,35.733383],[139.914577,35.733535],[139.914561,35.73357],[139.91452,35.73366],[139.914465,35.733748],[139.914394,35.733826],[139.914287,35.733936],[139.913957,35.734295],[139.913942,35.734327]]]},"properties":{}},{"type":"Feature","geometry":{"type":"Polygon","coordinates":[[[139.913504,35.735277],[139.913276,35.73577],[139.913238,35.735852],[139.913056,35.735845],[139.91205,35.735802],[139.911034,35.735769],[139.911071,35.735269],[139.911117,35.734646],[139.911397,35.734647],[139.911773,35.734557],[139.911947,35.734485],[139.912132,35.734468],[139.91238,35.734508],[139.912552,35.734532],[139.912777,35.734522],[139.912884,35.734519],[139.913126,35.734457],[139.913564,35.734362],[139.913851,35.734318],[139.913942,35.734327],[139.913861,35.734502],[139.913504,35.735277]]]},"properties":{}},{"type":"Feature","geometry":{"type":"Polygon","coordinates":[[[139.912877,35.736371],[139.912675,35.736471],[139.912248,35.73661],[139.912003,35.736674],[139.911583,35.736784],[139.91127,35.736816],[139.910976,35.736848],[139.91098,35.736786],[139.910997,35.736483],[139.911007,35.736297],[139.911034,35.735769],[139.91205,35.735802],[139.913056,35.735845],[139.913238,35.735852],[139.912877,35.736371]]]},"properties":{}},{"type":"Feature","geometry":{"type":"Polygon","coordinates":[[[139.910408,35.733388],[139.910351,35.733399],[139.90984,35.733498],[139.909763,35.73353],[139.90964,35.73324],[139.910406,35.732467],[139.910659,35.732249],[139.910698,35.732291],[139.910532,35.732415],[139.910525,35.732675],[139.910455,35.732995],[139.910433,35.733223],[139.910408,35.733388]]]},"properties":{}},{"type":"Feature","geometry":{"type":"Polygon","coordinates":[[[139.910698,35.732291],[139.910832,35.732456],[139.91089,35.732533],[139.910943,35.732623],[139.911004,35.732762],[139.911056,35.732864],[139.911188,35.733078],[139.911499,35.73357],[139.911442,35.73357],[139.911326,35.733565],[139.9112,35.733548],[139.911071,35.733511],[139.910881,35.733452],[139.910701,35.733415],[139.910408,35.733388],[139.910433,35.733223],[139.910455,35.732995],[139.910525,35.732675],[139.910532,35.732415],[139.910698,35.732291]]]},"properties":{}},{"type":"Feature","geometry":{"type":"Polygon","coordinates":[[[139.910659,35.732249],[139.910406,35.732467],[139.910641,35.732231],[139.910659,35.732249]]]},"properties":{}},{"type":"Feature","geometry":{"type":"Polygon","coordinates":[[[139.910641,35.732231],[139.910754,35.732118],[139.911034,35.731854],[139.911255,35.731655],[139.911451,35.731502],[139.911569,35.731411],[139.911683,35.73133],[139.911908,35.731188],[139.911986,35.731142],[139.912206,35.731023],[139.912356,35.730945],[139.912448,35.730899],[139.912623,35.730824],[139.912773,35.730753],[139.912799,35.730767],[139.912638,35.730856],[139.912474,35.730952],[139.912249,35.73108],[139.912041,35.731205],[139.911767,35.731379],[139.911625,35.731477],[139.91151,35.731556],[139.911314,35.731701],[139.911074,35.731896],[139.910782,35.732143],[139.910659,35.732249],[139.910641,35.732231]]]},"properties":{}},{"type":"Feature","geometry":{"type":"Polygon","coordinates":[[[139.910641,35.732231],[139.910406,35.732467],[139.90964,35.73324],[139.909622,35.733208],[139.910617,35.732205],[139.910641,35.732231]]]},"properties":{}},{"type":"Feature","geometry":{"type":"Polygon","coordinates":[[[139.910617,35.732205],[139.910732,35.732089],[139.911013,35.731829],[139.911227,35.731634],[139.911428,35.731474],[139.911543,35.731389],[139.911674,35.7313],[139.911888,35.731166],[139.911967,35.73112],[139.912188,35.731001],[139.912339,35.730922],[139.912432,35.730876],[139.912607,35.730801],[139.912739,35.730741],[139.912773,35.730753],[139.912623,35.730824],[139.912448,35.730899],[139.912356,35.730945],[139.912206,35.731023],[139.911986,35.731142],[139.911908,35.731188],[139.911683,35.73133],[139.911569,35.731411],[139.911451,35.731502],[139.911255,35.731655],[139.911034,35.731854],[139.910754,35.732118],[139.910641,35.732231],[139.910617,35.732205]]]},"properties":{}},{"type":"Feature","geometry":{"type":"Polygon","coordinates":[[[139.910617,35.732205],[139.909622,35.733208],[139.909599,35.733172],[139.910223,35.732542],[139.910588,35.732173],[139.910617,35.732205]]]},"properties":{}},{"type":"Feature","geometry":{"type":"Polygon","coordinates":[[[139.910588,35.732173],[139.910223,35.732542],[139.909599,35.733172],[139.909465,35.73296],[139.909203,35.732659],[139.909139,35.732502],[139.908951,35.732043],[139.908816,35.731882],[139.908748,35.731821],[139.908527,35.731652],[139.908433,35.731637],[139.908202,35.730864],[139.908174,35.730768],[139.908126,35.730602],[139.908091,35.730474],[139.908217,35.730451],[139.908279,35.730438],[139.908409,35.730412],[139.90851,35.730387],[139.908597,35.730365],[139.908729,35.730328],[139.909007,35.730252],[139.909216,35.730195],[139.909432,35.730138],[139.909555,35.730106],[139.90957,35.730152],[139.909688,35.730539],[139.909792,35.730912],[139.909935,35.731398],[139.909978,35.731517],[139.910039,35.731619],[139.910199,35.731774],[139.910393,35.731963],[139.910588,35.732173]]]},"properties":{}},{"type":"Feature","geometry":{"type":"Polygon","coordinates":[[[139.912707,35.730725],[139.912798,35.730696],[139.913004,35.730632],[139.912803,35.730716],[139.912739,35.730741],[139.912707,35.730725]]]},"properties":{}},{"type":"Feature","geometry":{"type":"Polygon","coordinates":[[[139.912739,35.730741],[139.912607,35.730801],[139.912432,35.730876],[139.912339,35.730922],[139.912188,35.731001],[139.911967,35.73112],[139.911888,35.731166],[139.911674,35.7313],[139.911543,35.731389],[139.911428,35.731474],[139.911227,35.731634],[139.911013,35.731829],[139.910732,35.732089],[139.910974,35.731793],[139.911143,35.73161],[139.911267,35.731489],[139.911354,35.731415],[139.911473,35.731325],[139.911598,35.731241],[139.911836,35.731091],[139.91191,35.731047],[139.912021,35.730987],[139.912143,35.73093],[139.912311,35.730861],[139.912412,35.730825],[139.912584,35.730767],[139.912707,35.730725],[139.912739,35.730741]]]},"properties":{}},{"type":"Feature","geometry":{"type":"Polygon","coordinates":[[[139.912773,35.730753],[139.912834,35.730726],[139.913018,35.730656],[139.912861,35.730736],[139.912799,35.730767],[139.912773,35.730753]]]},"properties":{}},{"type":"Feature","geometry":{"type":"Polygon","coordinates":[[[139.888229,35.728597],[139.887794,35.728949],[139.887755,35.72898],[139.887555,35.728793],[139.887601,35.728666],[139.887803,35.728126],[139.887853,35.728173],[139.888253,35.728558],[139.888229,35.728597]]]},"properties":{}},{"type":"Feature","geometry":{"type":"Polygon","coordinates":[[[139.888253,35.728558],[139.889027,35.727644],[139.889321,35.727695],[139.889363,35.727702],[139.889246,35.727941],[139.889115,35.728093],[139.888857,35.728397],[139.888751,35.728637],[139.888596,35.728864],[139.888587,35.728877],[139.888572,35.728889],[139.888229,35.728597],[139.888253,35.728558]]]},"properties":{}},{"type":"Feature","geometry":{"type":"Polygon","coordinates":[[[139.888253,35.728558],[139.887853,35.728173],[139.887803,35.728126],[139.88805,35.727465],[139.888118,35.727477],[139.888502,35.727548],[139.889027,35.727644],[139.888253,35.728558]]]},"properties":{}},{"type":"Feature","geometry":{"type":"Polygon","coordinates":[[[139.889027,35.727644],[139.888502,35.727548],[139.888118,35.727477],[139.88805,35.727465],[139.888219,35.72701],[139.888443,35.726429],[139.88851,35.726441],[139.888692,35.726475],[139.888915,35.726516],[139.889306,35.726589],[139.889122,35.727286],[139.889027,35.727644]]]},"properties":{}},{"type":"Feature","geometry":{"type":"Polygon","coordinates":[[[139.889306,35.726589],[139.88979,35.726673],[139.889821,35.726678],[139.889749,35.727122],[139.889714,35.727225],[139.889639,35.727351],[139.889408,35.727619],[139.889363,35.727702],[139.889321,35.727695],[139.889027,35.727644],[139.889122,35.727286],[139.889306,35.726589]]]},"properties":{}},{"type":"Feature","geometry":{"type":"Polygon","coordinates":[[[139.889306,35.726589],[139.888915,35.726516],[139.888692,35.726475],[139.88851,35.726441],[139.888443,35.726429],[139.888545,35.726137],[139.888565,35.726082],[139.888696,35.725707],[139.888762,35.725719],[139.889499,35.725846],[139.88942,35.726121],[139.889306,35.726589]]]},"properties":{}},{"type":"Feature","geometry":{"type":"Polygon","coordinates":[[[139.889499,35.725846],[139.889784,35.725897],[139.890044,35.725944],[139.8901,35.725954],[139.889821,35.726678],[139.88979,35.726673],[139.889306,35.726589],[139.88942,35.726121],[139.889499,35.725846]]]},"properties":{}},{"type":"Feature","geometry":{"type":"Polygon","coordinates":[[[139.889499,35.725846],[139.888762,35.725719],[139.888696,35.725707],[139.888837,35.725294],[139.888981,35.724894],[139.889048,35.724907],[139.889716,35.725029],[139.889624,35.725433],[139.889539,35.725714],[139.889499,35.725846]]]},"properties":{}},{"type":"Feature","geometry":{"type":"Polygon","coordinates":[[[139.889716,35.725029],[139.89014,35.725099],[139.890179,35.725093],[139.890135,35.725526],[139.8901,35.725954],[139.890044,35.725944],[139.889784,35.725897],[139.889499,35.725846],[139.889539,35.725714],[139.889624,35.725433],[139.889716,35.725029]]]},"properties":{}},{"type":"Feature","geometry":{"type":"Polygon","coordinates":[[[139.889716,35.725029],[139.889048,35.724907],[139.888981,35.724894],[139.88934,35.723921],[139.889355,35.723878],[139.889438,35.72387],[139.889651,35.723849],[139.890026,35.72385],[139.890016,35.723889],[139.889716,35.725029]]]},"properties":{}},{"type":"Feature","geometry":{"type":"Polygon","coordinates":[[[139.890026,35.72385],[139.890132,35.72385],[139.890335,35.723817],[139.890422,35.723812],[139.890343,35.724038],[139.89027,35.724244],[139.890259,35.724282],[139.890254,35.72433],[139.89025,35.724488],[139.890239,35.724832],[139.890179,35.725093],[139.89014,35.725099],[139.889716,35.725029],[139.890016,35.723889],[139.890026,35.72385]]]},"properties":{}},{"type":"Feature","geometry":{"type":"Polygon","coordinates":[[[139.890026,35.72385],[139.889651,35.723849],[139.889438,35.72387],[139.889355,35.723878],[139.889549,35.723347],[139.889621,35.72332],[139.889842,35.723238],[139.890031,35.723796],[139.890029,35.723814],[139.890026,35.72385]]]},"properties":{}},{"type":"Feature","geometry":{"type":"Polygon","coordinates":[[[139.889842,35.723238],[139.890447,35.723004],[139.890575,35.723483],[139.890656,35.723778],[139.890665,35.723809],[139.890422,35.723812],[139.890335,35.723817],[139.890132,35.72385],[139.890026,35.72385],[139.890029,35.723814],[139.890031,35.723796],[139.889842,35.723238]]]},"properties":{}},{"type":"Feature","geometry":{"type":"Polygon","coordinates":[[[139.895129,35.721368],[139.895482,35.720605],[139.895545,35.720597],[139.895979,35.720639],[139.896063,35.720662],[139.895917,35.720999],[139.896034,35.721236],[139.895971,35.721449],[139.895773,35.721392],[139.895743,35.721454],[139.895716,35.721485],[139.895686,35.721552],[139.895188,35.721387],[139.895129,35.721368]]]},"properties":{}},{"type":"Feature","geometry":{"type":"Polygon","coordinates":[[[139.893047,35.714008],[139.893021,35.714067],[139.892817,35.71454],[139.892782,35.71462],[139.892731,35.714607],[139.89204,35.71443],[139.892262,35.713862],[139.892277,35.713825],[139.892288,35.713794],[139.892979,35.713989],[139.893047,35.714008]]]},"properties":{}},{"type":"Feature","geometry":{"type":"Polygon","coordinates":[[[139.888563,35.728896],[139.888572,35.728889],[139.888587,35.728877],[139.888596,35.728864],[139.888751,35.728637],[139.889552,35.728793],[139.889976,35.728856],[139.889725,35.729278],[139.889708,35.729307],[139.889229,35.729144],[139.888563,35.728896]]]},"properties":{}},{"type":"Feature","geometry":{"type":"Polygon","coordinates":[[[139.889708,35.729307],[139.889415,35.729577],[139.888921,35.73002],[139.888886,35.730051],[139.888711,35.729884],[139.88809,35.729299],[139.88806,35.729272],[139.888098,35.729243],[139.888563,35.728896],[139.889229,35.729144],[139.889708,35.729307]]]},"properties":{}},{"type":"Feature","geometry":{"type":"Polygon","coordinates":[[[139.892928,35.72157],[139.892387,35.721577],[139.892114,35.72158],[139.891896,35.721582],[139.892077,35.720862],[139.892088,35.720817],[139.892145,35.720826],[139.892635,35.720854],[139.893164,35.720885],[139.893152,35.720922],[139.892948,35.721531],[139.892928,35.72157]]]},"properties":{}},{"type":"Feature","geometry":{"type":"Polygon","coordinates":[[[139.893841,35.718972],[139.894382,35.719165],[139.89479,35.719311],[139.894782,35.719334],[139.894691,35.719584],[139.89462,35.71978],[139.894504,35.720122],[139.893529,35.719862],[139.893636,35.719556],[139.893676,35.719443],[139.893701,35.719371],[139.893746,35.719242],[139.893786,35.719129],[139.893832,35.718996],[139.893841,35.718972]]]},"properties":{}},{"type":"Feature","geometry":{"type":"Polygon","coordinates":[[[139.894522,35.716972],[139.893925,35.716771],[139.893545,35.716628],[139.893511,35.716582],[139.893358,35.716371],[139.893491,35.71628],[139.894131,35.715766],[139.894229,35.715798],[139.894363,35.715842],[139.894856,35.716006],[139.894772,35.716251],[139.894746,35.716324],[139.894522,35.716972]]]},"properties":{}},{"type":"Feature","geometry":{"type":"Polygon","coordinates":[[[139.894856,35.716006],[139.895829,35.716327],[139.895601,35.716999],[139.895488,35.717301],[139.895077,35.717161],[139.89476,35.717053],[139.894522,35.716972],[139.894746,35.716324],[139.894772,35.716251],[139.894856,35.716006]]]},"properties":{}},{"type":"Feature","geometry":{"type":"Polygon","coordinates":[[[139.88745,35.706195],[139.887509,35.706302],[139.887603,35.706501],[139.887575,35.706863],[139.887563,35.70734],[139.886787,35.707361],[139.886856,35.706395],[139.88745,35.706195]]]},"properties":{}},{"type":"Feature","geometry":{"type":"Polygon","coordinates":[[[139.886856,35.706395],[139.8868,35.706208],[139.88669,35.705841],[139.887252,35.705806],[139.887323,35.705957],[139.887383,35.70607],[139.88745,35.706195],[139.886856,35.706395]]]},"properties":{}},{"type":"Feature","geometry":{"type":"Polygon","coordinates":[[[139.88619,35.706612],[139.886114,35.706659],[139.88594,35.706694],[139.885846,35.706757],[139.885777,35.706772],[139.885543,35.706821],[139.885444,35.706841],[139.885521,35.7063],[139.8868,35.706208],[139.886856,35.706395],[139.88619,35.706612]]]},"properties":{}},{"type":"Feature","geometry":{"type":"Polygon","coordinates":[[[139.885444,35.706841],[139.88544,35.706898],[139.885332,35.707409],[139.88467,35.707427],[139.884783,35.7069],[139.884939,35.706905],[139.885444,35.706841]]]},"properties":{}},{"type":"Feature","geometry":{"type":"Polygon","coordinates":[[[139.884783,35.7069],[139.885065,35.705541],[139.885633,35.705498],[139.885588,35.705878],[139.885521,35.7063],[139.885444,35.706841],[139.884939,35.706905],[139.884783,35.7069]]]},"properties":{}},{"type":"Feature","geometry":{"type":"Polygon","coordinates":[[[139.885588,35.705878],[139.885633,35.705498],[139.886556,35.705418],[139.88669,35.705841],[139.885588,35.705878]]]},"properties":{}},{"type":"Feature","geometry":{"type":"Polygon","coordinates":[[[139.88669,35.705841],[139.8868,35.706208],[139.885521,35.7063],[139.885588,35.705878],[139.88669,35.705841]]]},"properties":{}},{"type":"Feature","geometry":{"type":"Polygon","coordinates":[[[139.88669,35.705841],[139.886556,35.705418],[139.887062,35.705305],[139.887099,35.705403],[139.887252,35.705806],[139.88669,35.705841]]]},"properties":{}},{"type":"Feature","geometry":{"type":"Polygon","coordinates":[[[139.887252,35.705806],[139.887099,35.705403],[139.887969,35.705254],[139.887964,35.705437],[139.88795,35.705702],[139.887252,35.705806]]]},"properties":{}},{"type":"Feature","geometry":{"type":"Polygon","coordinates":[[[139.88795,35.705702],[139.887992,35.70571],[139.887988,35.705879],[139.887603,35.705983],[139.887383,35.70607],[139.887323,35.705957],[139.887252,35.705806],[139.88795,35.705702]]]},"properties":{}},{"type":"Feature","geometry":{"type":"Polygon","coordinates":[[[139.885023,35.708876],[139.884967,35.709153],[139.884909,35.709377],[139.88486,35.709607],[139.884225,35.709508],[139.884355,35.708944],[139.885023,35.708876]]]},"properties":{}},{"type":"Feature","geometry":{"type":"Polygon","coordinates":[[[139.884355,35.708944],[139.884421,35.708621],[139.884478,35.708375],[139.884548,35.708067],[139.884805,35.708106],[139.884894,35.708119],[139.885172,35.708159],[139.885165,35.70822],[139.885117,35.708464],[139.885023,35.708876],[139.884355,35.708944]]]},"properties":{}},{"type":"Feature","geometry":{"type":"Polygon","coordinates":[[[139.899202,35.734239],[139.899501,35.734136],[139.899574,35.734251],[139.89926,35.73436],[139.896547,35.735298],[139.896455,35.735332],[139.896392,35.735211],[139.896483,35.735178],[139.899202,35.734239]]]},"properties":{}},{"type":"Feature","geometry":{"type":"Polygon","coordinates":[[[139.902146,35.736505],[139.902135,35.736473],[139.902504,35.736405],[139.902548,35.736398],[139.902562,35.73643],[139.902515,35.736437],[139.902146,35.736505]]]},"properties":{}},{"type":"Feature","geometry":{"type":"Polygon","coordinates":[[[139.902562,35.73643],[139.902566,35.736438],[139.902524,35.736444],[139.902259,35.736495],[139.902267,35.73652],[139.90253,35.736472],[139.902578,35.736464],[139.902598,35.736507],[139.902621,35.736551],[139.902627,35.736563],[139.902732,35.736815],[139.90239,35.736917],[139.902285,35.736927],[139.902146,35.736505],[139.902515,35.736437],[139.902562,35.73643]]]},"properties":{}},{"type":"Feature","geometry":{"type":"Polygon","coordinates":[[[139.902562,35.73643],[139.902548,35.736398],[139.904509,35.736089],[139.904516,35.736121],[139.902562,35.73643]]]},"properties":{}},{"type":"Feature","geometry":{"type":"Polygon","coordinates":[[[139.904516,35.736121],[139.904509,35.736089],[139.904547,35.736083],[139.905187,35.735975],[139.905895,35.735844],[139.906194,35.735779],[139.90658,35.735676],[139.906646,35.735655],[139.906666,35.735691],[139.906592,35.735707],[139.906202,35.735812],[139.905906,35.735875],[139.905197,35.736007],[139.904555,35.736115],[139.904516,35.736121]]]},"properties":{}},{"type":"Feature","geometry":{"type":"Polygon","coordinates":[[[139.904555,35.736115],[139.905197,35.736007],[139.905906,35.735875],[139.906202,35.735812],[139.906592,35.735707],[139.906666,35.735691],[139.906704,35.73578],[139.906628,35.735758],[139.905951,35.735906],[139.905216,35.736075],[139.904537,35.736226],[139.904516,35.736121],[139.904555,35.736115]]]},"properties":{}},{"type":"Feature","geometry":{"type":"Polygon","coordinates":[[[139.909238,35.736455],[139.909126,35.736061],[139.909073,35.735875],[139.908992,35.735681],[139.910034,35.735734],[139.911034,35.735769],[139.911007,35.736297],[139.910997,35.736483],[139.91098,35.736786],[139.910976,35.736848],[139.910845,35.736866],[139.91039,35.736929],[139.909976,35.736993],[139.909687,35.737038],[139.90948,35.737031],[139.909389,35.737],[139.909375,35.736934],[139.909238,35.736455]]]},"properties":{}},{"type":"Feature","geometry":{"type":"Polygon","coordinates":[[[139.908992,35.735681],[139.908761,35.735706],[139.90807,35.735793],[139.907623,35.735842],[139.907527,35.735282],[139.907796,35.735078],[139.907996,35.734901],[139.908189,35.734708],[139.908707,35.734193],[139.908776,35.734669],[139.908835,35.735128],[139.908866,35.735353],[139.908874,35.735418],[139.908992,35.735681]]]},"properties":{}},{"type":"Feature","geometry":{"type":"Polygon","coordinates":[[[139.908776,35.734669],[139.90936,35.734556],[139.90945,35.734512],[139.909671,35.734403],[139.909853,35.73438],[139.910267,35.734467],[139.910428,35.734498],[139.910551,35.734521],[139.910609,35.734639],[139.910721,35.734641],[139.911117,35.734646],[139.911071,35.735269],[139.911034,35.735769],[139.910034,35.735734],[139.908992,35.735681],[139.908874,35.735418],[139.908866,35.735353],[139.908835,35.735128],[139.908776,35.734669]]]},"properties":{}},{"type":"Feature","geometry":{"type":"Polygon","coordinates":[[[139.908707,35.734193],[139.909234,35.733657],[139.909293,35.733648],[139.909647,35.733578],[139.909763,35.73353],[139.90984,35.733498],[139.910351,35.733399],[139.910408,35.733388],[139.910701,35.733415],[139.910881,35.733452],[139.911071,35.733511],[139.9112,35.733548],[139.911326,35.733565],[139.911442,35.73357],[139.911444,35.733688],[139.911428,35.73384],[139.911352,35.733924],[139.911255,35.734008],[139.911211,35.734096],[139.911145,35.734289],[139.911124,35.734468],[139.911117,35.734646],[139.910721,35.734641],[139.910609,35.734639],[139.910551,35.734521],[139.910428,35.734498],[139.910267,35.734467],[139.909853,35.73438],[139.909671,35.734403],[139.90945,35.734512],[139.90936,35.734556],[139.908776,35.734669],[139.908707,35.734193]]]},"properties":{}},{"type":"Feature","geometry":{"type":"Polygon","coordinates":[[[139.912446,35.716167],[139.91166,35.715555],[139.911828,35.715394],[139.911397,35.715061],[139.91123,35.715214],[139.911247,35.715228],[139.911121,35.715332],[139.910937,35.715476],[139.910815,35.715414],[139.910756,35.715364],[139.910736,35.715347],[139.910723,35.715336],[139.911477,35.714762],[139.911496,35.714748],[139.912102,35.714286],[139.912564,35.713938],[139.912585,35.713953],[139.913122,35.714371],[139.913965,35.715043],[139.913819,35.715129],[139.912938,35.714441],[139.912768,35.714583],[139.91363,35.715265],[139.913511,35.715362],[139.913473,35.715398],[139.912782,35.71486],[139.912589,35.7147],[139.912056,35.715182],[139.912251,35.71533],[139.912877,35.715815],[139.912643,35.716029],[139.912561,35.716089],[139.912446,35.716167]]]},"properties":{}},{"type":"Feature","geometry":{"type":"Polygon","coordinates":[[[139.912877,35.715815],[139.912251,35.71533],[139.91253,35.71508],[139.912782,35.71486],[139.913473,35.715398],[139.913241,35.715556],[139.913171,35.715594],[139.912877,35.715815]]]},"properties":{}},{"type":"Feature","geometry":{"type":"Polygon","coordinates":[[[139.91363,35.715265],[139.912768,35.714583],[139.912938,35.714441],[139.913819,35.715129],[139.91372,35.715195],[139.91363,35.715265]]]},"properties":{}},{"type":"Feature","geometry":{"type":"Polygon","coordinates":[[[139.913965,35.715043],[139.913122,35.714371],[139.913551,35.714004],[139.914358,35.714646],[139.914446,35.714717],[139.914288,35.714841],[139.914196,35.714909],[139.913965,35.715043]]]},"properties":{}},{"type":"Feature","geometry":{"type":"Polygon","coordinates":[[[139.911357,35.719866],[139.911489,35.720076],[139.910937,35.720307],[139.910807,35.720093],[139.910688,35.719899],[139.910973,35.71978],[139.911234,35.719671],[139.911357,35.719866]]]},"properties":{}},{"type":"Feature","geometry":{"type":"Polygon","coordinates":[[[139.911581,35.720221],[139.911026,35.720452],[139.910937,35.720307],[139.911489,35.720076],[139.911581,35.720221]]]},"properties":{}},{"type":"Feature","geometry":{"type":"Polygon","coordinates":[[[139.911681,35.72038],[139.911123,35.72061],[139.911026,35.720452],[139.911581,35.720221],[139.911681,35.72038]]]},"properties":{}},{"type":"Feature","geometry":{"type":"Polygon","coordinates":[[[139.912411,35.721534],[139.912205,35.721592],[139.912076,35.721628],[139.911815,35.721701],[139.911638,35.721426],[139.911592,35.721356],[139.912165,35.721144],[139.912379,35.721483],[139.912411,35.721534]]]},"properties":{}},{"type":"Feature","geometry":{"type":"Polygon","coordinates":[[[139.912622,35.721871],[139.912911,35.722333],[139.912349,35.722561],[139.911815,35.721701],[139.912076,35.721628],[139.912205,35.721592],[139.912411,35.721534],[139.912622,35.721871]]]},"properties":{}},{"type":"Feature","geometry":{"type":"Polygon","coordinates":[[[139.912998,35.722471],[139.912444,35.722714],[139.912349,35.722561],[139.912911,35.722333],[139.912968,35.722424],[139.912998,35.722471]]]},"properties":{}},{"type":"Feature","geometry":{"type":"Polygon","coordinates":[[[139.913094,35.722625],[139.913281,35.722925],[139.913372,35.72307],[139.913529,35.723321],[139.912964,35.723553],[139.912723,35.723165],[139.912688,35.723108],[139.912502,35.722808],[139.912444,35.722714],[139.912998,35.722471],[139.913094,35.722625]]]},"properties":{}},{"type":"Feature","geometry":{"type":"Polygon","coordinates":[[[139.909763,35.73353],[139.909647,35.733578],[139.909293,35.733648],[139.909234,35.733657],[139.90964,35.73324],[139.909763,35.73353]]]},"properties":{}},{"type":"Feature","geometry":{"type":"Polygon","coordinates":[[[139.90964,35.73324],[139.909234,35.733657],[139.909182,35.733657],[139.90958,35.733251],[139.909622,35.733208],[139.90964,35.73324]]]},"properties":{}},{"type":"Feature","geometry":{"type":"Polygon","coordinates":[[[139.909622,35.733208],[139.90958,35.733251],[139.909182,35.733657],[139.909093,35.733653],[139.909207,35.733559],[139.909599,35.733172],[139.909622,35.733208]]]},"properties":{}},{"type":"Feature","geometry":{"type":"Polygon","coordinates":[[[139.909599,35.733172],[139.909207,35.733559],[139.909093,35.733653],[139.908675,35.734038],[139.908646,35.733539],[139.908517,35.732766],[139.90846,35.732483],[139.908446,35.732211],[139.908425,35.731956],[139.908433,35.731637],[139.908527,35.731652],[139.908748,35.731821],[139.908816,35.731882],[139.908951,35.732043],[139.909139,35.732502],[139.909203,35.732659],[139.909465,35.73296],[139.909599,35.733172]]]},"properties":{}},{"type":"Feature","geometry":{"type":"Polygon","coordinates":[[[139.903306,35.732072],[139.903578,35.731932],[139.903769,35.731831],[139.904045,35.731685],[139.904145,35.731634],[139.904224,35.731597],[139.904335,35.731548],[139.904461,35.731498],[139.904602,35.731789],[139.904696,35.731982],[139.904865,35.73222],[139.904987,35.732356],[139.904917,35.732434],[139.904622,35.732635],[139.904366,35.732794],[139.904173,35.732897],[139.904065,35.732939],[139.903793,35.733071],[139.903463,35.732591],[139.903606,35.732473],[139.903616,35.732424],[139.903612,35.732392],[139.903306,35.732072]]]},"properties":{}},{"type":"Feature","geometry":{"type":"Polygon","coordinates":[[[139.913372,35.713861],[139.913551,35.714004],[139.913122,35.714371],[139.912585,35.713953],[139.912564,35.713938],[139.913024,35.713584],[139.913038,35.713595],[139.913372,35.713861]]]},"properties":{}},{"type":"Feature","geometry":{"type":"Polygon","coordinates":[[[139.910298,35.717605],[139.910206,35.717901],[139.910279,35.717968],[139.90981,35.718363],[139.909516,35.718122],[139.909208,35.717879],[139.909835,35.71734],[139.910298,35.717605]]]},"properties":{}},{"type":"Feature","geometry":{"type":"Polygon","coordinates":[[[139.909835,35.71734],[139.909463,35.717127],[139.909746,35.716881],[139.910019,35.717089],[139.910165,35.717207],[139.910237,35.717264],[139.910358,35.717349],[139.910542,35.717492],[139.91038,35.717549],[139.910312,35.717584],[139.910298,35.717605],[139.909835,35.71734]]]},"properties":{}},{"type":"Feature","geometry":{"type":"Polygon","coordinates":[[[139.909835,35.71734],[139.909208,35.717879],[139.908844,35.717593],[139.908693,35.717474],[139.908621,35.717413],[139.908775,35.717283],[139.908978,35.717078],[139.909137,35.716941],[139.909226,35.716992],[139.909463,35.717127],[139.909835,35.71734]]]},"properties":{}},{"type":"Feature","geometry":{"type":"Polygon","coordinates":[[[139.909137,35.716941],[139.908925,35.716819],[139.908989,35.716762],[139.909066,35.716716],[139.909251,35.716477],[139.909419,35.716611],[139.909538,35.716712],[139.90956,35.716732],[139.909746,35.716881],[139.909463,35.717127],[139.909226,35.716992],[139.909137,35.716941]]]},"properties":{}},{"type":"Feature","geometry":{"type":"Polygon","coordinates":[[[139.910127,35.720134],[139.910004,35.719935],[139.909941,35.719832],[139.910781,35.719486],[139.910973,35.71978],[139.910688,35.719899],[139.910127,35.720134]]]},"properties":{}},{"type":"Feature","geometry":{"type":"Polygon","coordinates":[[[139.910688,35.719899],[139.910807,35.720093],[139.910241,35.72032],[139.910186,35.720231],[139.910127,35.720134],[139.910688,35.719899]]]},"properties":{}},{"type":"Feature","geometry":{"type":"Polygon","coordinates":[[[139.9124,35.718745],[139.913518,35.718278],[139.913583,35.718368],[139.913566,35.718386],[139.91347,35.718486],[139.913385,35.718577],[139.913109,35.718912],[139.913086,35.718936],[139.912974,35.718786],[139.912536,35.718963],[139.9124,35.718745]]]},"properties":{}},{"type":"Feature","geometry":{"type":"Polygon","coordinates":[[[139.912536,35.718963],[139.912974,35.718786],[139.913086,35.718936],[139.913023,35.71902],[139.912777,35.719348],[139.91269,35.719209],[139.912587,35.719043],[139.912536,35.718963]]]},"properties":{}},{"type":"Feature","geometry":{"type":"Polygon","coordinates":[[[139.912777,35.719348],[139.913023,35.71902],[139.913163,35.719199],[139.913447,35.719563],[139.913626,35.719793],[139.913716,35.719909],[139.913284,35.720083],[139.913251,35.720097],[139.913197,35.720011],[139.912929,35.719588],[139.912777,35.719348]]]},"properties":{}},{"type":"Feature","geometry":{"type":"Polygon","coordinates":[[[139.912929,35.719588],[139.912573,35.719732],[139.91252,35.719721],[139.912777,35.719348],[139.912929,35.719588]]]},"properties":{}},{"type":"Feature","geometry":{"type":"Polygon","coordinates":[[[139.906888,35.718879],[139.90717,35.718643],[139.907368,35.718482],[139.907444,35.718544],[139.907829,35.71821],[139.907976,35.718325],[139.908128,35.718443],[139.908339,35.718608],[139.907844,35.719031],[139.907678,35.718906],[139.907498,35.718757],[139.907127,35.719066],[139.906963,35.718945],[139.906888,35.718879]]]},"properties":{}},{"type":"Feature","geometry":{"type":"Polygon","coordinates":[[[139.907127,35.719066],[139.90727,35.719182],[139.906946,35.719473],[139.907146,35.719619],[139.906887,35.719844],[139.906615,35.72008],[139.906299,35.719836],[139.906451,35.71971],[139.906379,35.719663],[139.906517,35.719497],[139.906418,35.719412],[139.906963,35.718945],[139.907127,35.719066]]]},"properties":{}},{"type":"Feature","geometry":{"type":"Polygon","coordinates":[[[139.907127,35.719066],[139.907498,35.718757],[139.907678,35.718906],[139.907305,35.719206],[139.90727,35.719182],[139.907127,35.719066]]]},"properties":{}},{"type":"Feature","geometry":{"type":"Polygon","coordinates":[[[139.907305,35.719206],[139.907473,35.719342],[139.907146,35.719619],[139.906946,35.719473],[139.90727,35.719182],[139.907305,35.719206]]]},"properties":{}},{"type":"Feature","geometry":{"type":"Polygon","coordinates":[[[139.907305,35.719206],[139.907678,35.718906],[139.907844,35.719031],[139.907473,35.719342],[139.907305,35.719206]]]},"properties":{}},{"type":"Feature","geometry":{"type":"Polygon","coordinates":[[[139.907473,35.719342],[139.907844,35.719031],[139.908339,35.718608],[139.908576,35.718792],[139.908656,35.718855],[139.909037,35.719152],[139.908708,35.719603],[139.908524,35.719834],[139.908358,35.720024],[139.908295,35.719986],[139.908148,35.719872],[139.908027,35.719774],[139.907861,35.719652],[139.907803,35.719607],[139.907712,35.719535],[139.907473,35.719342]]]},"properties":{}},{"type":"Feature","geometry":{"type":"Polygon","coordinates":[[[139.907712,35.719535],[139.907803,35.719607],[139.907861,35.719652],[139.908027,35.719774],[139.907695,35.720065],[139.907822,35.720161],[139.908148,35.719872],[139.908295,35.719986],[139.908358,35.720024],[139.908203,35.720196],[139.908005,35.720402],[139.907829,35.720557],[139.907661,35.720703],[139.907543,35.720796],[139.907289,35.720604],[139.907224,35.720555],[139.90679,35.720225],[139.906615,35.72008],[139.906887,35.719844],[139.907146,35.719619],[139.907473,35.719342],[139.907712,35.719535]]]},"properties":{}},{"type":"Feature","geometry":{"type":"Polygon","coordinates":[[[139.908148,35.719872],[139.907822,35.720161],[139.907695,35.720065],[139.908027,35.719774],[139.908148,35.719872]]]},"properties":{}},{"type":"Feature","geometry":{"type":"Polygon","coordinates":[[[139.910881,35.717471],[139.910279,35.717968],[139.910206,35.717901],[139.910298,35.717605],[139.910312,35.717584],[139.91038,35.717549],[139.910542,35.717492],[139.910653,35.717453],[139.910796,35.717425],[139.910881,35.717471]]]},"properties":{}},{"type":"Feature","geometry":{"type":"Polygon","coordinates":[[[139.901239,35.727314],[139.900163,35.727768],[139.900198,35.727686],[139.900266,35.727585],[139.900422,35.727405],[139.900929,35.726839],[139.901239,35.727314]]]},"properties":{}},{"type":"Feature","geometry":{"type":"Polygon","coordinates":[[[139.901806,35.728229],[139.900363,35.728821],[139.900346,35.728774],[139.900273,35.728569],[139.900231,35.728404],[139.900191,35.728219],[139.900142,35.728018],[139.90014,35.727907],[139.900146,35.727841],[139.900163,35.727768],[139.901239,35.727314],[139.901806,35.728229]]]},"properties":{}},{"type":"Feature","geometry":{"type":"Polygon","coordinates":[[[139.902371,35.729143],[139.900899,35.729751],[139.900467,35.729026],[139.900363,35.728821],[139.901806,35.728229],[139.902371,35.729143]]]},"properties":{}},{"type":"Feature","geometry":{"type":"Polygon","coordinates":[[[139.913023,35.71902],[139.913086,35.718936],[139.913109,35.718912],[139.913166,35.718976],[139.913418,35.718851],[139.913534,35.718994],[139.913163,35.719199],[139.913023,35.71902]]]},"properties":{}},{"type":"Feature","geometry":{"type":"Polygon","coordinates":[[[139.913163,35.719199],[139.913534,35.718994],[139.913418,35.718851],[139.913166,35.718976],[139.913109,35.718912],[139.913385,35.718577],[139.91347,35.718486],[139.913566,35.718386],[139.913929,35.718779],[139.914222,35.719095],[139.913447,35.719563],[139.913163,35.719199]]]},"properties":{}},{"type":"Feature","geometry":{"type":"Polygon","coordinates":[[[139.913447,35.719563],[139.914222,35.719095],[139.914428,35.719318],[139.913626,35.719793],[139.913447,35.719563]]]},"properties":{}},{"type":"Feature","geometry":{"type":"Polygon","coordinates":[[[139.913626,35.719793],[139.914428,35.719318],[139.914553,35.719453],[139.914678,35.719588],[139.914725,35.719639],[139.9148,35.71972],[139.914927,35.719858],[139.915056,35.719996],[139.915176,35.720126],[139.9153,35.72026],[139.915415,35.720386],[139.915479,35.720457],[139.915173,35.720566],[139.915035,35.720615],[139.914852,35.720674],[139.91464,35.720746],[139.914437,35.72082],[139.914415,35.720791],[139.914299,35.720641],[139.914231,35.720562],[139.914181,35.720504],[139.914065,35.720356],[139.914043,35.720328],[139.913952,35.720211],[139.913918,35.720167],[139.913842,35.720069],[139.913736,35.719933],[139.913716,35.719909],[139.913626,35.719793]]]},"properties":{}},{"type":"Feature","geometry":{"type":"Polygon","coordinates":[[[139.914043,35.720328],[139.913651,35.720495],[139.913533,35.720324],[139.913463,35.720223],[139.913842,35.720069],[139.913918,35.720167],[139.913952,35.720211],[139.914043,35.720328]]]},"properties":{}},{"type":"Feature","geometry":{"type":"Polygon","coordinates":[[[139.914437,35.72082],[139.913852,35.721052],[139.913798,35.72097],[139.913721,35.720855],[139.913683,35.720794],[139.913356,35.720266],[139.913463,35.720223],[139.913533,35.720324],[139.913651,35.720495],[139.914043,35.720328],[139.914065,35.720356],[139.914181,35.720504],[139.914231,35.720562],[139.914299,35.720641],[139.914415,35.720791],[139.914437,35.72082]]]},"properties":{}},{"type":"Feature","geometry":{"type":"Polygon","coordinates":[[[139.906346,35.735071],[139.907473,35.734977],[139.90752,35.735244],[139.907403,35.735321],[139.907297,35.735382],[139.907144,35.735465],[139.906992,35.735535],[139.906772,35.735616],[139.906646,35.735655],[139.906631,35.735616],[139.906346,35.735071]]]},"properties":{}},{"type":"Feature","geometry":{"type":"Polygon","coordinates":[[[139.906646,35.735655],[139.90658,35.735676],[139.906194,35.735779],[139.905895,35.735844],[139.905187,35.735975],[139.904547,35.736083],[139.904509,35.736089],[139.904494,35.736015],[139.904555,35.735864],[139.904609,35.73578],[139.904557,35.735205],[139.905019,35.73518],[139.905368,35.735151],[139.905793,35.735113],[139.906006,35.735097],[139.906021,35.735096],[139.906346,35.735071],[139.906631,35.735616],[139.906646,35.735655]]]},"properties":{}},{"type":"Feature","geometry":{"type":"Polygon","coordinates":[[[139.906646,35.735655],[139.906772,35.735616],[139.906992,35.735535],[139.907144,35.735465],[139.907297,35.735382],[139.907403,35.735321],[139.90752,35.735244],[139.907527,35.735282],[139.907414,35.735355],[139.90731,35.735411],[139.907161,35.735495],[139.907004,35.735563],[139.906788,35.735647],[139.906666,35.735691],[139.906646,35.735655]]]},"properties":{}},{"type":"Feature","geometry":{"type":"Polygon","coordinates":[[[139.906666,35.735691],[139.906788,35.735647],[139.907004,35.735563],[139.907161,35.735495],[139.90731,35.735411],[139.907414,35.735355],[139.907527,35.735282],[139.907623,35.735842],[139.906704,35.73578],[139.906666,35.735691]]]},"properties":{}},{"type":"Feature","geometry":{"type":"Polygon","coordinates":[[[139.909093,35.733653],[139.909182,35.733657],[139.908693,35.734156],[139.908681,35.734094],[139.908675,35.734038],[139.909093,35.733653]]]},"properties":{}},{"type":"Feature","geometry":{"type":"Polygon","coordinates":[[[139.909234,35.733657],[139.908707,35.734193],[139.908693,35.734156],[139.909182,35.733657],[139.909234,35.733657]]]},"properties":{}},{"type":"Feature","geometry":{"type":"Polygon","coordinates":[[[139.908681,35.734094],[139.908693,35.734156],[139.908167,35.734688],[139.907971,35.734874],[139.907767,35.735055],[139.90752,35.735244],[139.907473,35.734977],[139.907845,35.734924],[139.908681,35.734094]]]},"properties":{}},{"type":"Feature","geometry":{"type":"Polygon","coordinates":[[[139.909801,35.721876],[139.909373,35.722049],[139.909229,35.721831],[139.90966,35.721647],[139.909687,35.721692],[139.909801,35.721876]]]},"properties":{}},{"type":"Feature","geometry":{"type":"Polygon","coordinates":[[[139.908889,35.720397],[139.910004,35.719935],[139.910127,35.720134],[139.910186,35.720231],[139.910241,35.72032],[139.910283,35.720389],[139.909167,35.720848],[139.908889,35.720397]]]},"properties":{}},{"type":"Feature","geometry":{"type":"Polygon","coordinates":[[[139.908524,35.719834],[139.908708,35.719603],[139.909037,35.719152],[139.909276,35.718823],[139.909364,35.718871],[139.909659,35.719362],[139.909774,35.719554],[139.909858,35.719694],[139.909941,35.719832],[139.910004,35.719935],[139.908889,35.720397],[139.908524,35.719834]]]},"properties":{}},{"type":"Feature","geometry":{"type":"Polygon","coordinates":[[[139.907905,35.7257],[139.908467,35.72661],[139.908133,35.726751],[139.907939,35.726827],[139.907691,35.726932],[139.907393,35.727054],[139.906619,35.727376],[139.906562,35.727384],[139.905994,35.726489],[139.907121,35.726024],[139.907905,35.7257]]]},"properties":{}},{"type":"Feature","geometry":{"type":"Polygon","coordinates":[[[139.908467,35.72661],[139.909043,35.727513],[139.908813,35.72761],[139.908422,35.727774],[139.90828,35.727838],[139.908027,35.727973],[139.907979,35.727994],[139.90731,35.728279],[139.907253,35.728302],[139.907161,35.728339],[139.906562,35.727384],[139.906619,35.727376],[139.907393,35.727054],[139.907691,35.726932],[139.907939,35.726827],[139.908133,35.726751],[139.908467,35.72661]]]},"properties":{}},{"type":"Feature","geometry":{"type":"Polygon","coordinates":[[[139.904057,35.728442],[139.90465,35.72935],[139.90391,35.729655],[139.903506,35.729823],[139.902958,35.730052],[139.902371,35.729143],[139.902947,35.728901],[139.903326,35.728741],[139.903727,35.728571],[139.904057,35.728442]]]},"properties":{}},{"type":"Feature","geometry":{"type":"Polygon","coordinates":[[[139.907543,35.720796],[139.907236,35.721053],[139.906996,35.72128],[139.906731,35.721506],[139.906677,35.721549],[139.906277,35.721228],[139.905761,35.720819],[139.906074,35.720547],[139.906615,35.72008],[139.90679,35.720225],[139.907224,35.720555],[139.907289,35.720604],[139.907543,35.720796]]]},"properties":{}},{"type":"Feature","geometry":{"type":"Polygon","coordinates":[[[139.910241,35.72032],[139.910807,35.720093],[139.910937,35.720307],[139.910378,35.720544],[139.910283,35.720389],[139.910241,35.72032]]]},"properties":{}},{"type":"Feature","geometry":{"type":"Polygon","coordinates":[[[139.910378,35.720544],[139.910937,35.720307],[139.911026,35.720452],[139.910465,35.720686],[139.910378,35.720544]]]},"properties":{}},{"type":"Feature","geometry":{"type":"Polygon","coordinates":[[[139.910465,35.720686],[139.911026,35.720452],[139.911123,35.72061],[139.911165,35.720678],[139.910603,35.720909],[139.910465,35.720686]]]},"properties":{}},{"type":"Feature","geometry":{"type":"Polygon","coordinates":[[[139.911075,35.721663],[139.911638,35.721426],[139.911815,35.721701],[139.911228,35.721897],[139.911075,35.721663]]]},"properties":{}},{"type":"Feature","geometry":{"type":"Polygon","coordinates":[[[139.911228,35.721897],[139.911815,35.721701],[139.912349,35.722561],[139.912444,35.722714],[139.911872,35.72294],[139.911778,35.722788],[139.911687,35.72264],[139.911228,35.721897]]]},"properties":{}},{"type":"Feature","geometry":{"type":"Polygon","coordinates":[[[139.911778,35.722788],[139.910672,35.723266],[139.91057,35.723104],[139.911687,35.72264],[139.911778,35.722788]]]},"properties":{}},{"type":"Feature","geometry":{"type":"Polygon","coordinates":[[[139.911872,35.72294],[139.911938,35.723047],[139.912071,35.723263],[139.912151,35.723391],[139.912249,35.723547],[139.912398,35.723786],[139.911297,35.724258],[139.911099,35.723944],[139.910824,35.723507],[139.910765,35.723413],[139.910709,35.723325],[139.910672,35.723266],[139.911778,35.722788],[139.911872,35.72294]]]},"properties":{}},{"type":"Feature","geometry":{"type":"Polygon","coordinates":[[[139.911872,35.72294],[139.912444,35.722714],[139.912502,35.722808],[139.911938,35.723047],[139.911872,35.72294]]]},"properties":{}},{"type":"Feature","geometry":{"type":"Polygon","coordinates":[[[139.911938,35.723047],[139.912502,35.722808],[139.912688,35.723108],[139.912723,35.723165],[139.912151,35.723391],[139.912071,35.723263],[139.911938,35.723047]]]},"properties":{}},{"type":"Feature","geometry":{"type":"Polygon","coordinates":[[[139.912151,35.723391],[139.912723,35.723165],[139.912964,35.723553],[139.912398,35.723786],[139.912249,35.723547],[139.912151,35.723391]]]},"properties":{}},{"type":"Feature","geometry":{"type":"Polygon","coordinates":[[[139.912398,35.723786],[139.912964,35.723553],[139.913169,35.723882],[139.913276,35.724053],[139.913337,35.724152],[139.91341,35.724268],[139.913565,35.724497],[139.913745,35.724807],[139.913837,35.724954],[139.913861,35.724993],[139.913295,35.725231],[139.912994,35.724734],[139.912793,35.724427],[139.912767,35.724385],[139.91261,35.724128],[139.912398,35.723786]]]},"properties":{}},{"type":"Feature","geometry":{"type":"Polygon","coordinates":[[[139.910505,35.695799],[139.910546,35.695847],[139.910761,35.696145],[139.910809,35.6962],[139.910971,35.696422],[139.91119,35.696882],[139.911151,35.696892],[139.910348,35.697117],[139.910334,35.697091],[139.910081,35.696606],[139.909821,35.696112],[139.910471,35.695815],[139.910505,35.695799]]]},"properties":{}},{"type":"Feature","geometry":{"type":"Polygon","coordinates":[[[139.909821,35.696112],[139.90911,35.695127],[139.909716,35.694791],[139.909752,35.694771],[139.909863,35.694927],[139.909961,35.695064],[139.909988,35.695101],[139.910505,35.695799],[139.910471,35.695815],[139.909821,35.696112]]]},"properties":{}},{"type":"Feature","geometry":{"type":"Polygon","coordinates":[[[139.909821,35.696112],[139.910081,35.696606],[139.910334,35.697091],[139.910348,35.697117],[139.909619,35.69733],[139.909603,35.697298],[139.909152,35.696415],[139.909821,35.696112]]]},"properties":{}},{"type":"Feature","geometry":{"type":"Polygon","coordinates":[[[139.909152,35.696415],[139.908464,35.695492],[139.90911,35.695127],[139.909821,35.696112],[139.909152,35.696415]]]},"properties":{}},{"type":"Feature","geometry":{"type":"Polygon","coordinates":[[[139.909152,35.696415],[139.909603,35.697298],[139.909619,35.69733],[139.90906,35.697489],[139.909017,35.697501],[139.909012,35.696975],[139.909011,35.696885],[139.908948,35.696779],[139.908819,35.696564],[139.909152,35.696415]]]},"properties":{}},{"type":"Feature","geometry":{"type":"Polygon","coordinates":[[[139.908819,35.696564],[139.908535,35.696689],[139.90823,35.696275],[139.907895,35.695807],[139.908464,35.695492],[139.909152,35.696415],[139.908819,35.696564]]]},"properties":{}},{"type":"Feature","geometry":{"type":"Polygon","coordinates":[[[139.908819,35.696564],[139.908948,35.696779],[139.909011,35.696885],[139.909012,35.696975],[139.909017,35.697501],[139.908597,35.697625],[139.908473,35.69766],[139.90805,35.697782],[139.907819,35.697514],[139.907577,35.697118],[139.908239,35.696828],[139.908535,35.696689],[139.908819,35.696564]]]},"properties":{}},{"type":"Feature","geometry":{"type":"Polygon","coordinates":[[[139.907577,35.697118],[139.907333,35.696747],[139.907322,35.696632],[139.907296,35.696587],[139.907048,35.696278],[139.907895,35.695807],[139.90823,35.696275],[139.908535,35.696689],[139.908239,35.696828],[139.907577,35.697118]]]},"properties":{}},{"type":"Feature","geometry":{"type":"Polygon","coordinates":[[[139.906872,35.697439],[139.906644,35.697196],[139.906208,35.696754],[139.907048,35.696278],[139.907296,35.696587],[139.907322,35.696632],[139.907333,35.696747],[139.907577,35.697118],[139.906965,35.697398],[139.906872,35.697439]]]},"properties":{}},{"type":"Feature","geometry":{"type":"Polygon","coordinates":[[[139.905035,35.700216],[139.905433,35.700353],[139.905594,35.700408],[139.905645,35.700426],[139.906006,35.70055],[139.905618,35.701287],[139.904664,35.700941],[139.905035,35.700216]]]},"properties":{}},{"type":"Feature","geometry":{"type":"Polygon","coordinates":[[[139.904664,35.700941],[139.904141,35.700769],[139.903677,35.700619],[139.904051,35.699877],[139.905035,35.700216],[139.904664,35.700941]]]},"properties":{}},{"type":"Feature","geometry":{"type":"Polygon","coordinates":[[[139.907379,35.708617],[139.906498,35.70859],[139.906521,35.708272],[139.906544,35.708024],[139.906537,35.707986],[139.90662,35.707997],[139.907075,35.708078],[139.907564,35.708074],[139.907413,35.708506],[139.907379,35.708617]]]},"properties":{}},{"type":"Feature","geometry":{"type":"Polygon","coordinates":[[[139.907572,35.708067],[139.908107,35.708079],[139.908484,35.708151],[139.908547,35.708183],[139.908621,35.708225],[139.908697,35.70827],[139.908789,35.70832],[139.908882,35.708374],[139.908792,35.708417],[139.908722,35.70846],[139.908522,35.708558],[139.908293,35.708664],[139.908247,35.708618],[139.908238,35.708613],[139.907499,35.708266],[139.90756,35.7081],[139.907572,35.708067]]]},"properties":{}},{"type":"Feature","geometry":{"type":"Polygon","coordinates":[[[139.907591,35.708015],[139.90749,35.708014],[139.907168,35.708009],[139.906998,35.707988],[139.906953,35.707981],[139.907245,35.707443],[139.907342,35.707473],[139.907612,35.707563],[139.907803,35.707628],[139.907598,35.707995],[139.907591,35.708015]]]},"properties":{}},{"type":"Feature","geometry":{"type":"Polygon","coordinates":[[[139.907803,35.707628],[139.908785,35.70796],[139.908647,35.708182],[139.908537,35.708121],[139.908408,35.708098],[139.908225,35.708055],[139.908091,35.708024],[139.907843,35.708016],[139.907591,35.708015],[139.907598,35.707995],[139.907803,35.707628]]]},"properties":{}},{"type":"Feature","geometry":{"type":"Polygon","coordinates":[[[139.907803,35.707628],[139.907612,35.707563],[139.90763,35.707529],[139.907813,35.70719],[139.908004,35.707255],[139.90796,35.707332],[139.907824,35.707589],[139.907803,35.707628]]]},"properties":{}},{"type":"Feature","geometry":{"type":"Polygon","coordinates":[[[139.90796,35.707332],[139.90891,35.707657],[139.908961,35.707675],[139.908785,35.70796],[139.907803,35.707628],[139.907824,35.707589],[139.90796,35.707332]]]},"properties":{}},{"type":"Feature","geometry":{"type":"Polygon","coordinates":[[[139.908004,35.707255],[139.908051,35.707169],[139.909008,35.707492],[139.909055,35.707507],[139.908961,35.707675],[139.90891,35.707657],[139.90796,35.707332],[139.908004,35.707255]]]},"properties":{}},{"type":"Feature","geometry":{"type":"Polygon","coordinates":[[[139.908004,35.707255],[139.907813,35.70719],[139.907541,35.707093],[139.90708,35.706931],[139.90723,35.706636],[139.907249,35.706599],[139.908188,35.706913],[139.908164,35.706958],[139.908051,35.707169],[139.908004,35.707255]]]},"properties":{}},{"type":"Feature","geometry":{"type":"Polygon","coordinates":[[[139.908188,35.706913],[139.908893,35.707161],[139.90914,35.707252],[139.909202,35.707275],[139.909168,35.707329],[139.909055,35.707507],[139.909008,35.707492],[139.908051,35.707169],[139.908164,35.706958],[139.908188,35.706913]]]},"properties":{}},{"type":"Feature","geometry":{"type":"Polygon","coordinates":[[[139.908188,35.706913],[139.907249,35.706599],[139.907274,35.706553],[139.907467,35.706202],[139.907878,35.706342],[139.908403,35.706522],[139.90821,35.706872],[139.908188,35.706913]]]},"properties":{}},{"type":"Feature","geometry":{"type":"Polygon","coordinates":[[[139.908403,35.706522],[139.909116,35.706765],[139.908919,35.707116],[139.908893,35.707161],[139.908188,35.706913],[139.90821,35.706872],[139.908403,35.706522]]]},"properties":{}},{"type":"Feature","geometry":{"type":"Polygon","coordinates":[[[139.908403,35.706522],[139.907878,35.706342],[139.90808,35.705946],[139.908618,35.706126],[139.908403,35.706522]]]},"properties":{}},{"type":"Feature","geometry":{"type":"Polygon","coordinates":[[[139.908618,35.706126],[139.908873,35.706209],[139.909332,35.706368],[139.909116,35.706765],[139.908403,35.706522],[139.908618,35.706126]]]},"properties":{}},{"type":"Feature","geometry":{"type":"Polygon","coordinates":[[[139.911052,35.706923],[139.911218,35.706824],[139.911263,35.706797],[139.911325,35.706768],[139.911381,35.706741],[139.911474,35.706795],[139.91199,35.70709],[139.912189,35.7072],[139.912151,35.707245],[139.912113,35.707287],[139.912074,35.707313],[139.912031,35.707332],[139.911972,35.70736],[139.91184,35.707445],[139.911708,35.707549],[139.911645,35.707497],[139.911052,35.706923]]]},"properties":{}},{"type":"Feature","geometry":{"type":"Polygon","coordinates":[[[139.911708,35.707549],[139.911325,35.707966],[139.911172,35.708129],[139.91108,35.708232],[139.911003,35.708187],[139.910849,35.708201],[139.910416,35.70824],[139.909861,35.7083],[139.909252,35.708366],[139.909118,35.708386],[139.908953,35.708323],[139.90896,35.708317],[139.909021,35.708279],[139.909095,35.708223],[139.909215,35.708126],[139.909327,35.708036],[139.909663,35.707759],[139.909805,35.707654],[139.909842,35.707622],[139.909887,35.707585],[139.909975,35.707525],[139.910283,35.707349],[139.910496,35.707234],[139.910782,35.707075],[139.911052,35.706923],[139.911645,35.707497],[139.911708,35.707549]]]},"properties":{}},{"type":"Feature","geometry":{"type":"Polygon","coordinates":[[[139.909215,35.708126],[139.909095,35.708223],[139.909021,35.708279],[139.90896,35.708317],[139.908953,35.708323],[139.908776,35.708255],[139.908704,35.708213],[139.908647,35.708182],[139.908785,35.70796],[139.909145,35.708088],[139.909215,35.708126]]]},"properties":{}},{"type":"Feature","geometry":{"type":"Polygon","coordinates":[[[139.908785,35.70796],[139.908961,35.707675],[139.909055,35.707507],[139.909168,35.707329],[139.909202,35.707275],[139.909278,35.70731],[139.909304,35.707322],[139.909539,35.707459],[139.909658,35.707543],[139.909725,35.707593],[139.909805,35.707654],[139.909663,35.707759],[139.909327,35.708036],[139.909215,35.708126],[139.909145,35.708088],[139.908785,35.70796]]]},"properties":{}},{"type":"Feature","geometry":{"type":"Polygon","coordinates":[[[139.907342,35.707473],[139.907363,35.707434],[139.907455,35.707258],[139.907541,35.707093],[139.907813,35.70719],[139.90763,35.707529],[139.907612,35.707563],[139.907342,35.707473]]]},"properties":{}},{"type":"Feature","geometry":{"type":"Polygon","coordinates":[[[139.907245,35.707443],[139.906876,35.707309],[139.906894,35.707276],[139.906989,35.7071],[139.907455,35.707258],[139.907363,35.707434],[139.907342,35.707473],[139.907245,35.707443]]]},"properties":{}},{"type":"Feature","geometry":{"type":"Polygon","coordinates":[[[139.906876,35.707309],[139.90671,35.707594],[139.906542,35.707531],[139.906343,35.707465],[139.906481,35.707174],[139.906677,35.70724],[139.906833,35.707293],[139.906876,35.707309]]]},"properties":{}},{"type":"Feature","geometry":{"type":"Polygon","coordinates":[[[139.906677,35.70724],[139.906696,35.707204],[139.907027,35.706568],[139.907049,35.706526],[139.90713,35.706556],[139.907214,35.706587],[139.907249,35.706599],[139.90723,35.706636],[139.90708,35.706931],[139.906989,35.7071],[139.906894,35.707276],[139.906876,35.707309],[139.906833,35.707293],[139.906677,35.70724]]]},"properties":{}},{"type":"Feature","geometry":{"type":"Polygon","coordinates":[[[139.906481,35.707174],[139.906499,35.707141],[139.906709,35.706746],[139.906842,35.706497],[139.906862,35.706461],[139.907049,35.706526],[139.907027,35.706568],[139.906696,35.707204],[139.906677,35.70724],[139.906481,35.707174]]]},"properties":{}},{"type":"Feature","geometry":{"type":"Polygon","coordinates":[[[139.905951,35.706997],[139.906046,35.706813],[139.906181,35.70657],[139.906225,35.706585],[139.906709,35.706746],[139.906499,35.707141],[139.906481,35.707174],[139.905951,35.706997]]]},"properties":{}},{"type":"Feature","geometry":{"type":"Polygon","coordinates":[[[139.905485,35.706839],[139.905582,35.70666],[139.906046,35.706813],[139.905951,35.706997],[139.905485,35.706839]]]},"properties":{}},{"type":"Feature","geometry":{"type":"Polygon","coordinates":[[[139.905034,35.706674],[139.905412,35.705962],[139.905819,35.706098],[139.905876,35.706118],[139.905582,35.70666],[139.905485,35.706839],[139.905034,35.706674]]]},"properties":{}},{"type":"Feature","geometry":{"type":"Polygon","coordinates":[[[139.904577,35.70651],[139.904948,35.705858],[139.904975,35.70581],[139.905412,35.705962],[139.905034,35.706674],[139.904967,35.706645],[139.904577,35.70651]]]},"properties":{}},{"type":"Feature","geometry":{"type":"Polygon","coordinates":[[[139.904116,35.706376],[139.904561,35.706524],[139.904506,35.706643],[139.904408,35.706825],[139.904316,35.707001],[139.904173,35.707274],[139.903747,35.707124],[139.903698,35.707107],[139.90399,35.706525],[139.90406,35.706385],[139.904083,35.706373],[139.904116,35.706376]]]},"properties":{}},{"type":"Feature","geometry":{"type":"Polygon","coordinates":[[[139.904456,35.705641],[139.904493,35.705573],[139.904883,35.704852],[139.904955,35.704876],[139.905393,35.705027],[139.905001,35.705763],[139.904975,35.70581],[139.904545,35.70567],[139.904456,35.705641]]]},"properties":{}},{"type":"Feature","geometry":{"type":"Polygon","coordinates":[[[139.904975,35.70581],[139.905001,35.705763],[139.905393,35.705027],[139.905835,35.705173],[139.905436,35.705917],[139.905412,35.705962],[139.904975,35.70581]]]},"properties":{}},{"type":"Feature","geometry":{"type":"Polygon","coordinates":[[[139.905412,35.705962],[139.905436,35.705917],[139.905835,35.705173],[139.906234,35.705318],[139.905843,35.706054],[139.905819,35.706098],[139.905412,35.705962]]]},"properties":{}},{"type":"Feature","geometry":{"type":"Polygon","coordinates":[[[139.905819,35.706098],[139.905843,35.706054],[139.906234,35.705318],[139.90671,35.70548],[139.906756,35.705495],[139.906547,35.705888],[139.906334,35.706278],[139.905876,35.706118],[139.905819,35.706098]]]},"properties":{}},{"type":"Feature","geometry":{"type":"Polygon","coordinates":[[[139.906334,35.706278],[139.906181,35.70657],[139.906046,35.706813],[139.905582,35.70666],[139.905876,35.706118],[139.906334,35.706278]]]},"properties":{}},{"type":"Feature","geometry":{"type":"Polygon","coordinates":[[[139.906334,35.706278],[139.906547,35.705888],[139.906593,35.705904],[139.907328,35.706154],[139.907433,35.706191],[139.907467,35.706202],[139.907274,35.706553],[139.907249,35.706599],[139.907214,35.706587],[139.90713,35.706556],[139.907049,35.706526],[139.906862,35.706461],[139.906334,35.706278]]]},"properties":{}},{"type":"Feature","geometry":{"type":"Polygon","coordinates":[[[139.906862,35.706461],[139.906842,35.706497],[139.906709,35.706746],[139.906225,35.706585],[139.906181,35.70657],[139.906334,35.706278],[139.906862,35.706461]]]},"properties":{}},{"type":"Feature","geometry":{"type":"Polygon","coordinates":[[[139.908893,35.707161],[139.908919,35.707116],[139.909116,35.706765],[139.909576,35.706922],[139.909627,35.706939],[139.909253,35.707235],[139.909202,35.707275],[139.90914,35.707252],[139.908893,35.707161]]]},"properties":{}},{"type":"Feature","geometry":{"type":"Polygon","coordinates":[[[139.909202,35.707275],[139.909253,35.707235],[139.909627,35.706939],[139.910283,35.707349],[139.909975,35.707525],[139.909887,35.707585],[139.909842,35.707622],[139.909805,35.707654],[139.909725,35.707593],[139.909658,35.707543],[139.909539,35.707459],[139.909304,35.707322],[139.909278,35.70731],[139.909202,35.707275]]]},"properties":{}},{"type":"Feature","geometry":{"type":"Polygon","coordinates":[[[139.911001,35.737024],[139.911236,35.736992],[139.911486,35.736959],[139.911752,35.736922],[139.911979,35.73687],[139.91208,35.73684],[139.912761,35.736635],[139.912864,35.736583],[139.913282,35.736363],[139.913614,35.736747],[139.913076,35.736969],[139.91232,35.737251],[139.911741,35.73744],[139.911551,35.73751],[139.911476,35.73738],[139.911447,35.737386],[139.910973,35.737545],[139.91098,35.737287],[139.911001,35.737024]]]},"properties":{}},{"type":"Feature","geometry":{"type":"Polygon","coordinates":[[[139.910973,35.737545],[139.911447,35.737386],[139.911476,35.73738],[139.911551,35.73751],[139.911741,35.73744],[139.91232,35.737251],[139.913076,35.736969],[139.913614,35.736747],[139.91396,35.737211],[139.913857,35.737254],[139.913668,35.737325],[139.913329,35.737434],[139.912571,35.737711],[139.912012,35.737912],[139.911916,35.737949],[139.911808,35.737984],[139.910953,35.738296],[139.910952,35.737884],[139.910956,35.737803],[139.910973,35.737545]]]},"properties":{}},{"type":"Feature","geometry":{"type":"Polygon","coordinates":[[[139.902816,35.731923],[139.902867,35.731963],[139.903017,35.732122],[139.902886,35.732202],[139.902818,35.732246],[139.902762,35.732283],[139.902677,35.732346],[139.902626,35.732389],[139.902496,35.732515],[139.902453,35.732433],[139.902348,35.732238],[139.902309,35.732153],[139.902816,35.731923]]]},"properties":{}},{"type":"Feature","geometry":{"type":"Polygon","coordinates":[[[139.902852,35.735797],[139.902889,35.735656],[139.902903,35.735509],[139.902899,35.735226],[139.902932,35.735215],[139.903174,35.735215],[139.903699,35.735228],[139.903703,35.735497],[139.903711,35.735537],[139.903726,35.735611],[139.903746,35.735693],[139.903765,35.735895],[139.903589,35.73588],[139.903321,35.735877],[139.903066,35.735873],[139.902869,35.735822],[139.902852,35.735797]]]},"properties":{}},{"type":"Feature","geometry":{"type":"Polygon","coordinates":[[[139.903765,35.735895],[139.903746,35.735693],[139.903726,35.735611],[139.903711,35.735537],[139.903703,35.735497],[139.903699,35.735228],[139.904056,35.735251],[139.90449,35.735209],[139.904557,35.735205],[139.904609,35.73578],[139.904555,35.735864],[139.904494,35.736015],[139.904509,35.736089],[139.902548,35.736398],[139.902544,35.73639],[139.903395,35.736256],[139.903388,35.73623],[139.902532,35.736365],[139.902477,35.736246],[139.902426,35.73616],[139.902391,35.736117],[139.902351,35.736078],[139.902369,35.73604],[139.902421,35.735939],[139.902464,35.735903],[139.902607,35.735827],[139.902649,35.735808],[139.902852,35.735797],[139.902869,35.735822],[139.903066,35.735873],[139.903321,35.735877],[139.903589,35.73588],[139.903765,35.735895]]]},"properties":{}},{"type":"Feature","geometry":{"type":"Polygon","coordinates":[[[139.901595,35.733511],[139.90216,35.733573],[139.902347,35.7336],[139.902213,35.733965],[139.901955,35.734673],[139.901863,35.734936],[139.901817,35.73508],[139.901799,35.735211],[139.901796,35.735372],[139.901823,35.735537],[139.901844,35.735625],[139.901894,35.735758],[139.901964,35.735957],[139.901985,35.736019],[139.902125,35.736442],[139.902135,35.736473],[139.901766,35.736541],[139.900623,35.736768],[139.900229,35.735583],[139.899778,35.734572],[139.899574,35.734251],[139.900617,35.73389],[139.900696,35.733859],[139.900909,35.733785],[139.901076,35.733716],[139.901248,35.733637],[139.901362,35.733575],[139.901496,35.733496],[139.901619,35.733417],[139.901923,35.733192],[139.902082,35.733033],[139.902094,35.733104],[139.90202,35.733188],[139.901888,35.733305],[139.901595,35.733511]]]},"properties":{}},{"type":"Feature","geometry":{"type":"Polygon","coordinates":[[[139.902082,35.733033],[139.902248,35.732875],[139.902306,35.732862],[139.90236,35.732864],[139.90241,35.732871],[139.902463,35.732897],[139.902513,35.732938],[139.902553,35.73301],[139.902526,35.733114],[139.902347,35.7336],[139.90216,35.733573],[139.901595,35.733511],[139.901888,35.733305],[139.90202,35.733188],[139.902094,35.733104],[139.902082,35.733033]]]},"properties":{}},{"type":"Feature","geometry":{"type":"Polygon","coordinates":[[[139.902978,35.73461],[139.902955,35.734631],[139.902935,35.734682],[139.902921,35.734764],[139.902895,35.734897],[139.902734,35.734886],[139.902394,35.734788],[139.901955,35.734673],[139.902213,35.733965],[139.902826,35.734124],[139.902834,35.734212],[139.902861,35.734334],[139.902934,35.734476],[139.902963,35.734559],[139.902978,35.73461]]]},"properties":{}},{"type":"Feature","geometry":{"type":"Polygon","coordinates":[[[139.902932,35.735215],[139.902899,35.735226],[139.902903,35.735509],[139.902889,35.735656],[139.902852,35.735797],[139.902649,35.735808],[139.902607,35.735827],[139.902464,35.735903],[139.902421,35.735939],[139.902369,35.73604],[139.902351,35.736078],[139.902294,35.736038],[139.902221,35.736013],[139.902041,35.735971],[139.901964,35.735957],[139.901894,35.735758],[139.901844,35.735625],[139.901823,35.735537],[139.901796,35.735372],[139.901799,35.735211],[139.901817,35.73508],[139.901863,35.734936],[139.901955,35.734673],[139.902394,35.734788],[139.902734,35.734886],[139.902895,35.734897],[139.902923,35.734971],[139.902932,35.735215]]]},"properties":{}},{"type":"Feature","geometry":{"type":"Polygon","coordinates":[[[139.911022,35.73177],[139.911161,35.731622],[139.911291,35.731504],[139.911492,35.73135],[139.911617,35.731264],[139.911848,35.731111],[139.911922,35.731067],[139.912033,35.731007],[139.912153,35.730952],[139.912314,35.730887],[139.912325,35.730907],[139.912177,35.730985],[139.911958,35.731103],[139.911877,35.73115],[139.911678,35.731271],[139.911661,35.731282],[139.91153,35.731373],[139.911417,35.731459],[139.911212,35.731621],[139.911038,35.73178],[139.911022,35.73177]]]},"properties":{}},{"type":"Feature","geometry":{"type":"Polygon","coordinates":[[[139.908279,35.722879],[139.908002,35.722994],[139.907701,35.72251],[139.907976,35.722398],[139.908261,35.72285],[139.908279,35.722879]]]},"properties":{}},{"type":"Feature","geometry":{"type":"Polygon","coordinates":[[[139.905545,35.720645],[139.905859,35.720386],[139.906074,35.720547],[139.905761,35.720819],[139.905545,35.720645]]]},"properties":{}},{"type":"Feature","geometry":{"type":"Polygon","coordinates":[[[139.909013,35.718044],[139.909254,35.718222],[139.908576,35.718792],[139.908339,35.718608],[139.909013,35.718044]]]},"properties":{}},{"type":"Feature","geometry":{"type":"Polygon","coordinates":[[[139.909208,35.717879],[139.909516,35.718122],[139.90981,35.718363],[139.909385,35.718716],[139.909276,35.718823],[139.909037,35.719152],[139.908656,35.718855],[139.908576,35.718792],[139.909254,35.718222],[139.909013,35.718044],[139.909208,35.717879]]]},"properties":{}},{"type":"Feature","geometry":{"type":"Polygon","coordinates":[[[139.907829,35.71821],[139.907444,35.718544],[139.907368,35.718482],[139.90735,35.718466],[139.907397,35.718427],[139.90723,35.718294],[139.907562,35.718002],[139.907829,35.71821]]]},"properties":{}},{"type":"Feature","geometry":{"type":"Polygon","coordinates":[[[139.910527,35.723037],[139.91013,35.723206],[139.910081,35.723199],[139.909925,35.722928],[139.909949,35.722889],[139.910339,35.722739],[139.910381,35.722805],[139.910527,35.723037]]]},"properties":{}},{"type":"Feature","geometry":{"type":"Polygon","coordinates":[[[139.909029,35.721512],[139.909299,35.721399],[139.909415,35.721581],[139.909146,35.721694],[139.909029,35.721512]]]},"properties":{}},{"type":"Feature","geometry":{"type":"Polygon","coordinates":[[[139.9116,35.715509],[139.911444,35.715384],[139.911247,35.715228],[139.91123,35.715214],[139.911397,35.715061],[139.911828,35.715394],[139.91166,35.715555],[139.9116,35.715509]]]},"properties":{}},{"type":"Feature","geometry":{"type":"Polygon","coordinates":[[[139.9116,35.715509],[139.911255,35.7158],[139.911104,35.715686],[139.911444,35.715384],[139.9116,35.715509]]]},"properties":{}},{"type":"Feature","geometry":{"type":"Polygon","coordinates":[[[139.912056,35.715182],[139.912589,35.7147],[139.912782,35.71486],[139.91253,35.71508],[139.912251,35.71533],[139.912056,35.715182]]]},"properties":{}},{"type":"Feature","geometry":{"type":"Polygon","coordinates":[[[139.902958,35.730052],[139.901452,35.730681],[139.900899,35.729751],[139.902371,35.729143],[139.902958,35.730052]]]},"properties":{}},{"type":"Feature","geometry":{"type":"Polygon","coordinates":[[[139.90676,35.730715],[139.906857,35.730691],[139.906981,35.730656],[139.90719,35.730594],[139.907365,35.730548],[139.907486,35.730519],[139.90769,35.730474],[139.907817,35.730449],[139.907959,35.73042],[139.908074,35.730397],[139.908091,35.730474],[139.907968,35.730497],[139.907838,35.730521],[139.907714,35.730547],[139.907541,35.730589],[139.907427,35.730618],[139.90723,35.730676],[139.90692,35.730764],[139.906793,35.730801],[139.90676,35.730715]]]},"properties":{}},{"type":"Feature","geometry":{"type":"Polygon","coordinates":[[[139.906793,35.730801],[139.906709,35.730825],[139.906604,35.730855],[139.90651,35.730885],[139.906409,35.730916],[139.906316,35.730949],[139.90622,35.730989],[139.906125,35.731025],[139.906019,35.731067],[139.905912,35.731107],[139.90582,35.731139],[139.905708,35.731172],[139.905605,35.731198],[139.90546,35.731232],[139.905297,35.731274],[139.905075,35.731325],[139.904929,35.731359],[139.904842,35.73138],[139.904762,35.731401],[139.90461,35.731445],[139.904533,35.73147],[139.904461,35.731498],[139.904335,35.731548],[139.904224,35.731597],[139.904145,35.731634],[139.904045,35.731685],[139.903769,35.731831],[139.903578,35.731932],[139.903306,35.732072],[139.903206,35.732122],[139.903117,35.732172],[139.903015,35.732233],[139.902854,35.732338],[139.902662,35.732477],[139.90254,35.732595],[139.902496,35.732515],[139.902626,35.732389],[139.902677,35.732346],[139.902762,35.732283],[139.902818,35.732246],[139.902886,35.732202],[139.903017,35.732122],[139.903165,35.732042],[139.903336,35.731957],[139.903687,35.731772],[139.903887,35.731668],[139.90409,35.731563],[139.904159,35.731532],[139.904257,35.731489],[139.904358,35.731447],[139.904462,35.731411],[139.90462,35.731357],[139.904768,35.731316],[139.90488,35.731288],[139.905034,35.731252],[139.905241,35.731202],[139.905536,35.73113],[139.905636,35.731108],[139.905752,35.731072],[139.905837,35.731045],[139.905938,35.731007],[139.906144,35.730927],[139.906343,35.730851],[139.906483,35.7308],[139.906651,35.730749],[139.90676,35.730715],[139.906793,35.730801]]]},"properties":{}},{"type":"Feature","geometry":{"type":"Polygon","coordinates":[[[139.90752,35.735244],[139.907767,35.735055],[139.907971,35.734874],[139.908167,35.734688],[139.908693,35.734156],[139.908707,35.734193],[139.908189,35.734708],[139.907996,35.734901],[139.907796,35.735078],[139.907527,35.735282],[139.90752,35.735244]]]},"properties":{}},{"type":"Feature","geometry":{"type":"Polygon","coordinates":[[[139.877781,35.737356],[139.877868,35.737165],[139.878246,35.737281],[139.87816,35.737471],[139.877781,35.737356]]]},"properties":{}},{"type":"Feature","geometry":{"type":"Polygon","coordinates":[[[139.877144,35.737162],[139.877317,35.736776],[139.877362,35.736678],[139.877575,35.736212],[139.877589,35.736181],[139.878086,35.736329],[139.878119,35.736339],[139.878607,35.736484],[139.878592,35.736517],[139.878335,35.737091],[139.877953,35.736974],[139.877868,35.737165],[139.877781,35.737356],[139.877652,35.737318],[139.877144,35.737162]]]},"properties":{}},{"type":"Feature","geometry":{"type":"Polygon","coordinates":[[[139.883136,35.738967],[139.883355,35.738487],[139.883569,35.73802],[139.883583,35.737989],[139.883895,35.738079],[139.883947,35.738094],[139.883923,35.738151],[139.883639,35.738821],[139.883523,35.73909],[139.883481,35.739078],[139.883136,35.738967]]]},"properties":{}},{"type":"Feature","geometry":{"type":"Polygon","coordinates":[[[139.882123,35.738662],[139.882326,35.738215],[139.882571,35.737679],[139.883583,35.737989],[139.883569,35.73802],[139.883355,35.738487],[139.883136,35.738967],[139.882684,35.738831],[139.882161,35.738674],[139.882123,35.738662]]]},"properties":{}},{"type":"Feature","geometry":{"type":"Polygon","coordinates":[[[139.881354,35.738429],[139.881373,35.73839],[139.88148,35.738189],[139.88172,35.737747],[139.881848,35.73746],[139.882571,35.737679],[139.882326,35.738215],[139.882123,35.738662],[139.881687,35.73853],[139.881354,35.738429]]]},"properties":{}},{"type":"Feature","geometry":{"type":"Polygon","coordinates":[[[139.8802,35.73808],[139.880242,35.73799],[139.88041,35.737599],[139.88064,35.737099],[139.88124,35.73728],[139.88154,35.737368],[139.881848,35.73746],[139.88172,35.737747],[139.88148,35.738189],[139.881373,35.73839],[139.881354,35.738429],[139.881099,35.738355],[139.880774,35.738255],[139.8802,35.73808]]]},"properties":{}},{"type":"Feature","geometry":{"type":"Polygon","coordinates":[[[139.879178,35.737777],[139.879622,35.73679],[139.880088,35.73693],[139.88064,35.737099],[139.88041,35.737599],[139.880242,35.73799],[139.8802,35.73808],[139.879734,35.737946],[139.879178,35.737777]]]},"properties":{}},{"type":"Feature","geometry":{"type":"Polygon","coordinates":[[[139.879178,35.737777],[139.879052,35.738047],[139.878949,35.73827],[139.878904,35.738265],[139.878242,35.738059],[139.878215,35.738121],[139.877904,35.738032],[139.877991,35.737847],[139.87816,35.737471],[139.879138,35.737765],[139.879178,35.737777]]]},"properties":{}},{"type":"Feature","geometry":{"type":"Polygon","coordinates":[[[139.87816,35.737471],[139.878246,35.737281],[139.878335,35.737091],[139.878592,35.736517],[139.878607,35.736484],[139.879102,35.736635],[139.879622,35.73679],[139.879178,35.737777],[139.879138,35.737765],[139.87816,35.737471]]]},"properties":{}},{"type":"Feature","geometry":{"type":"Polygon","coordinates":[[[139.893028,35.733322],[139.892987,35.73332],[139.892803,35.733277],[139.892478,35.733239],[139.892413,35.73325],[139.89238,35.733267],[139.892333,35.733291],[139.891989,35.732977],[139.891445,35.73247],[139.891485,35.732439],[139.891963,35.732058],[139.89197,35.732052],[139.892005,35.732024],[139.892038,35.732052],[139.892292,35.732052],[139.892758,35.732123],[139.893269,35.732201],[139.893262,35.73223],[139.893116,35.732913],[139.89309,35.733033],[139.893028,35.733322]]]},"properties":{}},{"type":"Feature","geometry":{"type":"Polygon","coordinates":[[[139.893269,35.732201],[139.893835,35.732292],[139.893834,35.732318],[139.893828,35.73249],[139.893773,35.73275],[139.893709,35.733033],[139.893624,35.733381],[139.893351,35.733348],[139.893249,35.733337],[139.893028,35.733322],[139.89309,35.733033],[139.893116,35.732913],[139.893262,35.73223],[139.893269,35.732201]]]},"properties":{}},{"type":"Feature","geometry":{"type":"Polygon","coordinates":[[[139.893269,35.732201],[139.892758,35.732123],[139.892292,35.732052],[139.892038,35.732052],[139.892005,35.732024],[139.892032,35.732004],[139.892125,35.731961],[139.892345,35.73186],[139.892562,35.731519],[139.892578,35.731482],[139.892984,35.73155],[139.8934,35.731618],[139.893354,35.731824],[139.893269,35.732201]]]},"properties":{}},{"type":"Feature","geometry":{"type":"Polygon","coordinates":[[[139.8934,35.731618],[139.893852,35.731686],[139.893835,35.732292],[139.893269,35.732201],[139.893354,35.731824],[139.8934,35.731618]]]},"properties":{}},{"type":"Feature","geometry":{"type":"Polygon","coordinates":[[[139.896064,35.736944],[139.896071,35.73697],[139.896074,35.737042],[139.89608,35.737395],[139.896077,35.737617],[139.896076,35.737625],[139.896073,35.737661],[139.895803,35.737727],[139.895448,35.737813],[139.895152,35.737884],[139.895156,35.737894],[139.895008,35.737931],[139.895015,35.737946],[139.895873,35.737727],[139.896072,35.737683],[139.896071,35.737696],[139.895871,35.737741],[139.894848,35.73801],[139.894849,35.737941],[139.89485,35.73781],[139.894837,35.737631],[139.89483,35.737612],[139.894831,35.737504],[139.894833,35.737308],[139.894834,35.737224],[139.894831,35.737068],[139.894817,35.736753],[139.894804,35.736454],[139.894762,35.735904],[139.894755,35.735883],[139.894732,35.735825],[139.894921,35.735762],[139.894957,35.735825],[139.895434,35.736286],[139.895623,35.736468],[139.895754,35.736597],[139.895868,35.736723],[139.895998,35.736866],[139.89604,35.736915],[139.896064,35.736944]]]},"properties":{}},{"type":"Feature","geometry":{"type":"Polygon","coordinates":[[[139.896064,35.736944],[139.896314,35.736905],[139.896582,35.736869],[139.89662,35.736852],[139.896627,35.736818],[139.896634,35.73675],[139.896643,35.736479],[139.89664,35.736249],[139.896566,35.735802],[139.896502,35.735536],[139.896514,35.735451],[139.896482,35.735386],[139.896455,35.735332],[139.896547,35.735298],[139.89926,35.73436],[139.899574,35.734251],[139.899778,35.734572],[139.900229,35.735583],[139.900623,35.736768],[139.897051,35.737478],[139.896796,35.73753],[139.896071,35.737696],[139.896072,35.737683],[139.89664,35.737555],[139.896632,35.737524],[139.896073,35.737661],[139.896076,35.737625],[139.896077,35.737617],[139.89608,35.737395],[139.896074,35.737042],[139.896071,35.73697],[139.896064,35.736944]]]},"properties":{}},{"type":"Feature","geometry":{"type":"Polygon","coordinates":[[[139.896073,35.737661],[139.896632,35.737524],[139.89664,35.737555],[139.896072,35.737683],[139.896073,35.737661]]]},"properties":{}},{"type":"Feature","geometry":{"type":"Polygon","coordinates":[[[139.896072,35.737683],[139.895873,35.737727],[139.895015,35.737946],[139.895008,35.737931],[139.895156,35.737894],[139.895152,35.737884],[139.895448,35.737813],[139.895803,35.737727],[139.896073,35.737661],[139.896072,35.737683]]]},"properties":{}},{"type":"Feature","geometry":{"type":"Polygon","coordinates":[[[139.896068,35.737728],[139.895881,35.737769],[139.894848,35.738048],[139.894848,35.73801],[139.895871,35.737741],[139.896071,35.737696],[139.896069,35.737711],[139.896069,35.737714],[139.896068,35.737728]]]},"properties":{}},{"type":"Feature","geometry":{"type":"Polygon","coordinates":[[[139.896067,35.737744],[139.896666,35.737614],[139.896675,35.737643],[139.896391,35.737698],[139.896399,35.737715],[139.896075,35.737791],[139.896063,35.737793],[139.896067,35.737744]]]},"properties":{}},{"type":"Feature","geometry":{"type":"Polygon","coordinates":[[[139.896063,35.737793],[139.895967,35.737809],[139.895052,35.738031],[139.895045,35.738011],[139.895881,35.737785],[139.896067,35.737744],[139.896063,35.737793]]]},"properties":{}},{"type":"Feature","geometry":{"type":"Polygon","coordinates":[[[139.893028,35.733322],[139.893249,35.733337],[139.893351,35.733348],[139.893624,35.733381],[139.893585,35.733546],[139.893505,35.733964],[139.893503,35.733976],[139.893464,35.734142],[139.893452,35.734171],[139.893436,35.734205],[139.893401,35.73429],[139.893183,35.734098],[139.89308,35.734],[139.892778,35.733711],[139.892333,35.733291],[139.89238,35.733267],[139.892413,35.73325],[139.892478,35.733239],[139.892803,35.733277],[139.892987,35.73332],[139.893028,35.733322]]]},"properties":{}},{"type":"Feature","geometry":{"type":"Polygon","coordinates":[[[139.909733,35.728283],[139.908319,35.728923],[139.906684,35.729597],[139.906661,35.729566],[139.908525,35.728764],[139.909717,35.728259],[139.909733,35.728283]]]},"properties":{}},{"type":"Feature","geometry":{"type":"Polygon","coordinates":[[[139.912461,35.730936],[139.912235,35.731064],[139.912033,35.731188],[139.911751,35.731364],[139.911596,35.731465],[139.911489,35.731542],[139.911304,35.731685],[139.911127,35.731825],[139.911116,35.731817],[139.911275,35.731669],[139.911466,35.731521],[139.911586,35.731429],[139.911723,35.731331],[139.912,35.731158],[139.912214,35.731036],[139.912446,35.730917],[139.912461,35.730936]]]},"properties":{}},{"type":"Feature","geometry":{"type":"Polygon","coordinates":[[[139.876398,35.725319],[139.875976,35.725236],[139.876083,35.724573],[139.876086,35.724553],[139.876128,35.724268],[139.876206,35.723986],[139.87627,35.723761],[139.876278,35.723734],[139.877089,35.723884],[139.877215,35.723889],[139.876837,35.724559],[139.876781,35.724635],[139.876398,35.725319]]]},"properties":{}},{"type":"Feature","geometry":{"type":"Polygon","coordinates":[[[139.877215,35.723889],[139.877089,35.723884],[139.876278,35.723734],[139.87634,35.723515],[139.87637,35.723409],[139.876458,35.723143],[139.876524,35.722971],[139.876604,35.722746],[139.87661,35.722729],[139.876742,35.722356],[139.876775,35.722262],[139.877574,35.722424],[139.877903,35.722608],[139.877724,35.722959],[139.877699,35.722998],[139.877612,35.723157],[139.877396,35.723569],[139.877215,35.723889]]]},"properties":{}},{"type":"Feature","geometry":{"type":"Polygon","coordinates":[[[139.877903,35.722608],[139.877574,35.722424],[139.876775,35.722262],[139.876813,35.722169],[139.876921,35.722178],[139.877105,35.722154],[139.877237,35.722126],[139.87741,35.722076],[139.878179,35.7221],[139.877903,35.722608]]]},"properties":{}},{"type":"Feature","geometry":{"type":"Polygon","coordinates":[[[139.878179,35.7221],[139.87741,35.722076],[139.877237,35.722126],[139.877105,35.722154],[139.876921,35.722178],[139.876813,35.722169],[139.876981,35.721681],[139.877044,35.721443],[139.877111,35.72117],[139.877119,35.721138],[139.877237,35.720614],[139.877282,35.720435],[139.877313,35.720292],[139.877355,35.72011],[139.877448,35.719679],[139.877474,35.71957],[139.877486,35.719515],[139.877502,35.719447],[139.877544,35.719319],[139.877828,35.719585],[139.877998,35.719745],[139.878036,35.71978],[139.878162,35.719894],[139.878932,35.720611],[139.878952,35.72063],[139.878901,35.720666],[139.878845,35.720722],[139.878763,35.720891],[139.878682,35.721067],[139.87853,35.721421],[139.878349,35.721774],[139.878179,35.7221]]]},"properties":{}},{"type":"Feature","geometry":{"type":"Polygon","coordinates":[[[139.875976,35.725236],[139.875761,35.725169],[139.875375,35.725016],[139.875262,35.724925],[139.874985,35.724715],[139.874968,35.724588],[139.875001,35.724184],[139.875131,35.724124],[139.875214,35.724083],[139.87525,35.724065],[139.875383,35.724004],[139.875567,35.723927],[139.87582,35.723905],[139.876041,35.723962],[139.876206,35.723986],[139.876128,35.724268],[139.876086,35.724553],[139.876083,35.724573],[139.875976,35.725236]]]},"properties":{}},{"type":"Feature","geometry":{"type":"Polygon","coordinates":[[[139.876206,35.723986],[139.876041,35.723962],[139.87582,35.723905],[139.875567,35.723927],[139.875383,35.724004],[139.87525,35.724065],[139.875214,35.724083],[139.875131,35.724124],[139.874778,35.724006],[139.874429,35.72389],[139.874361,35.723879],[139.874337,35.723875],[139.874123,35.723838],[139.873767,35.723777],[139.87389,35.723274],[139.873903,35.723221],[139.873839,35.723145],[139.874167,35.722791],[139.874563,35.722858],[139.874764,35.722893],[139.874962,35.722922],[139.875108,35.722944],[139.875254,35.722966],[139.87536,35.722982],[139.875419,35.72299],[139.875561,35.723011],[139.875713,35.723009],[139.87577,35.723019],[139.876017,35.723064],[139.876458,35.723143],[139.87637,35.723409],[139.87634,35.723515],[139.876278,35.723734],[139.87627,35.723761],[139.876206,35.723986]]]},"properties":{}},{"type":"Feature","geometry":{"type":"Polygon","coordinates":[[[139.877469,35.714328],[139.877485,35.71437],[139.877475,35.714416],[139.877376,35.71483],[139.877322,35.715068],[139.877245,35.715086],[139.877014,35.715163],[139.876989,35.715171],[139.876697,35.715125],[139.876822,35.714604],[139.877408,35.714354],[139.877469,35.714328]]]},"properties":{}},{"type":"Feature","geometry":{"type":"Polygon","coordinates":[[[139.876822,35.714604],[139.876697,35.715125],[139.876669,35.715256],[139.8766,35.715528],[139.876583,35.715598],[139.876128,35.715529],[139.875662,35.715458],[139.875232,35.715386],[139.87521,35.715382],[139.875174,35.715338],[139.875146,35.715303],[139.875229,35.715267],[139.876316,35.714813],[139.876822,35.714604]]]},"properties":{}},{"type":"Feature","geometry":{"type":"Polygon","coordinates":[[[139.875146,35.715303],[139.875174,35.715338],[139.87521,35.715382],[139.875232,35.715386],[139.875662,35.715458],[139.876128,35.715529],[139.876119,35.715566],[139.875962,35.716186],[139.875859,35.716642],[139.875465,35.716579],[139.875407,35.716552],[139.875349,35.716517],[139.875101,35.716256],[139.875075,35.716222],[139.874983,35.716175],[139.874771,35.716131],[139.874659,35.716082],[139.874449,35.71598],[139.874019,35.715788],[139.874186,35.715715],[139.874286,35.715666],[139.874358,35.715627],[139.874688,35.715494],[139.875146,35.715303]]]},"properties":{}},{"type":"Feature","geometry":{"type":"Polygon","coordinates":[[[139.878246,35.737281],[139.877868,35.737165],[139.877953,35.736974],[139.878335,35.737091],[139.878246,35.737281]]]},"properties":{}},{"type":"Feature","geometry":{"type":"Polygon","coordinates":[[[139.880969,35.694947],[139.881184,35.694992],[139.881622,35.695222],[139.881346,35.695586],[139.881123,35.695641],[139.880695,35.695748],[139.880692,35.695413],[139.880716,35.695363],[139.880969,35.694947]]]},"properties":{}},{"type":"Feature","geometry":{"type":"Polygon","coordinates":[[[139.880874,35.693941],[139.881322,35.693944],[139.881718,35.693962],[139.882013,35.693941],[139.88204,35.694238],[139.881792,35.694313],[139.88159,35.694295],[139.881537,35.694275],[139.881411,35.694212],[139.881106,35.694109],[139.880898,35.694075],[139.880874,35.693941]]]},"properties":{}},{"type":"Feature","geometry":{"type":"Polygon","coordinates":[[[139.893686,35.693972],[139.893946,35.694059],[139.894263,35.694165],[139.894092,35.694508],[139.893774,35.694405],[139.893513,35.69432],[139.893686,35.693972]]]},"properties":{}},{"type":"Feature","geometry":{"type":"Polygon","coordinates":[[[139.893513,35.69432],[139.893774,35.694405],[139.894092,35.694508],[139.894027,35.694638],[139.893912,35.694867],[139.893886,35.694919],[139.893314,35.694719],[139.893338,35.694672],[139.893513,35.69432]]]},"properties":{}},{"type":"Feature","geometry":{"type":"Polygon","coordinates":[[[139.893427,35.69721],[139.893353,35.697367],[139.893283,35.697519],[139.893259,35.69757],[139.892954,35.697479],[139.892649,35.697408],[139.892676,35.69735],[139.892752,35.697189],[139.892844,35.697017],[139.892907,35.697037],[139.893376,35.697193],[139.893427,35.69721]]]},"properties":{}},{"type":"Feature","geometry":{"type":"Polygon","coordinates":[[[139.907339,35.693531],[139.907433,35.69345],[139.907625,35.693357],[139.907777,35.693224],[139.907808,35.693197],[139.907842,35.693221],[139.908227,35.693471],[139.908786,35.693692],[139.908843,35.693713],[139.90892,35.69378],[139.908879,35.693806],[139.908655,35.693953],[139.908505,35.694057],[139.908213,35.694258],[139.908191,35.694239],[139.907339,35.693531]]]},"properties":{}},{"type":"Feature","geometry":{"type":"Polygon","coordinates":[[[139.908213,35.694258],[139.907646,35.694656],[139.907611,35.694629],[139.906804,35.694002],[139.906834,35.693975],[139.907062,35.693776],[139.90723,35.693628],[139.907339,35.693531],[139.908191,35.694239],[139.908213,35.694258]]]},"properties":{}},{"type":"Feature","geometry":{"type":"Polygon","coordinates":[[[139.908213,35.694258],[139.908505,35.694057],[139.908655,35.693953],[139.908879,35.693806],[139.90892,35.69378],[139.909334,35.694207],[139.909366,35.694255],[139.909547,35.694496],[139.909752,35.694771],[139.909716,35.694791],[139.90911,35.695127],[139.909085,35.695101],[139.908766,35.694788],[139.90867,35.694699],[139.908552,35.69458],[139.908516,35.694546],[139.908213,35.694258]]]},"properties":{}},{"type":"Feature","geometry":{"type":"Polygon","coordinates":[[[139.90911,35.695127],[139.908464,35.695492],[139.908438,35.695465],[139.90807,35.695081],[139.907884,35.694894],[139.907646,35.694656],[139.908213,35.694258],[139.908516,35.694546],[139.908552,35.69458],[139.90867,35.694699],[139.908766,35.694788],[139.909085,35.695101],[139.90911,35.695127]]]},"properties":{}},{"type":"Feature","geometry":{"type":"Polygon","coordinates":[[[139.898962,35.711859],[139.899277,35.711042],[139.90022,35.711086],[139.900021,35.711909],[139.898962,35.711859]]]},"properties":{}},{"type":"Feature","geometry":{"type":"Polygon","coordinates":[[[139.900021,35.711909],[139.899833,35.712712],[139.898668,35.712621],[139.898962,35.711859],[139.900021,35.711909]]]},"properties":{}},{"type":"Feature","geometry":{"type":"Polygon","coordinates":[[[139.900021,35.711909],[139.90022,35.711086],[139.901055,35.711134],[139.900999,35.711971],[139.900713,35.711953],[139.90055,35.711943],[139.900021,35.711909]]]},"properties":{}},{"type":"Feature","geometry":{"type":"Polygon","coordinates":[[[139.90055,35.711943],[139.900568,35.711946],[139.900663,35.711953],[139.900713,35.711953],[139.900999,35.711971],[139.900947,35.712766],[139.899833,35.712712],[139.900021,35.711909],[139.90055,35.711943]]]},"properties":{}},{"type":"Feature","geometry":{"type":"Polygon","coordinates":[[[139.900999,35.711971],[139.901055,35.711134],[139.902058,35.711193],[139.90202,35.712033],[139.901722,35.712015],[139.901545,35.712004],[139.901339,35.711992],[139.900999,35.711971]]]},"properties":{}},{"type":"Feature","geometry":{"type":"Polygon","coordinates":[[[139.90202,35.712033],[139.901992,35.712821],[139.901408,35.71279],[139.901215,35.71278],[139.900947,35.712766],[139.900999,35.711971],[139.901339,35.711992],[139.901545,35.712004],[139.901722,35.712015],[139.90202,35.712033]]]},"properties":{}},{"type":"Feature","geometry":{"type":"Polygon","coordinates":[[[139.90202,35.712033],[139.902058,35.711193],[139.902441,35.711215],[139.902954,35.711245],[139.902915,35.712082],[139.90202,35.712033]]]},"properties":{}},{"type":"Feature","geometry":{"type":"Polygon","coordinates":[[[139.902915,35.712082],[139.902821,35.712361],[139.902875,35.712857],[139.901992,35.712821],[139.90202,35.712033],[139.902915,35.712082]]]},"properties":{}},{"type":"Feature","geometry":{"type":"Polygon","coordinates":[[[139.902915,35.712082],[139.902954,35.711245],[139.903783,35.7113],[139.903653,35.712125],[139.902915,35.712082]]]},"properties":{}},{"type":"Feature","geometry":{"type":"Polygon","coordinates":[[[139.903653,35.712125],[139.903584,35.712631],[139.903605,35.712829],[139.903605,35.712868],[139.902875,35.712857],[139.902821,35.712361],[139.902915,35.712082],[139.903653,35.712125]]]},"properties":{}},{"type":"Feature","geometry":{"type":"Polygon","coordinates":[[[139.903653,35.712125],[139.903783,35.7113],[139.903783,35.711274],[139.904316,35.711427],[139.904617,35.711453],[139.904526,35.711638],[139.904311,35.712019],[139.904257,35.712148],[139.903653,35.712125]]]},"properties":{}},{"type":"Feature","geometry":{"type":"Polygon","coordinates":[[[139.904257,35.712148],[139.904212,35.712245],[139.904208,35.712515],[139.904129,35.712551],[139.904087,35.712579],[139.903884,35.712732],[139.903658,35.712858],[139.90362,35.712868],[139.903605,35.712868],[139.903605,35.712829],[139.903584,35.712631],[139.903653,35.712125],[139.904257,35.712148]]]},"properties":{}},{"type":"Feature","geometry":{"type":"Polygon","coordinates":[[[139.913199,35.700178],[139.913194,35.700217],[139.91314,35.700682],[139.913183,35.700688],[139.913302,35.700744],[139.913391,35.700793],[139.913426,35.700815],[139.913453,35.700832],[139.91349,35.700856],[139.913441,35.700906],[139.913344,35.701044],[139.913276,35.701132],[139.913211,35.701216],[139.913081,35.701375],[139.91304,35.701408],[139.913006,35.701436],[139.912946,35.701365],[139.912913,35.701322],[139.912885,35.701274],[139.912858,35.701205],[139.912837,35.701137],[139.912818,35.701028],[139.9128,35.700548],[139.912798,35.70038],[139.91276,35.700264],[139.913047,35.700203],[139.913199,35.700178]]]},"properties":{}},{"type":"Feature","geometry":{"type":"Polygon","coordinates":[[[139.914188,35.69959],[139.914187,35.69963],[139.914186,35.699669],[139.914118,35.699811],[139.913872,35.700197],[139.913761,35.700432],[139.913661,35.700667],[139.91349,35.700856],[139.913453,35.700832],[139.913426,35.700815],[139.913391,35.700793],[139.913302,35.700744],[139.913183,35.700688],[139.91314,35.700682],[139.913194,35.700217],[139.913199,35.700178],[139.913342,35.700144],[139.913486,35.700037],[139.913504,35.700017],[139.913598,35.699862],[139.913851,35.699648],[139.913954,35.699603],[139.914012,35.699591],[139.914188,35.69959]]]},"properties":{}},{"type":"Feature","geometry":{"type":"Polygon","coordinates":[[[139.90608,35.71295],[139.906073,35.71297],[139.906071,35.712983],[139.906063,35.713021],[139.906037,35.713099],[139.906006,35.713164],[139.905953,35.713253],[139.905892,35.713324],[139.905823,35.713387],[139.90577,35.71343],[139.90574,35.713454],[139.905458,35.713605],[139.905055,35.713812],[139.905007,35.713842],[139.904989,35.71382],[139.904964,35.713798],[139.904925,35.713786],[139.904757,35.713773],[139.904855,35.713083],[139.904919,35.712655],[139.905093,35.712716],[139.905215,35.712728],[139.905271,35.712736],[139.905642,35.712943],[139.905678,35.712949],[139.90608,35.71295]]]},"properties":{}},{"type":"Feature","geometry":{"type":"Polygon","coordinates":[[[139.904919,35.712655],[139.904855,35.713083],[139.904251,35.713209],[139.904228,35.713187],[139.904185,35.713163],[139.904183,35.712899],[139.904087,35.712579],[139.904129,35.712551],[139.904208,35.712515],[139.904258,35.712485],[139.90468,35.712521],[139.904772,35.712549],[139.90488,35.712611],[139.904919,35.712655]]]},"properties":{}},{"type":"Feature","geometry":{"type":"Polygon","coordinates":[[[139.904208,35.712515],[139.904212,35.712245],[139.904257,35.712148],[139.904311,35.712019],[139.904526,35.711638],[139.904767,35.711714],[139.904871,35.711732],[139.905159,35.711734],[139.905022,35.712119],[139.905021,35.712141],[139.905041,35.71232],[139.90488,35.712611],[139.904772,35.712549],[139.90468,35.712521],[139.904258,35.712485],[139.904208,35.712515]]]},"properties":{}},{"type":"Feature","geometry":{"type":"Polygon","coordinates":[[[139.904087,35.712579],[139.904183,35.712899],[139.904185,35.713163],[139.904143,35.713158],[139.90398,35.713192],[139.903857,35.713212],[139.903772,35.713222],[139.903756,35.713226],[139.903668,35.713056],[139.90362,35.712868],[139.903658,35.712858],[139.903884,35.712732],[139.904087,35.712579]]]},"properties":{}},{"type":"Feature","geometry":{"type":"Polygon","coordinates":[[[139.90362,35.712868],[139.903668,35.713056],[139.903756,35.713226],[139.903728,35.713235],[139.903646,35.713262],[139.903411,35.713348],[139.903104,35.713368],[139.902984,35.713408],[139.902911,35.713436],[139.902902,35.713393],[139.902875,35.712857],[139.903605,35.712868],[139.90362,35.712868]]]},"properties":{}},{"type":"Feature","geometry":{"type":"Polygon","coordinates":[[[139.902875,35.712857],[139.902902,35.713393],[139.902911,35.713436],[139.902851,35.713448],[139.902558,35.713463],[139.9024,35.713464],[139.902231,35.713457],[139.902211,35.713457],[139.902089,35.713158],[139.902067,35.71311],[139.901995,35.712861],[139.901992,35.712821],[139.902875,35.712857]]]},"properties":{}},{"type":"Feature","geometry":{"type":"Polygon","coordinates":[[[139.901992,35.712821],[139.901995,35.712861],[139.902067,35.71311],[139.902089,35.713158],[139.902211,35.713457],[139.901925,35.713457],[139.901845,35.713457],[139.901279,35.713459],[139.90089,35.713454],[139.900947,35.712766],[139.901215,35.71278],[139.901408,35.71279],[139.901992,35.712821]]]},"properties":{}},{"type":"Feature","geometry":{"type":"Polygon","coordinates":[[[139.900947,35.712766],[139.90089,35.713454],[139.900583,35.713443],[139.900455,35.713439],[139.900363,35.713435],[139.900286,35.713433],[139.900145,35.713428],[139.899939,35.71342],[139.899672,35.713411],[139.899732,35.713149],[139.899833,35.712712],[139.900947,35.712766]]]},"properties":{}},{"type":"Feature","geometry":{"type":"Polygon","coordinates":[[[139.899833,35.712712],[139.899732,35.713149],[139.899672,35.713411],[139.898382,35.713375],[139.898402,35.713321],[139.898524,35.712993],[139.898668,35.712621],[139.899833,35.712712]]]},"properties":{}},{"type":"Feature","geometry":{"type":"Polygon","coordinates":[[[139.898668,35.712621],[139.898524,35.712993],[139.898402,35.713321],[139.897776,35.713165],[139.897387,35.713068],[139.897562,35.712633],[139.897654,35.71237],[139.898668,35.712621]]]},"properties":{}},{"type":"Feature","geometry":{"type":"Polygon","coordinates":[[[139.897654,35.71237],[139.897735,35.712159],[139.897795,35.712002],[139.897923,35.711683],[139.897952,35.711598],[139.89829,35.711685],[139.898669,35.711784],[139.898962,35.711859],[139.898668,35.712621],[139.897654,35.71237]]]},"properties":{}},{"type":"Feature","geometry":{"type":"Polygon","coordinates":[[[139.906317,35.704255],[139.905483,35.70397],[139.905361,35.703929],[139.905413,35.703853],[139.905775,35.703155],[139.90584,35.703176],[139.906729,35.703475],[139.906344,35.704203],[139.906317,35.704255]]]},"properties":{}},{"type":"Feature","geometry":{"type":"Polygon","coordinates":[[[139.906729,35.703475],[139.907665,35.703786],[139.907279,35.704525],[139.907254,35.704575],[139.906317,35.704255],[139.906344,35.704203],[139.906729,35.703475]]]},"properties":{}},{"type":"Feature","geometry":{"type":"Polygon","coordinates":[[[139.907512,35.70194],[139.906623,35.701643],[139.906559,35.701622],[139.906755,35.701246],[139.906949,35.700869],[139.90701,35.700892],[139.907208,35.700957],[139.90756,35.701081],[139.907898,35.701196],[139.907512,35.70194]]]},"properties":{}},{"type":"Feature","geometry":{"type":"Polygon","coordinates":[[[139.907898,35.701196],[139.90883,35.701517],[139.908444,35.702264],[139.907973,35.702093],[139.907512,35.70194],[139.907898,35.701196]]]},"properties":{}},{"type":"Feature","geometry":{"type":"Polygon","coordinates":[[[139.910836,35.699523],[139.911084,35.699921],[139.911244,35.700176],[139.91127,35.700212],[139.910766,35.700495],[139.910687,35.700539],[139.910211,35.700803],[139.910102,35.700861],[139.909851,35.700043],[139.910157,35.699886],[139.910836,35.699523]]]},"properties":{}},{"type":"Feature","geometry":{"type":"Polygon","coordinates":[[[139.911476,35.699184],[139.911827,35.699844],[139.911857,35.699886],[139.91127,35.700212],[139.911244,35.700176],[139.911084,35.699921],[139.910836,35.699523],[139.911476,35.699184]]]},"properties":{}},{"type":"Feature","geometry":{"type":"Polygon","coordinates":[[[139.912141,35.698827],[139.912188,35.698954],[139.912325,35.699252],[139.912412,35.699462],[139.912461,35.699621],[139.912244,35.69967],[139.911857,35.699886],[139.911827,35.699844],[139.911476,35.699184],[139.912141,35.698827]]]},"properties":{}},{"type":"Feature","geometry":{"type":"Polygon","coordinates":[[[139.898257,35.707866],[139.898349,35.707631],[139.898517,35.707175],[139.899605,35.707281],[139.89927,35.708138],[139.898257,35.707866]]]},"properties":{}},{"type":"Feature","geometry":{"type":"Polygon","coordinates":[[[139.89927,35.708138],[139.898992,35.70886],[139.898468,35.708722],[139.897986,35.70859],[139.898169,35.708089],[139.898257,35.707866],[139.89927,35.708138]]]},"properties":{}},{"type":"Feature","geometry":{"type":"Polygon","coordinates":[[[139.89927,35.708138],[139.899605,35.707281],[139.900711,35.707392],[139.900557,35.707762],[139.900496,35.707925],[139.900371,35.708257],[139.900313,35.708409],[139.89927,35.708138]]]},"properties":{}},{"type":"Feature","geometry":{"type":"Polygon","coordinates":[[[139.900313,35.708409],[139.900126,35.70891],[139.900036,35.709137],[139.899704,35.709049],[139.89932,35.708947],[139.898992,35.70886],[139.89927,35.708138],[139.900313,35.708409]]]},"properties":{}},{"type":"Feature","geometry":{"type":"Polygon","coordinates":[[[139.900313,35.708409],[139.900371,35.708257],[139.900496,35.707925],[139.900557,35.707762],[139.900711,35.707392],[139.901102,35.70743],[139.901557,35.707474],[139.901549,35.707514],[139.901488,35.707828],[139.901378,35.708409],[139.901373,35.708437],[139.90097,35.708429],[139.900849,35.708426],[139.900407,35.708417],[139.900313,35.708409]]]},"properties":{}},{"type":"Feature","geometry":{"type":"Polygon","coordinates":[[[139.901373,35.708437],[139.901275,35.708921],[139.900126,35.70891],[139.900313,35.708409],[139.900407,35.708417],[139.900849,35.708426],[139.90097,35.708429],[139.901373,35.708437]]]},"properties":{}},{"type":"Feature","geometry":{"type":"Polygon","coordinates":[[[139.901373,35.708437],[139.901378,35.708409],[139.901488,35.707828],[139.901549,35.707514],[139.901557,35.707474],[139.901891,35.707507],[139.902303,35.707542],[139.902302,35.70758],[139.902289,35.707824],[139.902273,35.707875],[139.902264,35.707993],[139.902254,35.708179],[139.90224,35.70846],[139.901829,35.708444],[139.901373,35.708437]]]},"properties":{}},{"type":"Feature","geometry":{"type":"Polygon","coordinates":[[[139.90224,35.70846],[139.902213,35.708906],[139.901275,35.708921],[139.901373,35.708437],[139.901829,35.708444],[139.90224,35.70846]]]},"properties":{}},{"type":"Feature","geometry":{"type":"Polygon","coordinates":[[[139.90224,35.70846],[139.902254,35.708179],[139.902264,35.707993],[139.902273,35.707875],[139.902289,35.707824],[139.902302,35.70758],[139.902303,35.707542],[139.902856,35.707596],[139.902852,35.707633],[139.902829,35.707846],[139.90281,35.708014],[139.90279,35.708201],[139.90276,35.708473],[139.90224,35.70846]]]},"properties":{}},{"type":"Feature","geometry":{"type":"Polygon","coordinates":[[[139.90276,35.708473],[139.903201,35.708489],[139.903274,35.708492],[139.903195,35.708882],[139.903132,35.708883],[139.902213,35.708906],[139.90224,35.70846],[139.90276,35.708473]]]},"properties":{}},{"type":"Feature","geometry":{"type":"Polygon","coordinates":[[[139.90276,35.708473],[139.90279,35.708201],[139.90281,35.708014],[139.902829,35.707846],[139.902852,35.707633],[139.902856,35.707596],[139.903478,35.707643],[139.903274,35.708492],[139.903201,35.708489],[139.90276,35.708473]]]},"properties":{}},{"type":"Feature","geometry":{"type":"Polygon","coordinates":[[[139.903274,35.708492],[139.903478,35.707643],[139.903966,35.7077],[139.903923,35.708057],[139.903869,35.708506],[139.903274,35.708492]]]},"properties":{}},{"type":"Feature","geometry":{"type":"Polygon","coordinates":[[[139.903869,35.708506],[139.903923,35.708057],[139.903966,35.7077],[139.904478,35.707749],[139.904447,35.70807],[139.904443,35.708111],[139.904418,35.708529],[139.903869,35.708506]]]},"properties":{}},{"type":"Feature","geometry":{"type":"Polygon","coordinates":[[[139.904418,35.708529],[139.904443,35.708111],[139.905049,35.70814],[139.905039,35.708544],[139.904969,35.708546],[139.904418,35.708529]]]},"properties":{}},{"type":"Feature","geometry":{"type":"Polygon","coordinates":[[[139.904969,35.708546],[139.90496,35.708899],[139.904396,35.708897],[139.904418,35.708529],[139.904969,35.708546]]]},"properties":{}},{"type":"Feature","geometry":{"type":"Polygon","coordinates":[[[139.905039,35.708544],[139.905474,35.708559],[139.905464,35.708901],[139.90496,35.708899],[139.904969,35.708546],[139.905039,35.708544]]]},"properties":{}},{"type":"Feature","geometry":{"type":"Polygon","coordinates":[[[139.905039,35.708544],[139.905049,35.70814],[139.905484,35.708161],[139.905474,35.708559],[139.905039,35.708544]]]},"properties":{}},{"type":"Feature","geometry":{"type":"Polygon","coordinates":[[[139.905474,35.708559],[139.905484,35.708161],[139.905505,35.707863],[139.905943,35.707917],[139.905941,35.707952],[139.90593,35.708241],[139.905917,35.708575],[139.905529,35.708561],[139.905474,35.708559]]]},"properties":{}},{"type":"Feature","geometry":{"type":"Polygon","coordinates":[[[139.905917,35.708575],[139.90645,35.70859],[139.906498,35.70859],[139.906471,35.708906],[139.906417,35.708905],[139.905513,35.708901],[139.905464,35.708901],[139.905474,35.708559],[139.905529,35.708561],[139.905917,35.708575]]]},"properties":{}},{"type":"Feature","geometry":{"type":"Polygon","coordinates":[[[139.905917,35.708575],[139.90593,35.708241],[139.906476,35.70827],[139.906521,35.708272],[139.906498,35.70859],[139.90645,35.70859],[139.905917,35.708575]]]},"properties":{}},{"type":"Feature","geometry":{"type":"Polygon","coordinates":[[[139.904291,35.694742],[139.905118,35.695193],[139.904783,35.695488],[139.904589,35.695342],[139.90407,35.694951],[139.904291,35.694742]]]},"properties":{}},{"type":"Feature","geometry":{"type":"Polygon","coordinates":[[[139.904611,35.694441],[139.904657,35.694406],[139.904856,35.694402],[139.905333,35.69419],[139.905373,35.694255],[139.905495,35.694392],[139.905854,35.694743],[139.905502,35.694978],[139.90543,35.695025],[139.905118,35.695193],[139.904291,35.694742],[139.904611,35.694441]]]},"properties":{}},{"type":"Feature","geometry":{"type":"Polygon","coordinates":[[[139.905369,35.694167],[139.905764,35.693923],[139.906328,35.694408],[139.906145,35.694541],[139.905854,35.694743],[139.905495,35.694392],[139.905373,35.694255],[139.905333,35.69419],[139.905369,35.694167]]]},"properties":{}},{"type":"Feature","geometry":{"type":"Polygon","coordinates":[[[139.905369,35.694167],[139.905335,35.694133],[139.905097,35.693904],[139.904955,35.693772],[139.904854,35.693703],[139.904428,35.693489],[139.904465,35.693442],[139.904911,35.693033],[139.90494,35.693053],[139.905312,35.693395],[139.905379,35.693586],[139.905764,35.693923],[139.905369,35.694167]]]},"properties":{}},{"type":"Feature","geometry":{"type":"Polygon","coordinates":[[[139.905764,35.693923],[139.905379,35.693586],[139.905312,35.693395],[139.90494,35.693053],[139.904911,35.693033],[139.904944,35.693007],[139.905266,35.692748],[139.906111,35.693478],[139.905783,35.693903],[139.905764,35.693923]]]},"properties":{}},{"type":"Feature","geometry":{"type":"Polygon","coordinates":[[[139.906111,35.693478],[139.906804,35.694002],[139.906355,35.694385],[139.906328,35.694408],[139.905764,35.693923],[139.905783,35.693903],[139.906111,35.693478]]]},"properties":{}},{"type":"Feature","geometry":{"type":"Polygon","coordinates":[[[139.906111,35.693478],[139.905266,35.692748],[139.905296,35.692729],[139.905899,35.692342],[139.906098,35.692202],[139.906291,35.692029],[139.906296,35.692016],[139.906318,35.69196],[139.90661,35.69217],[139.906704,35.692266],[139.906722,35.692357],[139.906704,35.692378],[139.906383,35.692764],[139.906353,35.69301],[139.906337,35.69318],[139.906135,35.693446],[139.906111,35.693478]]]},"properties":{}},{"type":"Feature","geometry":{"type":"Polygon","coordinates":[[[139.906722,35.692357],[139.906814,35.692477],[139.906865,35.692525],[139.906924,35.692574],[139.907035,35.692661],[139.907157,35.692746],[139.907255,35.692815],[139.907808,35.693197],[139.907777,35.693224],[139.907625,35.693357],[139.907433,35.69345],[139.907339,35.693531],[139.90723,35.693628],[139.907062,35.693776],[139.906834,35.693975],[139.906804,35.694002],[139.906111,35.693478],[139.906135,35.693446],[139.906337,35.69318],[139.906353,35.69301],[139.906383,35.692764],[139.906704,35.692378],[139.906722,35.692357]]]},"properties":{}},{"type":"Feature","geometry":{"type":"Polygon","coordinates":[[[139.903677,35.700619],[139.903277,35.700485],[139.90304,35.700405],[139.902647,35.700273],[139.902857,35.699857],[139.903026,35.699523],[139.903346,35.699633],[139.903407,35.699655],[139.903537,35.6997],[139.903612,35.699725],[139.904051,35.699877],[139.903677,35.700619]]]},"properties":{}},{"type":"Feature","geometry":{"type":"Polygon","coordinates":[[[139.906208,35.696754],[139.905548,35.69608],[139.90553,35.696062],[139.905796,35.695909],[139.905993,35.695851],[139.906069,35.695829],[139.906195,35.695791],[139.906535,35.695493],[139.906552,35.695517],[139.906684,35.695709],[139.906893,35.696059],[139.907048,35.696278],[139.906208,35.696754]]]},"properties":{}},{"type":"Feature","geometry":{"type":"Polygon","coordinates":[[[139.907048,35.696278],[139.906893,35.696059],[139.906684,35.695709],[139.906552,35.695517],[139.906535,35.695493],[139.907088,35.695029],[139.907584,35.6955],[139.907875,35.695782],[139.907895,35.695807],[139.907048,35.696278]]]},"properties":{}},{"type":"Feature","geometry":{"type":"Polygon","coordinates":[[[139.907895,35.695807],[139.907875,35.695782],[139.907584,35.6955],[139.907088,35.695029],[139.907646,35.694656],[139.907884,35.694894],[139.90807,35.695081],[139.908438,35.695465],[139.908464,35.695492],[139.907895,35.695807]]]},"properties":{}},{"type":"Feature","geometry":{"type":"Polygon","coordinates":[[[139.899672,35.713411],[139.899496,35.714158],[139.899474,35.714152],[139.89822,35.71381],[139.898382,35.713375],[139.899672,35.713411]]]},"properties":{}},{"type":"Feature","geometry":{"type":"Polygon","coordinates":[[[139.90089,35.713454],[139.900854,35.714076],[139.900806,35.714709],[139.900828,35.714857],[139.899847,35.714859],[139.899872,35.714399],[139.899902,35.7143],[139.899898,35.714266],[139.899496,35.714158],[139.899672,35.713411],[139.899939,35.71342],[139.900145,35.713428],[139.900286,35.713433],[139.900363,35.713435],[139.900455,35.713439],[139.900583,35.713443],[139.90089,35.713454]]]},"properties":{}},{"type":"Feature","geometry":{"type":"Polygon","coordinates":[[[139.901279,35.713459],[139.901269,35.713656],[139.901569,35.714066],[139.901587,35.714102],[139.900854,35.714076],[139.90089,35.713454],[139.901279,35.713459]]]},"properties":{}},{"type":"Feature","geometry":{"type":"Polygon","coordinates":[[[139.902911,35.713436],[139.903154,35.714047],[139.903174,35.714137],[139.903189,35.714303],[139.902332,35.714346],[139.902297,35.714125],[139.902278,35.713937],[139.902266,35.71381],[139.902231,35.713457],[139.9024,35.713464],[139.902558,35.713463],[139.902851,35.713448],[139.902911,35.713436]]]},"properties":{}},{"type":"Feature","geometry":{"type":"Polygon","coordinates":[[[139.903756,35.713226],[139.903772,35.713222],[139.903857,35.713212],[139.90398,35.713192],[139.904143,35.713158],[139.904185,35.713163],[139.904228,35.713187],[139.904251,35.713209],[139.904336,35.713317],[139.904433,35.713782],[139.90435,35.713819],[139.904144,35.713868],[139.903987,35.71388],[139.903809,35.713879],[139.903792,35.713868],[139.903689,35.713604],[139.903684,35.713525],[139.903715,35.713453],[139.903728,35.713235],[139.903756,35.713226]]]},"properties":{}},{"type":"Feature","geometry":{"type":"Polygon","coordinates":[[[139.904251,35.713209],[139.904855,35.713083],[139.904757,35.713773],[139.904483,35.713765],[139.904433,35.713782],[139.904336,35.713317],[139.904251,35.713209]]]},"properties":{}},{"type":"Feature","geometry":{"type":"Polygon","coordinates":[[[139.900419,35.702458],[139.901405,35.702801],[139.901384,35.702852],[139.901096,35.703559],[139.900683,35.703426],[139.900453,35.703351],[139.900101,35.703237],[139.900396,35.702515],[139.900419,35.702458]]]},"properties":{}},{"type":"Feature","geometry":{"type":"Polygon","coordinates":[[[139.900101,35.703237],[139.899003,35.70294],[139.899172,35.702519],[139.899321,35.702148],[139.899347,35.702081],[139.900419,35.702458],[139.900396,35.702515],[139.900101,35.703237]]]},"properties":{}},{"type":"Feature","geometry":{"type":"Polygon","coordinates":[[[139.900101,35.703237],[139.900453,35.703351],[139.900683,35.703426],[139.901096,35.703559],[139.900778,35.704342],[139.90041,35.704228],[139.900202,35.704162],[139.89978,35.704035],[139.900062,35.703331],[139.900101,35.703237]]]},"properties":{}},{"type":"Feature","geometry":{"type":"Polygon","coordinates":[[[139.89978,35.704035],[139.898726,35.703796],[139.898675,35.703784],[139.898714,35.703685],[139.898943,35.703106],[139.899003,35.70294],[139.900101,35.703237],[139.900062,35.703331],[139.89978,35.704035]]]},"properties":{}},{"type":"Feature","geometry":{"type":"Polygon","coordinates":[[[139.89978,35.704035],[139.900202,35.704162],[139.90041,35.704228],[139.900778,35.704342],[139.900433,35.705175],[139.900067,35.705077],[139.899962,35.705049],[139.89988,35.705027],[139.899438,35.704909],[139.899572,35.704566],[139.899644,35.704382],[139.89978,35.704035]]]},"properties":{}},{"type":"Feature","geometry":{"type":"Polygon","coordinates":[[[139.899438,35.704909],[139.899316,35.705212],[139.899192,35.705524],[139.898837,35.705429],[139.898644,35.705378],[139.898442,35.705324],[139.89811,35.705236],[139.898274,35.704841],[139.898325,35.704781],[139.898357,35.704743],[139.898527,35.704305],[139.898726,35.703796],[139.89978,35.704035],[139.899644,35.704382],[139.899572,35.704566],[139.899438,35.704909]]]},"properties":{}},{"type":"Feature","geometry":{"type":"Polygon","coordinates":[[[139.899438,35.704909],[139.89988,35.705027],[139.899962,35.705049],[139.900067,35.705077],[139.900433,35.705175],[139.90027,35.705596],[139.900127,35.705965],[139.899912,35.705909],[139.899768,35.705872],[139.899562,35.705818],[139.8995,35.705801],[139.899446,35.705787],[139.899123,35.705703],[139.899192,35.705524],[139.899316,35.705212],[139.899438,35.704909]]]},"properties":{}},{"type":"Feature","geometry":{"type":"Polygon","coordinates":[[[139.899123,35.705703],[139.899004,35.705985],[139.898639,35.705887],[139.898246,35.705781],[139.897918,35.705693],[139.898051,35.705375],[139.89811,35.705236],[139.898442,35.705324],[139.898644,35.705378],[139.898837,35.705429],[139.899192,35.705524],[139.899123,35.705703]]]},"properties":{}},{"type":"Feature","geometry":{"type":"Polygon","coordinates":[[[139.899123,35.705703],[139.899446,35.705787],[139.8995,35.705801],[139.899562,35.705818],[139.899768,35.705872],[139.899912,35.705909],[139.900127,35.705965],[139.899951,35.706408],[139.899895,35.706549],[139.899825,35.706723],[139.899404,35.706615],[139.899247,35.706574],[139.898814,35.706462],[139.898904,35.706238],[139.898964,35.706088],[139.899004,35.705985],[139.899123,35.705703]]]},"properties":{}},{"type":"Feature","geometry":{"type":"Polygon","coordinates":[[[139.898814,35.706462],[139.898057,35.706258],[139.897731,35.706168],[139.897918,35.705693],[139.898246,35.705781],[139.898639,35.705887],[139.899004,35.705985],[139.898964,35.706088],[139.898904,35.706238],[139.898814,35.706462]]]},"properties":{}},{"type":"Feature","geometry":{"type":"Polygon","coordinates":[[[139.898814,35.706462],[139.899247,35.706574],[139.899404,35.706615],[139.899825,35.706723],[139.899621,35.70724],[139.899485,35.707224],[139.899097,35.707158],[139.898954,35.707146],[139.898831,35.707136],[139.898544,35.707109],[139.898814,35.706462]]]},"properties":{}},{"type":"Feature","geometry":{"type":"Polygon","coordinates":[[[139.898544,35.707109],[139.897705,35.707032],[139.897477,35.707013],[139.897418,35.707008],[139.897596,35.70653],[139.897731,35.706168],[139.898057,35.706258],[139.898814,35.706462],[139.898544,35.707109]]]},"properties":{}},{"type":"Feature","geometry":{"type":"Polygon","coordinates":[[[139.898257,35.707866],[139.898169,35.708089],[139.897762,35.707982],[139.897092,35.707807],[139.897274,35.707357],[139.897325,35.707233],[139.897398,35.70706],[139.898517,35.707175],[139.898349,35.707631],[139.898257,35.707866]]]},"properties":{}},{"type":"Feature","geometry":{"type":"Polygon","coordinates":[[[139.897986,35.70859],[139.896898,35.708307],[139.897092,35.707807],[139.897762,35.707982],[139.898169,35.708089],[139.897986,35.70859]]]},"properties":{}},{"type":"Feature","geometry":{"type":"Polygon","coordinates":[[[139.897986,35.70859],[139.898468,35.708722],[139.898992,35.70886],[139.898698,35.70964],[139.898682,35.709682],[139.898295,35.709749],[139.898281,35.709707],[139.898266,35.709701],[139.898211,35.70968],[139.898121,35.709656],[139.89795,35.709612],[139.897628,35.709529],[139.897805,35.709065],[139.897986,35.70859]]]},"properties":{}},{"type":"Feature","geometry":{"type":"Polygon","coordinates":[[[139.897805,35.709065],[139.896728,35.708784],[139.896754,35.708718],[139.896782,35.708647],[139.896777,35.708626],[139.896826,35.708496],[139.896883,35.708348],[139.896898,35.708307],[139.897986,35.70859],[139.897805,35.709065]]]},"properties":{}},{"type":"Feature","geometry":{"type":"Polygon","coordinates":[[[139.897628,35.709529],[139.896546,35.709248],[139.896728,35.708784],[139.897805,35.709065],[139.897628,35.709529]]]},"properties":{}},{"type":"Feature","geometry":{"type":"Polygon","coordinates":[[[139.906537,35.707986],[139.906544,35.708024],[139.906521,35.708272],[139.906476,35.70827],[139.90593,35.708241],[139.905941,35.707952],[139.905943,35.707917],[139.906095,35.707928],[139.906537,35.707986]]]},"properties":{}},{"type":"Feature","geometry":{"type":"Polygon","coordinates":[[[139.905505,35.707863],[139.905484,35.708161],[139.905049,35.70814],[139.904443,35.708111],[139.904447,35.70807],[139.904478,35.707749],[139.905008,35.707809],[139.905217,35.707831],[139.905505,35.707863]]]},"properties":{}},{"type":"Feature","geometry":{"type":"Polygon","coordinates":[[[139.902114,35.703916],[139.901096,35.703559],[139.901384,35.702852],[139.901405,35.702801],[139.902007,35.703003],[139.902411,35.703151],[139.902192,35.703724],[139.902114,35.703916]]]},"properties":{}},{"type":"Feature","geometry":{"type":"Polygon","coordinates":[[[139.902114,35.703916],[139.902263,35.703967],[139.902999,35.704224],[139.902735,35.704803],[139.902716,35.704869],[139.902663,35.704983],[139.901794,35.704678],[139.902114,35.703916]]]},"properties":{}},{"type":"Feature","geometry":{"type":"Polygon","coordinates":[[[139.901794,35.704678],[139.901352,35.704532],[139.901253,35.704499],[139.901045,35.704431],[139.900778,35.704342],[139.901096,35.703559],[139.902114,35.703916],[139.901794,35.704678]]]},"properties":{}},{"type":"Feature","geometry":{"type":"Polygon","coordinates":[[[139.901794,35.704678],[139.902663,35.704983],[139.90243,35.705474],[139.90231,35.705728],[139.902001,35.70562],[139.901813,35.705555],[139.901477,35.705439],[139.90167,35.704975],[139.901794,35.704678]]]},"properties":{}},{"type":"Feature","geometry":{"type":"Polygon","coordinates":[[[139.901477,35.705439],[139.900776,35.705262],[139.900433,35.705175],[139.900778,35.704342],[139.901045,35.704431],[139.901253,35.704499],[139.901352,35.704532],[139.901794,35.704678],[139.90167,35.704975],[139.901477,35.705439]]]},"properties":{}},{"type":"Feature","geometry":{"type":"Polygon","coordinates":[[[139.901477,35.705439],[139.901813,35.705555],[139.902001,35.70562],[139.90231,35.705728],[139.902188,35.706006],[139.902139,35.706118],[139.902073,35.706269],[139.901973,35.706497],[139.901232,35.706256],[139.901176,35.706238],[139.901197,35.706182],[139.901269,35.705991],[139.901339,35.705807],[139.901477,35.705439]]]},"properties":{}},{"type":"Feature","geometry":{"type":"Polygon","coordinates":[[[139.901176,35.706238],[139.901123,35.706224],[139.900832,35.706149],[139.900758,35.706129],[139.900568,35.706076],[139.900127,35.705965],[139.90027,35.705596],[139.900433,35.705175],[139.900776,35.705262],[139.901477,35.705439],[139.901339,35.705807],[139.901269,35.705991],[139.901197,35.706182],[139.901176,35.706238]]]},"properties":{}},{"type":"Feature","geometry":{"type":"Polygon","coordinates":[[[139.901176,35.706238],[139.901232,35.706256],[139.901973,35.706497],[139.901714,35.707062],[139.901583,35.707386],[139.90157,35.70743],[139.901459,35.707414],[139.900838,35.707358],[139.900729,35.707344],[139.900858,35.707001],[139.900944,35.706806],[139.900996,35.706685],[139.90116,35.706278],[139.901176,35.706238]]]},"properties":{}},{"type":"Feature","geometry":{"type":"Polygon","coordinates":[[[139.900944,35.706806],[139.900858,35.707001],[139.90035,35.706864],[139.900129,35.706805],[139.899825,35.706723],[139.899895,35.706549],[139.899951,35.706408],[139.900127,35.705965],[139.900568,35.706076],[139.900758,35.706129],[139.900832,35.706149],[139.901123,35.706224],[139.901176,35.706238],[139.90116,35.706278],[139.900996,35.706685],[139.900944,35.706806]]]},"properties":{}},{"type":"Feature","geometry":{"type":"Polygon","coordinates":[[[139.905523,35.707826],[139.905466,35.70782],[139.905235,35.707797],[139.905243,35.707782],[139.905443,35.707398],[139.90569,35.707483],[139.905677,35.707509],[139.905528,35.707816],[139.905523,35.707826]]]},"properties":{}},{"type":"Feature","geometry":{"type":"Polygon","coordinates":[[[139.905709,35.707464],[139.906057,35.707572],[139.906232,35.707642],[139.906118,35.707877],[139.906111,35.707894],[139.906028,35.707885],[139.905641,35.707837],[139.905523,35.707826],[139.905528,35.707816],[139.905709,35.707464]]]},"properties":{}},{"type":"Feature","geometry":{"type":"Polygon","coordinates":[[[139.90569,35.707483],[139.905443,35.707398],[139.905255,35.707328],[139.905184,35.707468],[139.904693,35.707302],[139.904774,35.707152],[139.904868,35.706979],[139.90491,35.706901],[139.905034,35.706681],[139.905925,35.706998],[139.90569,35.707483]]]},"properties":{}},{"type":"Feature","geometry":{"type":"Polygon","coordinates":[[[139.906756,35.705495],[139.906801,35.705511],[139.907634,35.705791],[139.907676,35.705806],[139.907571,35.706003],[139.907467,35.706202],[139.907433,35.706191],[139.907328,35.706154],[139.906593,35.705904],[139.906547,35.705888],[139.906756,35.705495]]]},"properties":{}},{"type":"Feature","geometry":{"type":"Polygon","coordinates":[[[139.906756,35.705495],[139.90671,35.70548],[139.906234,35.705318],[139.905835,35.705173],[139.905852,35.705143],[139.906027,35.70483],[139.906077,35.704861],[139.906888,35.705149],[139.906935,35.705166],[139.906756,35.705495]]]},"properties":{}},{"type":"Feature","geometry":{"type":"Polygon","coordinates":[[[139.906935,35.705166],[139.907117,35.70482],[139.907144,35.70477],[139.908076,35.705089],[139.908041,35.705151],[139.907676,35.705806],[139.907634,35.705791],[139.906801,35.705511],[139.906756,35.705495],[139.906935,35.705166]]]},"properties":{}},{"type":"Feature","geometry":{"type":"Polygon","coordinates":[[[139.906935,35.705166],[139.906888,35.705149],[139.906077,35.704861],[139.906027,35.70483],[139.906197,35.704504],[139.906227,35.704447],[139.907144,35.70477],[139.907117,35.70482],[139.906935,35.705166]]]},"properties":{}},{"type":"Feature","geometry":{"type":"Polygon","coordinates":[[[139.907219,35.704636],[139.90646,35.704377],[139.90533,35.703991],[139.905361,35.703929],[139.905483,35.70397],[139.906317,35.704255],[139.907254,35.704575],[139.907219,35.704636]]]},"properties":{}},{"type":"Feature","geometry":{"type":"Polygon","coordinates":[[[139.910766,35.700495],[139.911128,35.701278],[139.911128,35.70133],[139.910432,35.701768],[139.910391,35.701793],[139.910102,35.700861],[139.910211,35.700803],[139.910687,35.700539],[139.910766,35.700495]]]},"properties":{}},{"type":"Feature","geometry":{"type":"Polygon","coordinates":[[[139.91127,35.700212],[139.911833,35.700871],[139.911817,35.700882],[139.91158,35.701035],[139.911128,35.70133],[139.911128,35.701278],[139.910766,35.700495],[139.91127,35.700212]]]},"properties":{}},{"type":"Feature","geometry":{"type":"Polygon","coordinates":[[[139.911857,35.699886],[139.912241,35.700391],[139.91231,35.700534],[139.912304,35.700564],[139.911833,35.700871],[139.91127,35.700212],[139.911857,35.699886]]]},"properties":{}},{"type":"Feature","geometry":{"type":"Polygon","coordinates":[[[139.912461,35.699621],[139.912509,35.699788],[139.912544,35.699878],[139.91276,35.700264],[139.912798,35.70038],[139.9128,35.700548],[139.912304,35.700564],[139.91231,35.700534],[139.912241,35.700391],[139.911857,35.699886],[139.912244,35.69967],[139.912461,35.699621]]]},"properties":{}},{"type":"Feature","geometry":{"type":"Polygon","coordinates":[[[139.897735,35.712159],[139.897654,35.71237],[139.897562,35.712633],[139.897022,35.712494],[139.896496,35.712359],[139.896649,35.711977],[139.896644,35.71193],[139.896669,35.711883],[139.897202,35.712021],[139.897735,35.712159]]]},"properties":{}},{"type":"Feature","geometry":{"type":"Polygon","coordinates":[[[139.896669,35.711883],[139.896867,35.711412],[139.897373,35.711542],[139.897923,35.711683],[139.897795,35.712002],[139.897735,35.712159],[139.897202,35.712021],[139.896669,35.711883]]]},"properties":{}},{"type":"Feature","geometry":{"type":"Polygon","coordinates":[[[139.898402,35.713321],[139.898382,35.713375],[139.89822,35.71381],[139.897274,35.713575],[139.897204,35.713558],[139.897379,35.713089],[139.897387,35.713068],[139.897776,35.713165],[139.898402,35.713321]]]},"properties":{}},{"type":"Feature","geometry":{"type":"Polygon","coordinates":[[[139.894432,35.712213],[139.894242,35.712742],[139.894185,35.71289],[139.893646,35.71275],[139.893588,35.712735],[139.89362,35.712658],[139.893869,35.712068],[139.893931,35.712084],[139.894432,35.712213]]]},"properties":{}},{"type":"Feature","geometry":{"type":"Polygon","coordinates":[[[139.893869,35.712068],[139.893904,35.711984],[139.894114,35.711481],[139.894137,35.711428],[139.894205,35.711445],[139.894689,35.711569],[139.894579,35.711855],[139.894432,35.712213],[139.893931,35.712084],[139.893869,35.712068]]]},"properties":{}},{"type":"Feature","geometry":{"type":"Polygon","coordinates":[[[139.901587,35.714102],[139.901537,35.714654],[139.90089,35.71484],[139.900828,35.714857],[139.900806,35.714709],[139.900854,35.714076],[139.901587,35.714102]]]},"properties":{}},{"type":"Feature","geometry":{"type":"Polygon","coordinates":[[[139.900828,35.714857],[139.900954,35.715575],[139.900825,35.716044],[139.900451,35.716074],[139.900387,35.715971],[139.900272,35.715774],[139.899844,35.715025],[139.899847,35.714859],[139.900828,35.714857]]]},"properties":{}},{"type":"Feature","geometry":{"type":"Polygon","coordinates":[[[139.896412,35.720031],[139.896368,35.720009],[139.895682,35.719626],[139.895624,35.719607],[139.895639,35.719581],[139.895789,35.719303],[139.89582,35.719241],[139.895906,35.719087],[139.896098,35.718733],[139.896122,35.718669],[139.89617,35.718715],[139.89621,35.718751],[139.896682,35.719101],[139.897042,35.719355],[139.896412,35.720031]]]},"properties":{}},{"type":"Feature","geometry":{"type":"Polygon","coordinates":[[[139.897042,35.719355],[139.896682,35.719101],[139.89621,35.718751],[139.89617,35.718715],[139.896223,35.718699],[139.896619,35.718566],[139.897097,35.71837],[139.897326,35.718685],[139.897469,35.718893],[139.897042,35.719355]]]},"properties":{}},{"type":"Feature","geometry":{"type":"Polygon","coordinates":[[[139.903105,35.709688],[139.903701,35.709647],[139.903813,35.710333],[139.903816,35.710453],[139.903021,35.7104],[139.903094,35.709966],[139.903105,35.709688]]]},"properties":{}},{"type":"Feature","geometry":{"type":"Polygon","coordinates":[[[139.897562,35.712633],[139.897387,35.713068],[139.897379,35.713089],[139.896763,35.712935],[139.89631,35.712821],[139.896496,35.712359],[139.897022,35.712494],[139.897562,35.712633]]]},"properties":{}},{"type":"Feature","geometry":{"type":"Polygon","coordinates":[[[139.896496,35.712359],[139.89631,35.712821],[139.895805,35.712692],[139.895285,35.712561],[139.89546,35.712097],[139.896496,35.712359]]]},"properties":{}},{"type":"Feature","geometry":{"type":"Polygon","coordinates":[[[139.89546,35.712097],[139.895531,35.711898],[139.895576,35.711854],[139.895635,35.711819],[139.895655,35.711808],[139.895677,35.711803],[139.895784,35.711803],[139.895911,35.711835],[139.896345,35.711943],[139.896644,35.71193],[139.896649,35.711977],[139.896496,35.712359],[139.89546,35.712097]]]},"properties":{}},{"type":"Feature","geometry":{"type":"Polygon","coordinates":[[[139.897364,35.7131],[139.897162,35.713566],[139.89613,35.713295],[139.89631,35.712821],[139.897364,35.7131]]]},"properties":{}},{"type":"Feature","geometry":{"type":"Polygon","coordinates":[[[139.894137,35.711428],[139.894395,35.710819],[139.894457,35.710835],[139.894917,35.710958],[139.894689,35.711569],[139.894205,35.711445],[139.894137,35.711428]]]},"properties":{}},{"type":"Feature","geometry":{"type":"Polygon","coordinates":[[[139.900858,35.707001],[139.900729,35.707344],[139.900654,35.707334],[139.899935,35.707266],[139.899724,35.707251],[139.899621,35.70724],[139.899825,35.706723],[139.900129,35.706805],[139.90035,35.706864],[139.900858,35.707001]]]},"properties":{}},{"type":"Feature","geometry":{"type":"Polygon","coordinates":[[[139.894543,35.714426],[139.894712,35.71397],[139.895243,35.714107],[139.89577,35.714239],[139.895596,35.714662],[139.895579,35.714695],[139.895065,35.714565],[139.894543,35.714426]]]},"properties":{}},{"type":"Feature","geometry":{"type":"Polygon","coordinates":[[[139.894132,35.714311],[139.894315,35.713847],[139.894712,35.71397],[139.894543,35.714426],[139.894132,35.714311]]]},"properties":{}},{"type":"Feature","geometry":{"type":"Polygon","coordinates":[[[139.893677,35.71417],[139.893689,35.714143],[139.893913,35.713556],[139.894185,35.71289],[139.894242,35.712742],[139.894257,35.712747],[139.894428,35.712809],[139.894631,35.712882],[139.894669,35.712895],[139.894315,35.713847],[139.894132,35.714311],[139.893812,35.714213],[139.893727,35.71417],[139.893677,35.71417]]]},"properties":{}},{"type":"Feature","geometry":{"type":"Polygon","coordinates":[[[139.899624,35.717448],[139.899674,35.71748],[139.899733,35.717523],[139.899704,35.717541],[139.899468,35.717777],[139.898892,35.717858],[139.898852,35.717522],[139.898809,35.717169],[139.899132,35.717166],[139.899177,35.717295],[139.899534,35.717357],[139.899624,35.717448]]]},"properties":{}},{"type":"Feature","geometry":{"type":"Polygon","coordinates":[[[139.903189,35.714303],[139.90324,35.714932],[139.903251,35.714967],[139.903271,35.715023],[139.903285,35.715049],[139.903255,35.715067],[139.902768,35.715426],[139.902741,35.715399],[139.902513,35.715077],[139.902332,35.714346],[139.903189,35.714303]]]},"properties":{}},{"type":"Feature","geometry":{"type":"Polygon","coordinates":[[[139.894091,35.695895],[139.893495,35.695701],[139.893579,35.695534],[139.893655,35.695381],[139.89425,35.695574],[139.894169,35.695734],[139.894115,35.69585],[139.894091,35.695895]]]},"properties":{}},{"type":"Feature","geometry":{"type":"Polygon","coordinates":[[[139.89425,35.695574],[139.893655,35.695381],[139.893886,35.694919],[139.894482,35.695118],[139.894453,35.69516],[139.89444,35.695188],[139.89425,35.695574]]]},"properties":{}},{"type":"Feature","geometry":{"type":"Polygon","coordinates":[[[139.900036,35.709137],[139.899919,35.709448],[139.899901,35.709495],[139.899866,35.7095],[139.899495,35.709557],[139.898682,35.709682],[139.898698,35.70964],[139.898992,35.70886],[139.89932,35.708947],[139.899704,35.709049],[139.900036,35.709137]]]},"properties":{}},{"type":"Feature","geometry":{"type":"Polygon","coordinates":[[[139.911128,35.70133],[139.911163,35.70188],[139.91118,35.702157],[139.911147,35.702154],[139.910509,35.70221],[139.910473,35.702213],[139.910391,35.701793],[139.910432,35.701768],[139.911128,35.70133]]]},"properties":{}},{"type":"Feature","geometry":{"type":"Polygon","coordinates":[[[139.911833,35.700871],[139.912304,35.700564],[139.9128,35.700548],[139.912818,35.701028],[139.912837,35.701137],[139.912858,35.701205],[139.912885,35.701274],[139.912913,35.701322],[139.912946,35.701365],[139.91289,35.701394],[139.912833,35.701366],[139.912535,35.701224],[139.912315,35.701093],[139.911817,35.700882],[139.911833,35.700871]]]},"properties":{}},{"type":"Feature","geometry":{"type":"Polygon","coordinates":[[[139.90022,35.711086],[139.899277,35.711042],[139.899597,35.710232],[139.899888,35.710246],[139.900413,35.710271],[139.90022,35.711086]]]},"properties":{}},{"type":"Feature","geometry":{"type":"Polygon","coordinates":[[[139.900413,35.710271],[139.901125,35.710304],[139.901112,35.710468],[139.901055,35.711134],[139.90022,35.711086],[139.900413,35.710271]]]},"properties":{}},{"type":"Feature","geometry":{"type":"Polygon","coordinates":[[[139.900413,35.710271],[139.899888,35.710246],[139.899597,35.710232],[139.899866,35.7095],[139.899901,35.709495],[139.900206,35.709433],[139.900407,35.709396],[139.900601,35.709391],[139.900544,35.70968],[139.900413,35.710271]]]},"properties":{}},{"type":"Feature","geometry":{"type":"Polygon","coordinates":[[[139.896867,35.711412],[139.896669,35.711883],[139.896644,35.71193],[139.896345,35.711943],[139.895911,35.711835],[139.895784,35.711803],[139.895677,35.711803],[139.895655,35.711808],[139.895635,35.711819],[139.895576,35.711854],[139.895531,35.711898],[139.895397,35.71193],[139.895362,35.711937],[139.895337,35.711932],[139.895209,35.71192],[139.895171,35.711916],[139.895008,35.711899],[139.894881,35.711886],[139.894791,35.711877],[139.894579,35.711855],[139.894689,35.711569],[139.894917,35.710958],[139.895186,35.710277],[139.895205,35.710231],[139.895549,35.710174],[139.895984,35.710103],[139.896068,35.710089],[139.895746,35.710974],[139.895695,35.711112],[139.895853,35.711153],[139.896005,35.711192],[139.89617,35.711234],[139.896237,35.711251],[139.896246,35.711253],[139.896867,35.711412]]]},"properties":{}},{"type":"Feature","geometry":{"type":"Polygon","coordinates":[[[139.896867,35.711412],[139.897054,35.710938],[139.89757,35.71107],[139.898106,35.711208],[139.897952,35.711598],[139.897923,35.711683],[139.897373,35.711542],[139.896867,35.711412]]]},"properties":{}},{"type":"Feature","geometry":{"type":"Polygon","coordinates":[[[139.8983,35.718527],[139.898227,35.718004],[139.898229,35.717954],[139.898892,35.717858],[139.898957,35.718522],[139.898304,35.718565],[139.8983,35.718527]]]},"properties":{}},{"type":"Feature","geometry":{"type":"Polygon","coordinates":[[[139.8983,35.718527],[139.897654,35.718624],[139.897326,35.718685],[139.897097,35.71837],[139.897037,35.718246],[139.897887,35.718069],[139.898227,35.718004],[139.8983,35.718527]]]},"properties":{}},{"type":"Feature","geometry":{"type":"Polygon","coordinates":[[[139.898227,35.718004],[139.897887,35.718069],[139.897037,35.718246],[139.896904,35.717972],[139.897683,35.717631],[139.897733,35.717608],[139.897842,35.717458],[139.897924,35.717356],[139.898194,35.717695],[139.898229,35.717954],[139.898227,35.718004]]]},"properties":{}},{"type":"Feature","geometry":{"type":"Polygon","coordinates":[[[139.897924,35.717356],[139.898077,35.717067],[139.898446,35.717177],[139.898809,35.717169],[139.898852,35.717522],[139.898892,35.717858],[139.898229,35.717954],[139.898194,35.717695],[139.897924,35.717356]]]},"properties":{}},{"type":"Feature","geometry":{"type":"Polygon","coordinates":[[[139.897924,35.717356],[139.897842,35.717458],[139.897733,35.717608],[139.897358,35.717482],[139.897138,35.717409],[139.89656,35.717216],[139.896656,35.716937],[139.896701,35.716806],[139.896763,35.716626],[139.897031,35.716716],[139.898061,35.717061],[139.898077,35.717067],[139.897924,35.717356]]]},"properties":{}},{"type":"Feature","geometry":{"type":"Polygon","coordinates":[[[139.896904,35.717972],[139.896429,35.717596],[139.89656,35.717216],[139.897138,35.717409],[139.897358,35.717482],[139.897733,35.717608],[139.897683,35.717631],[139.896904,35.717972]]]},"properties":{}},{"type":"Feature","geometry":{"type":"Polygon","coordinates":[[[139.896904,35.717972],[139.897037,35.718246],[139.897097,35.71837],[139.896619,35.718566],[139.896223,35.718699],[139.89617,35.718715],[139.896122,35.718669],[139.896137,35.718612],[139.896277,35.71814],[139.89678,35.718023],[139.896904,35.717972]]]},"properties":{}},{"type":"Feature","geometry":{"type":"Polygon","coordinates":[[[139.896277,35.71814],[139.896247,35.718105],[139.895902,35.717852],[139.895761,35.717818],[139.895344,35.717718],[139.895488,35.717301],[139.896429,35.717596],[139.896904,35.717972],[139.89678,35.718023],[139.896277,35.71814]]]},"properties":{}},{"type":"Feature","geometry":{"type":"Polygon","coordinates":[[[139.903021,35.7104],[139.903816,35.710453],[139.903799,35.710864],[139.903783,35.711274],[139.903783,35.7113],[139.902954,35.711245],[139.903021,35.7104]]]},"properties":{}},{"type":"Feature","geometry":{"type":"Polygon","coordinates":[[[139.902954,35.711245],[139.902441,35.711215],[139.902058,35.711193],[139.902073,35.710907],[139.9021,35.71035],[139.903021,35.7104],[139.902954,35.711245]]]},"properties":{}},{"type":"Feature","geometry":{"type":"Polygon","coordinates":[[[139.895915,35.706933],[139.895886,35.707007],[139.895612,35.707714],[139.895512,35.707692],[139.895245,35.707631],[139.895118,35.707602],[139.894813,35.707526],[139.894738,35.707507],[139.894863,35.707184],[139.894995,35.706852],[139.895044,35.706856],[139.895083,35.70686],[139.895847,35.706927],[139.895915,35.706933]]]},"properties":{}},{"type":"Feature","geometry":{"type":"Polygon","coordinates":[[[139.894995,35.706852],[139.894863,35.707184],[139.894738,35.707507],[139.894678,35.707492],[139.893989,35.707321],[139.894003,35.707186],[139.893944,35.706678],[139.893991,35.706675],[139.894028,35.706703],[139.894142,35.706763],[139.894305,35.706793],[139.894892,35.706843],[139.894949,35.706848],[139.894995,35.706852]]]},"properties":{}},{"type":"Feature","geometry":{"type":"Polygon","coordinates":[[[139.896763,35.716626],[139.896701,35.716806],[139.896656,35.716937],[139.89656,35.717216],[139.896429,35.717596],[139.895488,35.717301],[139.895601,35.716999],[139.895829,35.716327],[139.896219,35.716452],[139.896763,35.716626]]]},"properties":{}},{"type":"Feature","geometry":{"type":"Polygon","coordinates":[[[139.893441,35.714789],[139.892847,35.714636],[139.892782,35.71462],[139.892817,35.71454],[139.893021,35.714067],[139.893047,35.714008],[139.893112,35.714025],[139.893677,35.71417],[139.893661,35.714206],[139.893454,35.714755],[139.893441,35.714789]]]},"properties":{}},{"type":"Feature","geometry":{"type":"Polygon","coordinates":[[[139.902058,35.711193],[139.901055,35.711134],[139.901112,35.710468],[139.901125,35.710304],[139.901816,35.710337],[139.9021,35.71035],[139.902073,35.710907],[139.902058,35.711193]]]},"properties":{}},{"type":"Feature","geometry":{"type":"Polygon","coordinates":[[[139.900897,35.695765],[139.900984,35.695588],[139.901158,35.695243],[139.901213,35.695273],[139.901521,35.695442],[139.901562,35.695461],[139.901612,35.695485],[139.901127,35.695872],[139.901081,35.695878],[139.900947,35.695796],[139.900897,35.695765]]]},"properties":{}},{"type":"Feature","geometry":{"type":"Polygon","coordinates":[[[139.902647,35.700273],[139.902372,35.700176],[139.901633,35.699916],[139.90202,35.699177],[139.902534,35.699354],[139.903026,35.699523],[139.902857,35.699857],[139.902647,35.700273]]]},"properties":{}},{"type":"Feature","geometry":{"type":"Polygon","coordinates":[[[139.906027,35.70483],[139.905962,35.704797],[139.905131,35.704525],[139.905066,35.704504],[139.905217,35.704215],[139.905267,35.704119],[139.905389,35.704161],[139.906227,35.704447],[139.906197,35.704504],[139.906027,35.70483]]]},"properties":{}},{"type":"Feature","geometry":{"type":"Polygon","coordinates":[[[139.905835,35.705173],[139.905393,35.705027],[139.904955,35.704876],[139.904883,35.704852],[139.905066,35.704504],[139.905131,35.704525],[139.905962,35.704797],[139.906027,35.70483],[139.905852,35.705143],[139.905835,35.705173]]]},"properties":{}},{"type":"Feature","geometry":{"type":"Polygon","coordinates":[[[139.904774,35.707152],[139.904316,35.707001],[139.904408,35.706825],[139.904573,35.706512],[139.905028,35.706674],[139.904868,35.706979],[139.904774,35.707152]]]},"properties":{}},{"type":"Feature","geometry":{"type":"Polygon","coordinates":[[[139.904693,35.707302],[139.904623,35.707433],[139.904173,35.707274],[139.904316,35.707001],[139.904774,35.707152],[139.904693,35.707302]]]},"properties":{}},{"type":"Feature","geometry":{"type":"Polygon","coordinates":[[[139.904693,35.707302],[139.905184,35.707468],[139.905032,35.707762],[139.905028,35.70777],[139.904962,35.707761],[139.90457,35.707722],[139.904494,35.707713],[139.904502,35.707696],[139.904623,35.707433],[139.904693,35.707302]]]},"properties":{}},{"type":"Feature","geometry":{"type":"Polygon","coordinates":[[[139.904494,35.707713],[139.904326,35.707693],[139.903613,35.707623],[139.90349,35.707612],[139.903698,35.707107],[139.903747,35.707124],[139.904173,35.707274],[139.904623,35.707433],[139.904502,35.707696],[139.904494,35.707713]]]},"properties":{}},{"type":"Feature","geometry":{"type":"Polygon","coordinates":[[[139.906006,35.70055],[139.906043,35.700563],[139.906292,35.700644],[139.906467,35.700709],[139.906645,35.70077],[139.9069,35.700853],[139.906949,35.700869],[139.906755,35.701246],[139.906559,35.701622],[139.905667,35.701304],[139.905618,35.701287],[139.906006,35.70055]]]},"properties":{}},{"type":"Feature","geometry":{"type":"Polygon","coordinates":[[[139.901973,35.706497],[139.902073,35.706269],[139.902139,35.706118],[139.902188,35.706006],[139.90231,35.705728],[139.902629,35.70584],[139.902795,35.705898],[139.90306,35.705989],[139.903104,35.706004],[139.902885,35.706379],[139.90269,35.706756],[139.901973,35.706497]]]},"properties":{}},{"type":"Feature","geometry":{"type":"Polygon","coordinates":[[[139.90269,35.706756],[139.902326,35.707437],[139.902311,35.707476],[139.902308,35.7075],[139.902029,35.707476],[139.901635,35.70744],[139.90157,35.70743],[139.901583,35.707386],[139.901714,35.707062],[139.901973,35.706497],[139.90269,35.706756]]]},"properties":{}},{"type":"Feature","geometry":{"type":"Polygon","coordinates":[[[139.90269,35.706756],[139.902885,35.706379],[139.903104,35.706004],[139.903349,35.706099],[139.903479,35.706169],[139.903509,35.70619],[139.903485,35.706235],[139.903118,35.706906],[139.90269,35.706756]]]},"properties":{}},{"type":"Feature","geometry":{"type":"Polygon","coordinates":[[[139.903118,35.706906],[139.902874,35.707434],[139.902861,35.707552],[139.902681,35.707535],[139.902585,35.707524],[139.902308,35.7075],[139.902311,35.707476],[139.902326,35.707437],[139.90269,35.706756],[139.903118,35.706906]]]},"properties":{}},{"type":"Feature","geometry":{"type":"Polygon","coordinates":[[[139.903118,35.706906],[139.903485,35.706235],[139.903509,35.70619],[139.903655,35.706297],[139.903762,35.706358],[139.903877,35.706395],[139.903909,35.706399],[139.903927,35.706401],[139.903977,35.706396],[139.90406,35.706385],[139.90399,35.706525],[139.903698,35.707107],[139.903616,35.707079],[139.903118,35.706906]]]},"properties":{}},{"type":"Feature","geometry":{"type":"Polygon","coordinates":[[[139.903698,35.707107],[139.90349,35.707612],[139.902861,35.707552],[139.902874,35.707434],[139.903118,35.706906],[139.903616,35.707079],[139.903698,35.707107]]]},"properties":{}},{"type":"Feature","geometry":{"type":"Polygon","coordinates":[[[139.903816,35.710453],[139.904451,35.710475],[139.904481,35.710476],[139.904499,35.710502],[139.90452,35.710602],[139.904515,35.71067],[139.904617,35.710921],[139.90471,35.711164],[139.904711,35.71122],[139.904689,35.711297],[139.904617,35.711453],[139.904316,35.711427],[139.903783,35.711274],[139.903799,35.710864],[139.903816,35.710453]]]},"properties":{}},{"type":"Feature","geometry":{"type":"Polygon","coordinates":[[[139.903701,35.709647],[139.903916,35.709627],[139.904213,35.709667],[139.904764,35.709771],[139.905349,35.70997],[139.905293,35.710221],[139.904481,35.710476],[139.904451,35.710475],[139.903816,35.710453],[139.903813,35.710333],[139.903701,35.709647]]]},"properties":{}},{"type":"Feature","geometry":{"type":"Polygon","coordinates":[[[139.89577,35.714239],[139.895243,35.714107],[139.894712,35.71397],[139.894895,35.713495],[139.895947,35.713764],[139.89577,35.714239]]]},"properties":{}},{"type":"Feature","geometry":{"type":"Polygon","coordinates":[[[139.895947,35.713764],[139.894895,35.713495],[139.895132,35.713041],[139.895617,35.71316],[139.89613,35.713295],[139.895947,35.713764]]]},"properties":{}},{"type":"Feature","geometry":{"type":"Polygon","coordinates":[[[139.907088,35.695029],[139.906535,35.695493],[139.906393,35.695264],[139.906358,35.695208],[139.905854,35.694743],[139.906145,35.694541],[139.906328,35.694408],[139.906794,35.69479],[139.907088,35.695029]]]},"properties":{}},{"type":"Feature","geometry":{"type":"Polygon","coordinates":[[[139.906328,35.694408],[139.906355,35.694385],[139.906804,35.694002],[139.907611,35.694629],[139.907646,35.694656],[139.907088,35.695029],[139.906794,35.69479],[139.906328,35.694408]]]},"properties":{}},{"type":"Feature","geometry":{"type":"Polygon","coordinates":[[[139.895624,35.719607],[139.895682,35.719626],[139.896368,35.720009],[139.896205,35.720324],[139.896131,35.720341],[139.895979,35.720639],[139.895545,35.720597],[139.895482,35.720605],[139.895669,35.720078],[139.895576,35.719725],[139.895615,35.719646],[139.895624,35.719607]]]},"properties":{}},{"type":"Feature","geometry":{"type":"Polygon","coordinates":[[[139.895482,35.720605],[139.895107,35.720374],[139.894648,35.720151],[139.894555,35.720126],[139.894504,35.720122],[139.89462,35.71978],[139.894691,35.719584],[139.894782,35.719334],[139.89479,35.719311],[139.895147,35.719438],[139.895624,35.719607],[139.895615,35.719646],[139.895576,35.719725],[139.895669,35.720078],[139.895482,35.720605]]]},"properties":{}},{"type":"Feature","geometry":{"type":"Polygon","coordinates":[[[139.895129,35.721368],[139.895061,35.721349],[139.894582,35.721194],[139.8944,35.721108],[139.894261,35.721013],[139.89421,35.720959],[139.894232,35.720895],[139.894431,35.720325],[139.894504,35.720122],[139.894555,35.720126],[139.894648,35.720151],[139.895107,35.720374],[139.895482,35.720605],[139.895129,35.721368]]]},"properties":{}},{"type":"Feature","geometry":{"type":"Polygon","coordinates":[[[139.90808,35.705946],[139.907878,35.706342],[139.907467,35.706202],[139.907571,35.706003],[139.907676,35.705806],[139.90808,35.705946]]]},"properties":{}},{"type":"Feature","geometry":{"type":"Polygon","coordinates":[[[139.904336,35.704661],[139.903889,35.704516],[139.904074,35.704186],[139.905,35.704483],[139.905066,35.704504],[139.904883,35.704852],[139.904811,35.704827],[139.904336,35.704661]]]},"properties":{}},{"type":"Feature","geometry":{"type":"Polygon","coordinates":[[[139.904336,35.704661],[139.903986,35.705366],[139.903519,35.705214],[139.903889,35.704516],[139.904336,35.704661]]]},"properties":{}},{"type":"Feature","geometry":{"type":"Polygon","coordinates":[[[139.903013,35.704223],[139.903319,35.703515],[139.903341,35.703465],[139.904291,35.703795],[139.904268,35.703837],[139.904074,35.704186],[139.903889,35.704516],[139.903013,35.704223]]]},"properties":{}},{"type":"Feature","geometry":{"type":"Polygon","coordinates":[[[139.899003,35.70294],[139.898943,35.703106],[139.898714,35.703685],[139.898675,35.703784],[139.898237,35.703684],[139.898124,35.703658],[139.897911,35.703609],[139.897895,35.703609],[139.897876,35.703609],[139.89797,35.703354],[139.898199,35.702728],[139.899003,35.70294]]]},"properties":{}},{"type":"Feature","geometry":{"type":"Polygon","coordinates":[[[139.898199,35.702728],[139.898216,35.702683],[139.898361,35.702297],[139.898516,35.701882],[139.898539,35.701822],[139.899347,35.702081],[139.899321,35.702148],[139.899172,35.702519],[139.899003,35.70294],[139.898199,35.702728]]]},"properties":{}},{"type":"Feature","geometry":{"type":"Polygon","coordinates":[[[139.898199,35.702728],[139.89797,35.703354],[139.897876,35.703609],[139.89785,35.703609],[139.897836,35.703609],[139.897725,35.703608],[139.897704,35.703608],[139.897284,35.703584],[139.897192,35.703581],[139.897286,35.703323],[139.897376,35.703075],[139.897564,35.702558],[139.897614,35.702571],[139.898157,35.702716],[139.898199,35.702728]]]},"properties":{}},{"type":"Feature","geometry":{"type":"Polygon","coordinates":[[[139.897564,35.702558],[139.897582,35.70251],[139.89774,35.702114],[139.897823,35.701886],[139.897898,35.701662],[139.897935,35.701672],[139.898522,35.701818],[139.898539,35.701822],[139.898516,35.701882],[139.898361,35.702297],[139.898216,35.702683],[139.898199,35.702728],[139.898157,35.702716],[139.897614,35.702571],[139.897564,35.702558]]]},"properties":{}},{"type":"Feature","geometry":{"type":"Polygon","coordinates":[[[139.900354,35.696824],[139.900425,35.696678],[139.900711,35.696118],[139.900756,35.69603],[139.900844,35.696095],[139.901147,35.696202],[139.901132,35.696233],[139.900768,35.696965],[139.900729,35.696952],[139.90041,35.696843],[139.900354,35.696824]]]},"properties":{}},{"type":"Feature","geometry":{"type":"Polygon","coordinates":[[[139.899188,35.699098],[139.899572,35.698335],[139.899638,35.698357],[139.900003,35.698477],[139.899612,35.699239],[139.899248,35.699118],[139.899188,35.699098]]]},"properties":{}},{"type":"Feature","geometry":{"type":"Polygon","coordinates":[[[139.899612,35.699239],[139.900003,35.698477],[139.90064,35.698701],[139.900874,35.698782],[139.900934,35.698937],[139.900612,35.699572],[139.899612,35.699239]]]},"properties":{}},{"type":"Feature","geometry":{"type":"Polygon","coordinates":[[[139.900612,35.699572],[139.900934,35.698937],[139.900976,35.699044],[139.901237,35.699783],[139.900612,35.699572]]]},"properties":{}},{"type":"Feature","geometry":{"type":"Polygon","coordinates":[[[139.900993,35.698823],[139.900934,35.698937],[139.900874,35.698782],[139.900993,35.698823]]]},"properties":{}},{"type":"Feature","geometry":{"type":"Polygon","coordinates":[[[139.899572,35.698335],[139.89996,35.697584],[139.900131,35.697646],[139.900255,35.697687],[139.900387,35.697726],[139.900381,35.697738],[139.900364,35.697771],[139.900003,35.698477],[139.899638,35.698357],[139.899572,35.698335]]]},"properties":{}},{"type":"Feature","geometry":{"type":"Polygon","coordinates":[[[139.906535,35.695493],[139.906195,35.695791],[139.906069,35.695829],[139.905118,35.695193],[139.90543,35.695025],[139.905502,35.694978],[139.905854,35.694743],[139.906358,35.695208],[139.906393,35.695264],[139.906535,35.695493]]]},"properties":{}},{"type":"Feature","geometry":{"type":"Polygon","coordinates":[[[139.900387,35.697726],[139.900255,35.697687],[139.900131,35.697646],[139.89996,35.697584],[139.900158,35.697201],[139.900179,35.69716],[139.900223,35.697254],[139.900409,35.697681],[139.900401,35.697697],[139.900387,35.697726]]]},"properties":{}},{"type":"Feature","geometry":{"type":"Polygon","coordinates":[[[139.888515,35.699752],[139.888436,35.699143],[139.889038,35.698849],[139.889074,35.699728],[139.888515,35.699752]]]},"properties":{}},{"type":"Feature","geometry":{"type":"Polygon","coordinates":[[[139.889074,35.699728],[139.889701,35.699708],[139.889681,35.700332],[139.888859,35.700353],[139.888552,35.700357],[139.888515,35.699752],[139.889074,35.699728]]]},"properties":{}},{"type":"Feature","geometry":{"type":"Polygon","coordinates":[[[139.889074,35.699728],[139.889038,35.698849],[139.889734,35.698878],[139.889701,35.699708],[139.889074,35.699728]]]},"properties":{}},{"type":"Feature","geometry":{"type":"Polygon","coordinates":[[[139.889701,35.699708],[139.889734,35.698878],[139.889941,35.698883],[139.890451,35.698905],[139.890371,35.69967],[139.889701,35.699708]]]},"properties":{}},{"type":"Feature","geometry":{"type":"Polygon","coordinates":[[[139.890371,35.69967],[139.890321,35.700326],[139.889681,35.700332],[139.889701,35.699708],[139.890371,35.69967]]]},"properties":{}},{"type":"Feature","geometry":{"type":"Polygon","coordinates":[[[139.894703,35.698771],[139.894745,35.698822],[139.894184,35.69994],[139.892964,35.699543],[139.893,35.699496],[139.89311,35.699258],[139.893344,35.698789],[139.893535,35.698405],[139.894649,35.698773],[139.894703,35.698771]]]},"properties":{}},{"type":"Feature","geometry":{"type":"Polygon","coordinates":[[[139.893535,35.698405],[139.893743,35.697989],[139.893954,35.698114],[139.894154,35.698255],[139.894328,35.6984],[139.89449,35.69855],[139.894703,35.698771],[139.894649,35.698773],[139.893535,35.698405]]]},"properties":{}},{"type":"Feature","geometry":{"type":"Polygon","coordinates":[[[139.893535,35.698405],[139.893344,35.698789],[139.892517,35.698544],[139.892422,35.698109],[139.892501,35.698124],[139.892685,35.698116],[139.893535,35.698405]]]},"properties":{}},{"type":"Feature","geometry":{"type":"Polygon","coordinates":[[[139.892422,35.698109],[139.892517,35.698544],[139.892592,35.699087],[139.89217,35.699136],[139.891933,35.698019],[139.892007,35.698021],[139.892226,35.698085],[139.892422,35.698109]]]},"properties":{}},{"type":"Feature","geometry":{"type":"Polygon","coordinates":[[[139.891933,35.698019],[139.89217,35.699136],[139.890905,35.699275],[139.890957,35.698831],[139.891188,35.698009],[139.891257,35.698004],[139.891381,35.698014],[139.891461,35.69802],[139.891526,35.698043],[139.891933,35.698019]]]},"properties":{}},{"type":"Feature","geometry":{"type":"Polygon","coordinates":[[[139.891188,35.698009],[139.890957,35.698831],[139.890457,35.698812],[139.890524,35.697987],[139.891188,35.698009]]]},"properties":{}},{"type":"Feature","geometry":{"type":"Polygon","coordinates":[[[139.890524,35.697987],[139.890457,35.698812],[139.890451,35.698905],[139.889941,35.698883],[139.889963,35.697913],[139.889973,35.697851],[139.890052,35.697877],[139.890094,35.697901],[139.890277,35.697966],[139.890524,35.697987]]]},"properties":{}},{"type":"Feature","geometry":{"type":"Polygon","coordinates":[[[139.889973,35.697851],[139.889974,35.697728],[139.890008,35.697763],[139.890052,35.697877],[139.889973,35.697851]]]},"properties":{}},{"type":"Feature","geometry":{"type":"Polygon","coordinates":[[[139.889056,35.695856],[139.889142,35.695843],[139.889276,35.69583],[139.889344,35.695805],[139.889495,35.695722],[139.889597,35.695665],[139.889881,35.695478],[139.890253,35.695437],[139.890306,35.695431],[139.890386,35.695423],[139.890325,35.695587],[139.890288,35.695708],[139.890285,35.695847],[139.890284,35.695946],[139.890284,35.69601],[139.890301,35.696131],[139.890323,35.696238],[139.89037,35.696448],[139.890429,35.69671],[139.890534,35.69718],[139.890535,35.697192],[139.890541,35.697244],[139.890549,35.697331],[139.890437,35.697331],[139.888929,35.697339],[139.88886,35.696961],[139.888722,35.69677],[139.888569,35.696555],[139.888501,35.69645],[139.888173,35.696508],[139.888087,35.696303],[139.888065,35.696155],[139.888043,35.695958],[139.888038,35.695917],[139.888331,35.695886],[139.888372,35.695886],[139.888488,35.695906],[139.888537,35.695912],[139.888649,35.695925],[139.888744,35.695913],[139.889056,35.695856]]]},"properties":{}},{"type":"Feature","geometry":{"type":"Polygon","coordinates":[[[139.895299,35.701669],[139.893999,35.701747],[139.894073,35.701343],[139.894583,35.701101],[139.894903,35.701124],[139.895261,35.701158],[139.895299,35.701669]]]},"properties":{}},{"type":"Feature","geometry":{"type":"Polygon","coordinates":[[[139.895261,35.701158],[139.895465,35.701144],[139.896383,35.701079],[139.896348,35.701609],[139.895299,35.701669],[139.895261,35.701158]]]},"properties":{}},{"type":"Feature","geometry":{"type":"Polygon","coordinates":[[[139.892517,35.698544],[139.893344,35.698789],[139.89311,35.699258],[139.892638,35.699104],[139.892592,35.699087],[139.892517,35.698544]]]},"properties":{}},{"type":"Feature","geometry":{"type":"Polygon","coordinates":[[[139.892287,35.697424],[139.892188,35.697413],[139.891915,35.69739],[139.891631,35.697378],[139.891354,35.697375],[139.890551,35.697377],[139.890549,35.697331],[139.890693,35.697331],[139.891539,35.69733],[139.891911,35.697343],[139.892174,35.697346],[139.892268,35.697356],[139.892287,35.697424]]]},"properties":{}},{"type":"Feature","geometry":{"type":"Polygon","coordinates":[[[139.892268,35.697356],[139.892349,35.697364],[139.892649,35.697408],[139.892954,35.697479],[139.893259,35.69757],[139.893527,35.697676],[139.893758,35.697781],[139.893826,35.697817],[139.893795,35.69788],[139.89373,35.697843],[139.893537,35.697752],[139.893335,35.69767],[139.893118,35.697595],[139.892892,35.697532],[139.89268,35.697484],[139.892442,35.697441],[139.892287,35.697424],[139.892268,35.697356]]]},"properties":{}},{"type":"Feature","geometry":{"type":"Polygon","coordinates":[[[139.894745,35.698822],[139.894937,35.699055],[139.895097,35.699258],[139.895529,35.699803],[139.895927,35.700322],[139.895342,35.700365],[139.894594,35.700406],[139.893998,35.700346],[139.894184,35.69994],[139.894745,35.698822]]]},"properties":{}},{"type":"Feature","geometry":{"type":"Polygon","coordinates":[[[139.893998,35.700346],[139.894594,35.700406],[139.894587,35.700789],[139.893758,35.700868],[139.893998,35.700346]]]},"properties":{}},{"type":"Feature","geometry":{"type":"Polygon","coordinates":[[[139.893758,35.700868],[139.894587,35.700789],[139.894583,35.701101],[139.894073,35.701343],[139.893507,35.701382],[139.893758,35.700868]]]},"properties":{}},{"type":"Feature","geometry":{"type":"Polygon","coordinates":[[[139.886722,35.701284],[139.886761,35.701578],[139.886378,35.701594],[139.885775,35.701619],[139.885828,35.701328],[139.886722,35.701284]]]},"properties":{}},{"type":"Feature","geometry":{"type":"Polygon","coordinates":[[[139.885828,35.701328],[139.885987,35.7004],[139.886603,35.70039],[139.886722,35.701284],[139.885828,35.701328]]]},"properties":{}},{"type":"Feature","geometry":{"type":"Polygon","coordinates":[[[139.896416,35.700817],[139.896625,35.700976],[139.896837,35.701115],[139.897057,35.701235],[139.897229,35.701321],[139.897281,35.701355],[139.897298,35.7014],[139.897297,35.701558],[139.896348,35.701609],[139.896383,35.701079],[139.896416,35.700817]]]},"properties":{}},{"type":"Feature","geometry":{"type":"Polygon","coordinates":[[[139.896383,35.701079],[139.895465,35.701144],[139.895394,35.700729],[139.896245,35.700664],[139.896416,35.700817],[139.896383,35.701079]]]},"properties":{}},{"type":"Feature","geometry":{"type":"Polygon","coordinates":[[[139.889666,35.700855],[139.88965,35.701332],[139.889456,35.701343],[139.888606,35.701392],[139.888576,35.70089],[139.889322,35.700868],[139.889666,35.700855]]]},"properties":{}},{"type":"Feature","geometry":{"type":"Polygon","coordinates":[[[139.888576,35.70089],[139.888552,35.700357],[139.888859,35.700353],[139.889681,35.700332],[139.889666,35.700855],[139.889322,35.700868],[139.888576,35.70089]]]},"properties":{}},{"type":"Feature","geometry":{"type":"Polygon","coordinates":[[[139.901867,35.70181],[139.901783,35.701976],[139.901738,35.701767],[139.901867,35.70181]]]},"properties":{}},{"type":"Feature","geometry":{"type":"Polygon","coordinates":[[[139.911042,35.704142],[139.911041,35.704223],[139.911004,35.70457],[139.910889,35.704976],[139.910854,35.704969],[139.90983,35.704781],[139.910002,35.70421],[139.91,35.704199],[139.909996,35.704169],[139.910991,35.704143],[139.911042,35.704142]]]},"properties":{}},{"type":"Feature","geometry":{"type":"Polygon","coordinates":[[[139.912383,35.70284],[139.912415,35.70281],[139.91284,35.702513],[139.912818,35.703043],[139.912795,35.703617],[139.911996,35.703539],[139.91171,35.703511],[139.911915,35.703307],[139.912383,35.70284]]]},"properties":{}},{"type":"Feature","geometry":{"type":"Polygon","coordinates":[[[139.913354,35.702184],[139.913456,35.702405],[139.913536,35.702567],[139.913647,35.702804],[139.913668,35.702868],[139.913748,35.703139],[139.913699,35.703137],[139.913445,35.703145],[139.91327,35.703127],[139.913243,35.703084],[139.912818,35.703043],[139.91284,35.702513],[139.913298,35.702204],[139.913313,35.702199],[139.913354,35.702184]]]},"properties":{}},{"type":"Feature","geometry":{"type":"Polygon","coordinates":[[[139.894583,35.701101],[139.894587,35.700789],[139.894594,35.700406],[139.895342,35.700365],[139.895394,35.700729],[139.895465,35.701144],[139.895261,35.701158],[139.894903,35.701124],[139.894583,35.701101]]]},"properties":{}},{"type":"Feature","geometry":{"type":"Polygon","coordinates":[[[139.890905,35.699275],[139.890868,35.699642],[139.890371,35.69967],[139.890451,35.698905],[139.890457,35.698812],[139.890957,35.698831],[139.890905,35.699275]]]},"properties":{}},{"type":"Feature","geometry":{"type":"Polygon","coordinates":[[[139.890905,35.699275],[139.89217,35.699136],[139.892592,35.699087],[139.892638,35.699104],[139.892645,35.699542],[139.891931,35.699577],[139.891278,35.69962],[139.890868,35.699642],[139.890905,35.699275]]]},"properties":{}},{"type":"Feature","geometry":{"type":"Polygon","coordinates":[[[139.889974,35.697728],[139.889973,35.697851],[139.889963,35.697913],[139.889941,35.698883],[139.889734,35.698878],[139.889038,35.698849],[139.888987,35.698605],[139.888892,35.698087],[139.888801,35.697623],[139.889009,35.697598],[139.889233,35.697675],[139.889417,35.697673],[139.889528,35.697648],[139.889845,35.697582],[139.8899,35.697664],[139.889974,35.697728]]]},"properties":{}},{"type":"Feature","geometry":{"type":"Polygon","coordinates":[[[139.888892,35.698087],[139.888102,35.698093],[139.888021,35.698098],[139.888004,35.698089],[139.887947,35.698061],[139.887901,35.698003],[139.887867,35.69791],[139.887837,35.697786],[139.887836,35.697645],[139.887844,35.697584],[139.888168,35.697696],[139.888351,35.697788],[139.888687,35.69764],[139.888801,35.697623],[139.888892,35.698087]]]},"properties":{}},{"type":"Feature","geometry":{"type":"Polygon","coordinates":[[[139.888987,35.698605],[139.888424,35.698609],[139.888202,35.698607],[139.888191,35.698438],[139.888021,35.698098],[139.888102,35.698093],[139.888892,35.698087],[139.888987,35.698605]]]},"properties":{}},{"type":"Feature","geometry":{"type":"Polygon","coordinates":[[[139.889038,35.698849],[139.888436,35.699143],[139.888424,35.698609],[139.888987,35.698605],[139.889038,35.698849]]]},"properties":{}},{"type":"Feature","geometry":{"type":"Polygon","coordinates":[[[139.89311,35.699258],[139.893,35.699496],[139.892964,35.699543],[139.892869,35.69954],[139.892645,35.699542],[139.892638,35.699104],[139.89311,35.699258]]]},"properties":{}},{"type":"Feature","geometry":{"type":"Polygon","coordinates":[[[139.889681,35.700332],[139.890321,35.700326],[139.890236,35.70131],[139.88965,35.701332],[139.889666,35.700855],[139.889681,35.700332]]]},"properties":{}},{"type":"Feature","geometry":{"type":"Polygon","coordinates":[[[139.89151,35.701252],[139.890708,35.70129],[139.890794,35.700345],[139.89132,35.700364],[139.891986,35.700394],[139.891984,35.700947],[139.892007,35.701223],[139.89151,35.701252]]]},"properties":{}},{"type":"Feature","geometry":{"type":"Polygon","coordinates":[[[139.89151,35.701252],[139.891574,35.701886],[139.890172,35.701962],[139.890183,35.701872],[139.890222,35.701507],[139.890236,35.70131],[139.890708,35.70129],[139.89151,35.701252]]]},"properties":{}},{"type":"Feature","geometry":{"type":"Polygon","coordinates":[[[139.890236,35.70131],[139.890321,35.700326],[139.890794,35.700345],[139.890708,35.70129],[139.890236,35.70131]]]},"properties":{}},{"type":"Feature","geometry":{"type":"Polygon","coordinates":[[[139.890236,35.70131],[139.890222,35.701507],[139.890183,35.701872],[139.890172,35.701962],[139.889364,35.702016],[139.889333,35.701942],[139.88931,35.701933],[139.888621,35.701631],[139.888606,35.701392],[139.889456,35.701343],[139.88965,35.701332],[139.890236,35.70131]]]},"properties":{}},{"type":"Feature","geometry":{"type":"Polygon","coordinates":[[[139.890321,35.700326],[139.890371,35.69967],[139.890868,35.699642],[139.891278,35.69962],[139.891296,35.699928],[139.89132,35.700364],[139.890794,35.700345],[139.890321,35.700326]]]},"properties":{}},{"type":"Feature","geometry":{"type":"Polygon","coordinates":[[[139.89132,35.700364],[139.891296,35.699928],[139.891278,35.69962],[139.891931,35.699577],[139.891986,35.700394],[139.89132,35.700364]]]},"properties":{}},{"type":"Feature","geometry":{"type":"Polygon","coordinates":[[[139.889853,35.730973],[139.889495,35.730634],[139.888933,35.730095],[139.888886,35.730051],[139.888921,35.73002],[139.889415,35.729577],[139.889445,35.729606],[139.89004,35.730165],[139.890404,35.730507],[139.890371,35.730535],[139.889893,35.730939],[139.889853,35.730973]]]},"properties":{}},{"type":"Feature","geometry":{"type":"Polygon","coordinates":[[[139.890404,35.730507],[139.890729,35.730817],[139.890697,35.730843],[139.890217,35.73125],[139.890178,35.731283],[139.89014,35.731247],[139.889853,35.730973],[139.889893,35.730939],[139.890371,35.730535],[139.890404,35.730507]]]},"properties":{}},{"type":"Feature","geometry":{"type":"Polygon","coordinates":[[[139.890404,35.730507],[139.89004,35.730165],[139.889445,35.729606],[139.889415,35.729577],[139.889708,35.729307],[139.88977,35.729324],[139.890333,35.729481],[139.890783,35.729606],[139.890424,35.730452],[139.890404,35.730507]]]},"properties":{}},{"type":"Feature","geometry":{"type":"Polygon","coordinates":[[[139.890783,35.729606],[139.891237,35.729731],[139.891446,35.729787],[139.891791,35.72989],[139.891604,35.730618],[139.891172,35.730558],[139.890901,35.73052],[139.890424,35.730452],[139.890783,35.729606]]]},"properties":{}},{"type":"Feature","geometry":{"type":"Polygon","coordinates":[[[139.890783,35.729606],[139.890333,35.729481],[139.88977,35.729324],[139.889708,35.729307],[139.889725,35.729278],[139.889976,35.728856],[139.891009,35.72906],[139.890783,35.729606]]]},"properties":{}},{"type":"Feature","geometry":{"type":"Polygon","coordinates":[[[139.891009,35.72906],[139.891709,35.729194],[139.891975,35.729245],[139.891791,35.72989],[139.891446,35.729787],[139.891237,35.729731],[139.890783,35.729606],[139.891009,35.72906]]]},"properties":{}},{"type":"Feature","geometry":{"type":"Polygon","coordinates":[[[139.891009,35.72906],[139.889976,35.728856],[139.890138,35.728418],[139.89048,35.728521],[139.891158,35.728709],[139.891009,35.72906]]]},"properties":{}},{"type":"Feature","geometry":{"type":"Polygon","coordinates":[[[139.891158,35.728709],[139.891305,35.728369],[139.892158,35.728628],[139.891975,35.729245],[139.891709,35.729194],[139.891009,35.72906],[139.891158,35.728709]]]},"properties":{}},{"type":"Feature","geometry":{"type":"Polygon","coordinates":[[[139.891158,35.728709],[139.89048,35.728521],[139.890138,35.728418],[139.890263,35.728013],[139.890711,35.728166],[139.891305,35.728369],[139.891158,35.728709]]]},"properties":{}},{"type":"Feature","geometry":{"type":"Polygon","coordinates":[[[139.891305,35.728369],[139.890711,35.728166],[139.890263,35.728013],[139.890456,35.727435],[139.891374,35.727694],[139.89164,35.727734],[139.891528,35.727928],[139.891412,35.728065],[139.891305,35.728369]]]},"properties":{}},{"type":"Feature","geometry":{"type":"Polygon","coordinates":[[[139.89164,35.727734],[139.891666,35.727669],[139.891734,35.72716],[139.892153,35.727164],[139.892445,35.727213],[139.892787,35.727323],[139.892435,35.727956],[139.892158,35.728628],[139.891305,35.728369],[139.891412,35.728065],[139.891528,35.727928],[139.89164,35.727734]]]},"properties":{}},{"type":"Feature","geometry":{"type":"Polygon","coordinates":[[[139.89164,35.727734],[139.891374,35.727694],[139.890456,35.727435],[139.890607,35.726972],[139.890758,35.727029],[139.890969,35.727108],[139.891055,35.727108],[139.891342,35.727115],[139.891644,35.727146],[139.891734,35.72716],[139.891666,35.727669],[139.89164,35.727734]]]},"properties":{}},{"type":"Feature","geometry":{"type":"Polygon","coordinates":[[[139.885437,35.726773],[139.885103,35.726458],[139.885011,35.72637],[139.884398,35.725783],[139.884424,35.725761],[139.884904,35.725363],[139.885419,35.725839],[139.885964,35.726366],[139.885946,35.72638],[139.885467,35.726749],[139.885437,35.726773]]]},"properties":{}},{"type":"Feature","geometry":{"type":"Polygon","coordinates":[[[139.885964,35.726366],[139.885419,35.725839],[139.885612,35.725503],[139.885773,35.725197],[139.886027,35.725236],[139.886447,35.72531],[139.886068,35.726204],[139.885964,35.726366]]]},"properties":{}},{"type":"Feature","geometry":{"type":"Polygon","coordinates":[[[139.886447,35.72531],[139.886027,35.725236],[139.885773,35.725197],[139.885104,35.725077],[139.885219,35.724931],[139.885311,35.724814],[139.885569,35.724485],[139.885589,35.72446],[139.886732,35.724624],[139.886721,35.72465],[139.8866,35.724942],[139.886447,35.72531]]]},"properties":{}},{"type":"Feature","geometry":{"type":"Polygon","coordinates":[[[139.886732,35.724624],[139.885589,35.72446],[139.885752,35.724253],[139.88602,35.723912],[139.886847,35.724348],[139.886732,35.724624]]]},"properties":{}},{"type":"Feature","geometry":{"type":"Polygon","coordinates":[[[139.886847,35.724348],[139.88602,35.723912],[139.886225,35.723635],[139.88635,35.723466],[139.886625,35.723905],[139.886869,35.724098],[139.887003,35.724153],[139.886847,35.724348]]]},"properties":{}},{"type":"Feature","geometry":{"type":"Polygon","coordinates":[[[139.885104,35.725077],[139.885773,35.725197],[139.885612,35.725503],[139.885419,35.725839],[139.884904,35.725363],[139.885104,35.725077]]]},"properties":{}},{"type":"Feature","geometry":{"type":"Polygon","coordinates":[[[139.889659,35.731625],[139.889686,35.731655],[139.889225,35.731598],[139.888652,35.731518],[139.888669,35.731486],[139.888832,35.731195],[139.888981,35.730971],[139.889305,35.731287],[139.889415,35.731397],[139.889633,35.7316],[139.889659,35.731625]]]},"properties":{}},{"type":"Feature","geometry":{"type":"Polygon","coordinates":[[[139.888981,35.730971],[139.888832,35.731195],[139.888669,35.731486],[139.888652,35.731518],[139.888273,35.731466],[139.888075,35.731439],[139.887973,35.731423],[139.887991,35.731395],[139.888263,35.730957],[139.888279,35.730932],[139.888524,35.730556],[139.888542,35.730573],[139.888981,35.730971]]]},"properties":{}},{"type":"Feature","geometry":{"type":"Polygon","coordinates":[[[139.888524,35.730556],[139.888191,35.730239],[139.888658,35.72992],[139.888711,35.729884],[139.888886,35.730051],[139.888933,35.730095],[139.889495,35.730634],[139.889448,35.730665],[139.888981,35.730971],[139.888542,35.730573],[139.888524,35.730556]]]},"properties":{}},{"type":"Feature","geometry":{"type":"Polygon","coordinates":[[[139.888524,35.730556],[139.888279,35.730932],[139.887961,35.730794],[139.887615,35.730642],[139.888191,35.730239],[139.888524,35.730556]]]},"properties":{}},{"type":"Feature","geometry":{"type":"Polygon","coordinates":[[[139.892113,35.733502],[139.891604,35.733449],[139.891616,35.73341],[139.891894,35.733033],[139.891944,35.733003],[139.891989,35.732977],[139.892333,35.733291],[139.892293,35.733325],[139.892113,35.733502]]]},"properties":{}},{"type":"Feature","geometry":{"type":"Polygon","coordinates":[[[139.885693,35.732918],[139.885666,35.732806],[139.88566,35.732725],[139.885675,35.732698],[139.885749,35.732657],[139.885777,35.732626],[139.885815,35.732533],[139.885797,35.732385],[139.886046,35.732379],[139.886137,35.732402],[139.886187,35.732414],[139.886006,35.732879],[139.885837,35.73333],[139.885798,35.733307],[139.885721,35.733263],[139.885703,35.733189],[139.885702,35.73316],[139.885746,35.733068],[139.885742,35.733003],[139.885693,35.732918]]]},"properties":{}},{"type":"Feature","geometry":{"type":"Polygon","coordinates":[[[139.885693,35.732918],[139.885222,35.7329],[139.884907,35.732824],[139.884875,35.73283],[139.884896,35.732565],[139.885123,35.73207],[139.885296,35.732176],[139.885381,35.732242],[139.885397,35.732266],[139.885405,35.732304],[139.885415,35.732324],[139.885438,35.732335],[139.885541,35.732363],[139.885624,35.73238],[139.885797,35.732385],[139.885815,35.732533],[139.885777,35.732626],[139.885749,35.732657],[139.885675,35.732698],[139.88566,35.732725],[139.885666,35.732806],[139.885693,35.732918]]]},"properties":{}},{"type":"Feature","geometry":{"type":"Polygon","coordinates":[[[139.892153,35.727164],[139.892216,35.726471],[139.892793,35.726514],[139.893358,35.726571],[139.893168,35.726836],[139.892925,35.727146],[139.892787,35.727323],[139.892445,35.727213],[139.892153,35.727164]]]},"properties":{}},{"type":"Feature","geometry":{"type":"Polygon","coordinates":[[[139.891734,35.72716],[139.891644,35.727146],[139.891709,35.726945],[139.891822,35.726739],[139.891866,35.726622],[139.891873,35.726572],[139.891872,35.726512],[139.891841,35.726429],[139.891751,35.726236],[139.891458,35.725779],[139.891448,35.725749],[139.891918,35.725668],[139.892204,35.725652],[139.892208,35.726174],[139.892216,35.726471],[139.892153,35.727164],[139.891734,35.72716]]]},"properties":{}},{"type":"Feature","geometry":{"type":"Polygon","coordinates":[[[139.891055,35.727108],[139.891107,35.726687],[139.89112,35.72658],[139.891873,35.726572],[139.891866,35.726622],[139.891822,35.726739],[139.891709,35.726945],[139.891644,35.727146],[139.891342,35.727115],[139.891055,35.727108]]]},"properties":{}},{"type":"Feature","geometry":{"type":"Polygon","coordinates":[[[139.890607,35.726972],[139.890456,35.727435],[139.889714,35.727225],[139.889749,35.727122],[139.889821,35.726678],[139.890488,35.726911],[139.890607,35.726972]]]},"properties":{}},{"type":"Feature","geometry":{"type":"Polygon","coordinates":[[[139.889821,35.726678],[139.8901,35.725954],[139.890605,35.725941],[139.89054,35.726477],[139.890488,35.726911],[139.889821,35.726678]]]},"properties":{}},{"type":"Feature","geometry":{"type":"Polygon","coordinates":[[[139.888443,35.726429],[139.888219,35.72701],[139.88815,35.726999],[139.887633,35.726917],[139.887681,35.726685],[139.887687,35.726655],[139.887713,35.726538],[139.887758,35.726316],[139.888371,35.726417],[139.888443,35.726429]]]},"properties":{}},{"type":"Feature","geometry":{"type":"Polygon","coordinates":[[[139.887758,35.726316],[139.887833,35.726037],[139.887855,35.725953],[139.887955,35.72558],[139.888623,35.725695],[139.888696,35.725707],[139.888565,35.726082],[139.888545,35.726137],[139.888443,35.726429],[139.888371,35.726417],[139.887758,35.726316]]]},"properties":{}},{"type":"Feature","geometry":{"type":"Polygon","coordinates":[[[139.89574,35.722747],[139.895617,35.723277],[139.895455,35.723696],[139.89494,35.72357],[139.894896,35.72356],[139.894654,35.723492],[139.894618,35.723475],[139.894639,35.723415],[139.894921,35.722848],[139.894982,35.722728],[139.895,35.722587],[139.895039,35.72259],[139.89505,35.722591],[139.89574,35.722747]]]},"properties":{}},{"type":"Feature","geometry":{"type":"Polygon","coordinates":[[[139.891898,35.722451],[139.891768,35.722189],[139.891561,35.721773],[139.891866,35.721625],[139.891896,35.721582],[139.892114,35.72158],[139.892387,35.721577],[139.892928,35.72157],[139.892911,35.721601],[139.892844,35.721713],[139.89265,35.722306],[139.892449,35.722247],[139.892367,35.722278],[139.891898,35.722451]]]},"properties":{}},{"type":"Feature","geometry":{"type":"Polygon","coordinates":[[[139.891897,35.722449],[139.892168,35.723104],[139.891423,35.723279],[139.891408,35.723241],[139.891163,35.722734],[139.891897,35.722449]]]},"properties":{}},{"type":"Feature","geometry":{"type":"Polygon","coordinates":[[[139.891163,35.722734],[139.890853,35.722111],[139.891532,35.721783],[139.89187,35.722445],[139.891163,35.722734]]]},"properties":{}},{"type":"Feature","geometry":{"type":"Polygon","coordinates":[[[139.891163,35.722734],[139.891408,35.723241],[139.891423,35.723279],[139.890575,35.723483],[139.890447,35.723004],[139.891163,35.722734]]]},"properties":{}},{"type":"Feature","geometry":{"type":"Polygon","coordinates":[[[139.890447,35.723004],[139.890268,35.722406],[139.890853,35.722111],[139.891163,35.722734],[139.890447,35.723004]]]},"properties":{}},{"type":"Feature","geometry":{"type":"Polygon","coordinates":[[[139.889842,35.723238],[139.889621,35.72332],[139.889549,35.723347],[139.889558,35.723321],[139.889744,35.722797],[139.889926,35.722302],[139.889982,35.722316],[139.890262,35.722386],[139.890268,35.722406],[139.890447,35.723004],[139.889842,35.723238]]]},"properties":{}},{"type":"Feature","geometry":{"type":"Polygon","coordinates":[[[139.887955,35.72558],[139.888017,35.72534],[139.888172,35.724751],[139.88891,35.724882],[139.888981,35.724894],[139.888837,35.725294],[139.888696,35.725707],[139.888623,35.725695],[139.887955,35.72558]]]},"properties":{}},{"type":"Feature","geometry":{"type":"Polygon","coordinates":[[[139.8901,35.725954],[139.890135,35.725526],[139.890179,35.725093],[139.890694,35.725005],[139.890654,35.725412],[139.890605,35.725941],[139.8901,35.725954]]]},"properties":{}},{"type":"Feature","geometry":{"type":"Polygon","coordinates":[[[139.890605,35.725941],[139.890654,35.725412],[139.890694,35.725005],[139.891318,35.724897],[139.89129,35.725083],[139.891287,35.725339],[139.891312,35.725482],[139.891422,35.725708],[139.891443,35.725732],[139.891448,35.725749],[139.891458,35.725779],[139.891097,35.725893],[139.890908,35.725927],[139.890605,35.725941]]]},"properties":{}},{"type":"Feature","geometry":{"type":"Polygon","coordinates":[[[139.891458,35.725779],[139.891751,35.726236],[139.891841,35.726429],[139.891872,35.726512],[139.891873,35.726572],[139.89112,35.72658],[139.891128,35.726515],[139.891155,35.726275],[139.89115,35.726164],[139.891097,35.725893],[139.891458,35.725779]]]},"properties":{}},{"type":"Feature","geometry":{"type":"Polygon","coordinates":[[[139.891393,35.731448],[139.891781,35.731815],[139.891969,35.731993],[139.892005,35.732024],[139.89197,35.732052],[139.891963,35.732058],[139.891485,35.732439],[139.891445,35.73247],[139.890888,35.731947],[139.890849,35.73191],[139.890887,35.731878],[139.891356,35.731484],[139.891367,35.731474],[139.891393,35.731448]]]},"properties":{}},{"type":"Feature","geometry":{"type":"Polygon","coordinates":[[[139.890849,35.73191],[139.890815,35.731878],[139.89062,35.731696],[139.890224,35.731327],[139.890178,35.731283],[139.890217,35.73125],[139.890697,35.730843],[139.890729,35.730817],[139.891393,35.731448],[139.891367,35.731474],[139.891356,35.731484],[139.890887,35.731878],[139.890849,35.73191]]]},"properties":{}},{"type":"Feature","geometry":{"type":"Polygon","coordinates":[[[139.890241,35.721431],[139.89061,35.720441],[139.89067,35.720455],[139.891081,35.720555],[139.891471,35.72065],[139.891911,35.720755],[139.891939,35.720762],[139.892088,35.720817],[139.892077,35.720862],[139.891896,35.721582],[139.891866,35.721625],[139.891561,35.721773],[139.891181,35.721959],[139.890853,35.722111],[139.89041,35.721468],[139.89031,35.721446],[139.890241,35.721431]]]},"properties":{}},{"type":"Feature","geometry":{"type":"Polygon","coordinates":[[[139.890853,35.722111],[139.890268,35.722406],[139.890262,35.722386],[139.889982,35.722316],[139.889926,35.722302],[139.890241,35.721431],[139.89031,35.721446],[139.89041,35.721468],[139.890853,35.722111]]]},"properties":{}},{"type":"Feature","geometry":{"type":"Polygon","coordinates":[[[139.891423,35.723279],[139.891781,35.723196],[139.892168,35.723104],[139.892262,35.723443],[139.89235,35.723739],[139.892181,35.723813],[139.891967,35.723891],[139.891672,35.723944],[139.891513,35.723952],[139.891452,35.723946],[139.891463,35.7239],[139.891461,35.723655],[139.891429,35.723312],[139.891423,35.723279]]]},"properties":{}},{"type":"Feature","geometry":{"type":"Polygon","coordinates":[[[139.891452,35.723946],[139.891396,35.723938],[139.891153,35.723912],[139.890736,35.723815],[139.890665,35.723809],[139.890656,35.723778],[139.890575,35.723483],[139.891423,35.723279],[139.891429,35.723312],[139.891461,35.723655],[139.891463,35.7239],[139.891452,35.723946]]]},"properties":{}},{"type":"Feature","geometry":{"type":"Polygon","coordinates":[[[139.891452,35.723946],[139.891513,35.723952],[139.891672,35.723944],[139.891967,35.723891],[139.892181,35.723813],[139.89235,35.723739],[139.892462,35.723704],[139.892631,35.723664],[139.892643,35.723688],[139.892682,35.723711],[139.892704,35.723724],[139.892659,35.723984],[139.89261,35.724522],[139.892605,35.724605],[139.892576,35.724603],[139.891991,35.724561],[139.891359,35.724514],[139.891389,35.724263],[139.891395,35.724229],[139.891442,35.723986],[139.891452,35.723946]]]},"properties":{}},{"type":"Feature","geometry":{"type":"Polygon","coordinates":[[[139.891395,35.724229],[139.891389,35.724263],[139.89136,35.724462],[139.89133,35.724465],[139.891223,35.724462],[139.891061,35.724458],[139.890782,35.724434],[139.890793,35.724433],[139.890785,35.724432],[139.890804,35.724433],[139.89025,35.724488],[139.890254,35.72433],[139.890259,35.724282],[139.89027,35.724244],[139.890343,35.724038],[139.890422,35.723812],[139.890665,35.723809],[139.890736,35.723815],[139.891153,35.723912],[139.891396,35.723938],[139.891452,35.723946],[139.891442,35.723986],[139.891395,35.724229]]]},"properties":{}},{"type":"Feature","geometry":{"type":"Polygon","coordinates":[[[139.891359,35.724514],[139.891991,35.724561],[139.892193,35.725242],[139.892198,35.72527],[139.891287,35.725339],[139.89129,35.725083],[139.891318,35.724897],[139.891359,35.724514]]]},"properties":{}},{"type":"Feature","geometry":{"type":"Polygon","coordinates":[[[139.891287,35.725339],[139.892198,35.72527],[139.892203,35.725297],[139.892204,35.725652],[139.891918,35.725668],[139.891448,35.725749],[139.891443,35.725732],[139.891422,35.725708],[139.891312,35.725482],[139.891287,35.725339]]]},"properties":{}},{"type":"Feature","geometry":{"type":"Polygon","coordinates":[[[139.894618,35.723475],[139.894574,35.723457],[139.894395,35.72343],[139.894076,35.723429],[139.893773,35.723421],[139.893629,35.72343],[139.893566,35.723439],[139.893235,35.723487],[139.893165,35.723509],[139.892996,35.723142],[139.892794,35.722966],[139.89283,35.722958],[139.89354,35.722901],[139.893586,35.722897],[139.894341,35.722831],[139.894409,35.722817],[139.894605,35.722799],[139.894921,35.722848],[139.894639,35.723415],[139.894618,35.723475]]]},"properties":{}},{"type":"Feature","geometry":{"type":"Polygon","coordinates":[[[139.894618,35.723475],[139.894654,35.723492],[139.894896,35.72356],[139.89494,35.72357],[139.895132,35.723617],[139.89544,35.723699],[139.895329,35.724073],[139.895294,35.724152],[139.895285,35.724204],[139.895292,35.724294],[139.895304,35.724349],[139.895285,35.724404],[139.895189,35.724381],[139.895091,35.724356],[139.894694,35.724278],[139.894265,35.724243],[139.894306,35.724157],[139.894434,35.723889],[139.894602,35.723517],[139.894609,35.723498],[139.894618,35.723475]]]},"properties":{}},{"type":"Feature","geometry":{"type":"Polygon","coordinates":[[[139.894434,35.723889],[139.894124,35.723821],[139.893898,35.723767],[139.893503,35.723664],[139.893622,35.723424],[139.894268,35.723437],[139.894395,35.72343],[139.894574,35.723457],[139.894618,35.723475],[139.894609,35.723498],[139.894602,35.723517],[139.894434,35.723889]]]},"properties":{}},{"type":"Feature","geometry":{"type":"Polygon","coordinates":[[[139.894188,35.724466],[139.894129,35.724635],[139.894082,35.724932],[139.893101,35.724637],[139.893176,35.72415],[139.893313,35.723934],[139.893346,35.723952],[139.893615,35.724137],[139.894205,35.724394],[139.894188,35.724466]]]},"properties":{}},{"type":"Feature","geometry":{"type":"Polygon","coordinates":[[[139.893965,35.725308],[139.893686,35.7252],[139.893531,35.725189],[139.893076,35.725157],[139.893043,35.725155],[139.893097,35.724675],[139.893101,35.724637],[139.894082,35.724932],[139.894053,35.725146],[139.893965,35.725308]]]},"properties":{}},{"type":"Feature","geometry":{"type":"Polygon","coordinates":[[[139.893732,35.725753],[139.893525,35.725694],[139.893016,35.725677],[139.892973,35.725675],[139.893025,35.725311],[139.893043,35.725155],[139.893076,35.725157],[139.893531,35.725189],[139.893686,35.7252],[139.893965,35.725308],[139.893911,35.725458],[139.893768,35.725671],[139.893752,35.725719],[139.893732,35.725753]]]},"properties":{}},{"type":"Feature","geometry":{"type":"Polygon","coordinates":[[[139.892923,35.730108],[139.892489,35.73006],[139.892203,35.729997],[139.891791,35.72989],[139.891975,35.729245],[139.892421,35.72933],[139.892674,35.729378],[139.893091,35.729458],[139.892968,35.729933],[139.892923,35.730108]]]},"properties":{}},{"type":"Feature","geometry":{"type":"Polygon","coordinates":[[[139.893091,35.729458],[139.893274,35.729493],[139.893492,35.729531],[139.893576,35.729548],[139.893677,35.729567],[139.893705,35.729566],[139.89369,35.729798],[139.893691,35.730126],[139.893691,35.730167],[139.892923,35.730108],[139.892968,35.729933],[139.893091,35.729458]]]},"properties":{}},{"type":"Feature","geometry":{"type":"Polygon","coordinates":[[[139.893091,35.729458],[139.892674,35.729378],[139.892421,35.72933],[139.891975,35.729245],[139.892158,35.728628],[139.893249,35.728815],[139.893091,35.729458]]]},"properties":{}},{"type":"Feature","geometry":{"type":"Polygon","coordinates":[[[139.893249,35.728815],[139.893794,35.728904],[139.89372,35.729265],[139.893705,35.729566],[139.893677,35.729567],[139.893576,35.729548],[139.893492,35.729531],[139.893274,35.729493],[139.893091,35.729458],[139.893249,35.728815]]]},"properties":{}},{"type":"Feature","geometry":{"type":"Polygon","coordinates":[[[139.893502,35.723679],[139.893346,35.723952],[139.893313,35.723934],[139.893115,35.723831],[139.892704,35.723724],[139.892682,35.723711],[139.892643,35.723688],[139.892631,35.723664],[139.892869,35.723604],[139.893165,35.723509],[139.893235,35.723487],[139.893566,35.723439],[139.893629,35.72343],[139.893612,35.723466],[139.893605,35.723483],[139.893502,35.723679]]]},"properties":{}},{"type":"Feature","geometry":{"type":"Polygon","coordinates":[[[139.893502,35.723679],[139.893898,35.723767],[139.894422,35.723899],[139.894187,35.724385],[139.893629,35.72415],[139.893346,35.723952],[139.893502,35.723679]]]},"properties":{}},{"type":"Feature","geometry":{"type":"Polygon","coordinates":[[[139.883539,35.724144],[139.883435,35.724122],[139.883029,35.724039],[139.882598,35.723987],[139.882569,35.723982],[139.882586,35.72397],[139.882736,35.723858],[139.883125,35.72335],[139.883184,35.723271],[139.883457,35.722914],[139.88382,35.723107],[139.884201,35.72331],[139.884067,35.723633],[139.883829,35.724208],[139.883539,35.724144]]]},"properties":{}},{"type":"Feature","geometry":{"type":"Polygon","coordinates":[[[139.892605,35.724605],[139.893101,35.724637],[139.893097,35.724675],[139.893043,35.725155],[139.892841,35.725159],[139.892475,35.725228],[139.8924,35.72524],[139.892198,35.72527],[139.892193,35.725242],[139.891991,35.724561],[139.892576,35.724603],[139.892605,35.724605]]]},"properties":{}},{"type":"Feature","geometry":{"type":"Polygon","coordinates":[[[139.892605,35.724605],[139.89261,35.724522],[139.892659,35.723984],[139.892704,35.723724],[139.893115,35.723831],[139.893313,35.723934],[139.893176,35.72415],[139.893101,35.724637],[139.892605,35.724605]]]},"properties":{}},{"type":"Feature","geometry":{"type":"Polygon","coordinates":[[[139.888568,35.732099],[139.888607,35.731831],[139.888652,35.731518],[139.889225,35.731598],[139.889686,35.731655],[139.889735,35.731699],[139.889713,35.731716],[139.889701,35.731734],[139.889696,35.731755],[139.889637,35.732197],[139.889139,35.732152],[139.888568,35.732099]]]},"properties":{}},{"type":"Feature","geometry":{"type":"Polygon","coordinates":[[[139.889637,35.732197],[139.889553,35.732739],[139.888487,35.732637],[139.888568,35.732099],[139.889139,35.732152],[139.889637,35.732197]]]},"properties":{}},{"type":"Feature","geometry":{"type":"Polygon","coordinates":[[[139.891432,35.731324],[139.891554,35.730824],[139.891604,35.730618],[139.892746,35.730786],[139.892578,35.731482],[139.892336,35.731449],[139.892179,35.731427],[139.892017,35.731405],[139.891432,35.731324]]]},"properties":{}},{"type":"Feature","geometry":{"type":"Polygon","coordinates":[[[139.892578,35.731482],[139.892562,35.731519],[139.892345,35.73186],[139.892125,35.731961],[139.892032,35.732004],[139.892005,35.732024],[139.891969,35.731993],[139.891781,35.731815],[139.891393,35.731448],[139.891404,35.731429],[139.891432,35.731324],[139.892017,35.731405],[139.892179,35.731427],[139.892336,35.731449],[139.892578,35.731482]]]},"properties":{}},{"type":"Feature","geometry":{"type":"Polygon","coordinates":[[[139.892578,35.731482],[139.892746,35.730786],[139.893317,35.730871],[139.893432,35.730888],[139.893795,35.730938],[139.893884,35.730944],[139.893881,35.730983],[139.893868,35.731189],[139.893855,35.731428],[139.893852,35.731686],[139.8934,35.731618],[139.892984,35.73155],[139.892578,35.731482]]]},"properties":{}},{"type":"Feature","geometry":{"type":"Polygon","coordinates":[[[139.892793,35.726514],[139.892216,35.726471],[139.892208,35.726174],[139.892204,35.725652],[139.892973,35.725675],[139.892904,35.725998],[139.892793,35.726514]]]},"properties":{}},{"type":"Feature","geometry":{"type":"Polygon","coordinates":[[[139.892973,35.725675],[139.893016,35.725677],[139.893525,35.725694],[139.893732,35.725753],[139.893758,35.725792],[139.893734,35.72582],[139.893697,35.725922],[139.893397,35.726386],[139.893382,35.726459],[139.89338,35.726532],[139.893358,35.726571],[139.892793,35.726514],[139.892904,35.725998],[139.892973,35.725675]]]},"properties":{}},{"type":"Feature","geometry":{"type":"Polygon","coordinates":[[[139.892973,35.725675],[139.892204,35.725652],[139.892203,35.725297],[139.892198,35.72527],[139.8924,35.72524],[139.892475,35.725228],[139.892841,35.725159],[139.893043,35.725155],[139.893025,35.725311],[139.892973,35.725675]]]},"properties":{}},{"type":"Feature","geometry":{"type":"Polygon","coordinates":[[[139.892746,35.730786],[139.891604,35.730618],[139.891791,35.72989],[139.892203,35.729997],[139.892489,35.73006],[139.892923,35.730108],[139.892848,35.730397],[139.892746,35.730786]]]},"properties":{}},{"type":"Feature","geometry":{"type":"Polygon","coordinates":[[[139.890263,35.728013],[139.889363,35.727702],[139.889408,35.727619],[139.889639,35.727351],[139.889714,35.727225],[139.890456,35.727435],[139.890263,35.728013]]]},"properties":{}},{"type":"Feature","geometry":{"type":"Polygon","coordinates":[[[139.890138,35.728418],[139.889677,35.728278],[139.889115,35.728093],[139.889246,35.727941],[139.889363,35.727702],[139.890263,35.728013],[139.890138,35.728418]]]},"properties":{}},{"type":"Feature","geometry":{"type":"Polygon","coordinates":[[[139.889976,35.728856],[139.889552,35.728793],[139.888751,35.728637],[139.888857,35.728397],[139.889115,35.728093],[139.889677,35.728278],[139.890138,35.728418],[139.889976,35.728856]]]},"properties":{}},{"type":"Feature","geometry":{"type":"Polygon","coordinates":[[[139.893358,35.726571],[139.89338,35.726532],[139.893382,35.726459],[139.893397,35.726386],[139.893697,35.725922],[139.893734,35.72582],[139.893758,35.725792],[139.894551,35.726147],[139.894324,35.726865],[139.893895,35.726756],[139.893711,35.726703],[139.893423,35.72658],[139.893358,35.726571]]]},"properties":{}},{"type":"Feature","geometry":{"type":"Polygon","coordinates":[[[139.890385,35.730506],[139.890418,35.730458],[139.891172,35.730558],[139.891604,35.730618],[139.891554,35.730824],[139.891432,35.731324],[139.891404,35.731429],[139.891393,35.731448],[139.890385,35.730506]]]},"properties":{}},{"type":"Feature","geometry":{"type":"Polygon","coordinates":[[[139.887301,35.727661],[139.887393,35.727583],[139.887473,35.727449],[139.887561,35.727306],[139.887633,35.726917],[139.88815,35.726999],[139.888219,35.72701],[139.88805,35.727465],[139.887803,35.728126],[139.887742,35.728069],[139.887301,35.727661]]]},"properties":{}},{"type":"Feature","geometry":{"type":"Polygon","coordinates":[[[139.890694,35.725005],[139.890179,35.725093],[139.890239,35.724832],[139.89025,35.724488],[139.890804,35.724433],[139.890797,35.724485],[139.890711,35.724903],[139.890694,35.725005]]]},"properties":{}},{"type":"Feature","geometry":{"type":"Polygon","coordinates":[[[139.888172,35.724751],[139.888339,35.724105],[139.88835,35.724064],[139.888819,35.723949],[139.888957,35.723916],[139.889087,35.72389],[139.889273,35.723882],[139.889355,35.723878],[139.88934,35.723921],[139.888981,35.724894],[139.88891,35.724882],[139.888172,35.724751]]]},"properties":{}},{"type":"Feature","geometry":{"type":"Polygon","coordinates":[[[139.888984,35.722613],[139.889681,35.722782],[139.889744,35.722797],[139.889558,35.723321],[139.88949,35.723304],[139.888789,35.723126],[139.888984,35.722613]]]},"properties":{}},{"type":"Feature","geometry":{"type":"Polygon","coordinates":[[[139.888789,35.723126],[139.88949,35.723304],[139.889558,35.723321],[139.889549,35.723347],[139.889355,35.723878],[139.889273,35.723882],[139.889087,35.72389],[139.888957,35.723916],[139.888819,35.723949],[139.88835,35.724064],[139.888371,35.724018],[139.888574,35.723584],[139.888789,35.723126]]]},"properties":{}},{"type":"Feature","geometry":{"type":"Polygon","coordinates":[[[139.911983,35.698387],[139.911929,35.698234],[139.911889,35.698158],[139.911837,35.698085],[139.911761,35.697995],[139.911811,35.697972],[139.911963,35.697819],[139.912116,35.698014],[139.912158,35.698039],[139.912192,35.698081],[139.912304,35.698298],[139.911983,35.698387]]]},"properties":{}},{"type":"Feature","geometry":{"type":"Polygon","coordinates":[[[139.912304,35.698298],[139.912192,35.698081],[139.912158,35.698039],[139.912116,35.698014],[139.911963,35.697819],[139.912168,35.697591],[139.912606,35.697145],[139.912698,35.69722],[139.912844,35.697359],[139.912962,35.697474],[139.912767,35.697538],[139.912847,35.697713],[139.913024,35.698088],[139.912927,35.698117],[139.912521,35.698235],[139.912304,35.698298]]]},"properties":{}},{"type":"Feature","geometry":{"type":"Polygon","coordinates":[[[139.913024,35.698088],[139.912847,35.697713],[139.912767,35.697538],[139.912962,35.697474],[139.913017,35.697524],[139.913073,35.697563],[139.9133,35.697704],[139.913495,35.697839],[139.913084,35.698069],[139.913024,35.698088]]]},"properties":{}},{"type":"Feature","geometry":{"type":"Polygon","coordinates":[[[139.912627,35.69646],[139.912655,35.696766],[139.912673,35.696925],[139.91267,35.696998],[139.91266,35.697053],[139.912649,35.697085],[139.912606,35.697145],[139.912168,35.697591],[139.911963,35.697819],[139.911811,35.697972],[139.911761,35.697995],[139.911585,35.697722],[139.911547,35.697638],[139.911385,35.697303],[139.911229,35.696965],[139.91119,35.696882],[139.910971,35.696422],[139.910809,35.6962],[139.910841,35.696176],[139.911618,35.695602],[139.912068,35.696007],[139.912577,35.696392],[139.912621,35.696425],[139.912627,35.69646]]]},"properties":{}},{"type":"Feature","geometry":{"type":"Polygon","coordinates":[[[139.912818,35.703043],[139.913243,35.703084],[139.91327,35.703127],[139.913445,35.703145],[139.913699,35.703137],[139.913748,35.703139],[139.913802,35.703324],[139.913826,35.70347],[139.913841,35.703593],[139.913837,35.703668],[139.913789,35.703666],[139.91366,35.703661],[139.913289,35.703595],[139.912795,35.703617],[139.912818,35.703043]]]},"properties":{}},{"type":"Feature","geometry":{"type":"Polygon","coordinates":[[[139.913163,35.701686],[139.913147,35.701639],[139.913117,35.701579],[139.913065,35.70151],[139.913109,35.701495],[139.913408,35.701393],[139.913496,35.701566],[139.913202,35.701672],[139.913163,35.701686]]]},"properties":{}},{"type":"Feature","geometry":{"type":"Polygon","coordinates":[[[139.916291,35.702222],[139.916155,35.702559],[139.916073,35.702741],[139.916019,35.70285],[139.915927,35.703019],[139.915818,35.703196],[139.915689,35.703388],[139.915501,35.703617],[139.915297,35.703852],[139.914977,35.704216],[139.914459,35.704771],[139.914312,35.704905],[139.914171,35.705031],[139.914017,35.705162],[139.913712,35.705416],[139.91363,35.705489],[139.91354,35.705569],[139.913507,35.705601],[139.913457,35.705651],[139.913433,35.705618],[139.913429,35.705602],[139.913426,35.70558],[139.913429,35.705517],[139.913439,35.705464],[139.913446,35.70543],[139.913488,35.705246],[139.913538,35.705253],[139.913714,35.705283],[139.913925,35.705107],[139.91421,35.704817],[139.914764,35.704242],[139.914846,35.704147],[139.914868,35.704125],[139.914873,35.704116],[139.915125,35.703826],[139.915373,35.703542],[139.915503,35.703384],[139.915657,35.703159],[139.915714,35.703082],[139.915869,35.702828],[139.915908,35.702748],[139.915952,35.702683],[139.916166,35.702373],[139.916291,35.702222]]]},"properties":{}},{"type":"Feature","geometry":{"type":"Polygon","coordinates":[[[139.913276,35.701132],[139.913408,35.701393],[139.913109,35.701495],[139.913065,35.70151],[139.913049,35.701488],[139.913006,35.701436],[139.91304,35.701408],[139.913081,35.701375],[139.913211,35.701216],[139.913276,35.701132]]]},"properties":{}},{"type":"Feature","geometry":{"type":"Polygon","coordinates":[[[139.881601,35.702545],[139.88152,35.70255],[139.881534,35.702461],[139.881613,35.702457],[139.881601,35.702545]]]},"properties":{}},{"type":"Feature","geometry":{"type":"Polygon","coordinates":[[[139.891954,35.70917],[139.891877,35.709162],[139.891489,35.70912],[139.891187,35.709086],[139.891309,35.708371],[139.891682,35.708439],[139.89171,35.708442],[139.891954,35.70917]]]},"properties":{}},{"type":"Feature","geometry":{"type":"Polygon","coordinates":[[[139.89171,35.708442],[139.892295,35.708501],[139.892248,35.708677],[139.892243,35.708797],[139.892229,35.709107],[139.892225,35.709195],[139.891954,35.70917],[139.89171,35.708442]]]},"properties":{}},{"type":"Feature","geometry":{"type":"Polygon","coordinates":[[[139.89171,35.708442],[139.891682,35.708439],[139.891309,35.708371],[139.890461,35.708233],[139.890408,35.708226],[139.890512,35.707746],[139.891394,35.707843],[139.891486,35.707859],[139.89157,35.708074],[139.891623,35.708214],[139.891634,35.708243],[139.89171,35.708442]]]},"properties":{}},{"type":"Feature","geometry":{"type":"Polygon","coordinates":[[[139.891486,35.707859],[139.891565,35.707879],[139.891763,35.707929],[139.892168,35.708049],[139.892323,35.708101],[139.892389,35.708123],[139.892295,35.708501],[139.89171,35.708442],[139.891634,35.708243],[139.891623,35.708214],[139.89157,35.708074],[139.891486,35.707859]]]},"properties":{}},{"type":"Feature","geometry":{"type":"Polygon","coordinates":[[[139.891486,35.707859],[139.891394,35.707843],[139.890512,35.707746],[139.890437,35.706999],[139.890627,35.706867],[139.890695,35.706827],[139.89101,35.707173],[139.891365,35.707622],[139.891459,35.707805],[139.891486,35.707859]]]},"properties":{}},{"type":"Feature","geometry":{"type":"Polygon","coordinates":[[[139.89101,35.707173],[139.891732,35.70716],[139.891746,35.707496],[139.891763,35.707929],[139.891565,35.707879],[139.891486,35.707859],[139.891459,35.707805],[139.891365,35.707622],[139.89101,35.707173]]]},"properties":{}},{"type":"Feature","geometry":{"type":"Polygon","coordinates":[[[139.890695,35.706827],[139.891378,35.706417],[139.891429,35.706485],[139.891684,35.706671],[139.891714,35.706736],[139.891732,35.70716],[139.89101,35.707173],[139.890695,35.706827]]]},"properties":{}},{"type":"Feature","geometry":{"type":"Polygon","coordinates":[[[139.905293,35.710221],[139.905589,35.710181],[139.905972,35.711013],[139.905338,35.711221],[139.905293,35.710221]]]},"properties":{}},{"type":"Feature","geometry":{"type":"Polygon","coordinates":[[[139.905338,35.711221],[139.905007,35.711305],[139.904689,35.711297],[139.904711,35.71122],[139.90471,35.711164],[139.904617,35.710921],[139.904515,35.71067],[139.90452,35.710602],[139.904499,35.710502],[139.904481,35.710476],[139.905293,35.710221],[139.905338,35.711221]]]},"properties":{}},{"type":"Feature","geometry":{"type":"Polygon","coordinates":[[[139.905338,35.711221],[139.905972,35.711013],[139.906136,35.71104],[139.906118,35.711278],[139.906097,35.711327],[139.906054,35.711398],[139.905981,35.711587],[139.905468,35.711648],[139.905379,35.711682],[139.905324,35.711713],[139.905159,35.711734],[139.905338,35.711221]]]},"properties":{}},{"type":"Feature","geometry":{"type":"Polygon","coordinates":[[[139.905159,35.711734],[139.904871,35.711732],[139.904767,35.711714],[139.904526,35.711638],[139.904617,35.711453],[139.904689,35.711297],[139.905007,35.711305],[139.905338,35.711221],[139.905159,35.711734]]]},"properties":{}},{"type":"Feature","geometry":{"type":"Polygon","coordinates":[[[139.907208,35.710883],[139.907217,35.710927],[139.90724,35.711124],[139.907242,35.711221],[139.907226,35.711307],[139.907172,35.711445],[139.906868,35.711414],[139.90668,35.711394],[139.906628,35.711384],[139.906414,35.711327],[139.906097,35.711327],[139.906118,35.711278],[139.906136,35.71104],[139.906293,35.711006],[139.906326,35.710987],[139.906464,35.710971],[139.906564,35.710966],[139.906785,35.71093],[139.906972,35.71092],[139.907034,35.710905],[139.907208,35.710883]]]},"properties":{}},{"type":"Feature","geometry":{"type":"Polygon","coordinates":[[[139.906136,35.71104],[139.905972,35.711013],[139.905589,35.710181],[139.906184,35.710104],[139.906279,35.710516],[139.906326,35.710987],[139.906293,35.711006],[139.906136,35.71104]]]},"properties":{}},{"type":"Feature","geometry":{"type":"Polygon","coordinates":[[[139.909019,35.708549],[139.909009,35.708524],[139.909011,35.708503],[139.909027,35.708442],[139.909056,35.70845],[139.909108,35.708446],[139.909145,35.708443],[139.909278,35.708416],[139.909532,35.708388],[139.909832,35.708359],[139.910092,35.708333],[139.910341,35.708307],[139.910851,35.70827],[139.910873,35.708269],[139.910978,35.708264],[139.911059,35.708255],[139.911002,35.708317],[139.910803,35.708539],[139.910272,35.709104],[139.910239,35.709088],[139.910231,35.709086],[139.91014,35.709069],[139.909984,35.709025],[139.90987,35.708992],[139.909286,35.708826],[139.909294,35.70879],[139.909294,35.708757],[139.909285,35.70873],[139.909042,35.708572],[139.909019,35.708549]]]},"properties":{}},{"type":"Feature","geometry":{"type":"Polygon","coordinates":[[[139.896306,35.703589],[139.896403,35.703609],[139.897192,35.703581],[139.896941,35.704232],[139.896937,35.704243],[139.896872,35.704227],[139.896816,35.704214],[139.896121,35.704045],[139.896057,35.704029],[139.896262,35.703649],[139.896281,35.703624],[139.896306,35.703589]]]},"properties":{}},{"type":"Feature","geometry":{"type":"Polygon","coordinates":[[[139.896057,35.704029],[139.895851,35.704602],[139.895743,35.704603],[139.894893,35.704612],[139.894833,35.704618],[139.894785,35.704476],[139.894768,35.704413],[139.895138,35.704181],[139.895616,35.703907],[139.896166,35.703569],[139.896225,35.703533],[139.896266,35.703561],[139.896306,35.703589],[139.896281,35.703624],[139.896262,35.703649],[139.896057,35.704029]]]},"properties":{}},{"type":"Feature","geometry":{"type":"Polygon","coordinates":[[[139.897559,35.70438],[139.897519,35.704488],[139.897479,35.704596],[139.897463,35.704592],[139.897318,35.704941],[139.897312,35.704954],[139.897216,35.704929],[139.896813,35.704827],[139.896725,35.704804],[139.896937,35.704243],[139.896941,35.704232],[139.897027,35.704253],[139.897057,35.70426],[139.897453,35.704355],[139.897559,35.70438]]]},"properties":{}},{"type":"Feature","geometry":{"type":"Polygon","coordinates":[[[139.896941,35.704232],[139.897192,35.703581],[139.897284,35.703584],[139.897704,35.703608],[139.897725,35.703608],[139.897836,35.703609],[139.89785,35.703609],[139.897818,35.703691],[139.897659,35.704099],[139.897559,35.70438],[139.897453,35.704355],[139.897057,35.70426],[139.897027,35.704253],[139.896941,35.704232]]]},"properties":{}},{"type":"Feature","geometry":{"type":"Polygon","coordinates":[[[139.909627,35.706939],[139.909576,35.706922],[139.909116,35.706765],[139.909332,35.706368],[139.909984,35.706599],[139.910029,35.706615],[139.909627,35.706939]]]},"properties":{}},{"type":"Feature","geometry":{"type":"Polygon","coordinates":[[[139.910029,35.706615],[139.910731,35.707033],[139.910782,35.707075],[139.910496,35.707234],[139.910283,35.707349],[139.909627,35.706939],[139.910029,35.706615]]]},"properties":{}},{"type":"Feature","geometry":{"type":"Polygon","coordinates":[[[139.882616,35.696175],[139.882425,35.69616],[139.882343,35.696154],[139.882358,35.696018],[139.882403,35.69545],[139.882506,35.695411],[139.882678,35.695342],[139.882867,35.695566],[139.883039,35.695768],[139.883332,35.696113],[139.8834,35.696192],[139.883672,35.696511],[139.883156,35.696806],[139.882806,35.696397],[139.882616,35.696175]]]},"properties":{}},{"type":"Feature","geometry":{"type":"Polygon","coordinates":[[[139.883156,35.696806],[139.883672,35.696511],[139.883784,35.696642],[139.883265,35.696934],[139.883156,35.696806]]]},"properties":{}},{"type":"Feature","geometry":{"type":"Polygon","coordinates":[[[139.883265,35.696934],[139.883784,35.696642],[139.883846,35.696714],[139.883645,35.696926],[139.883526,35.697239],[139.883265,35.696934]]]},"properties":{}},{"type":"Feature","geometry":{"type":"Polygon","coordinates":[[[139.906021,35.711986],[139.905999,35.711683],[139.905981,35.711587],[139.906054,35.711398],[139.906097,35.711327],[139.906414,35.711327],[139.906628,35.711384],[139.90668,35.711394],[139.906868,35.711414],[139.907172,35.711445],[139.907112,35.711569],[139.90705,35.711671],[139.906967,35.711788],[139.906672,35.712128],[139.906021,35.711986]]]},"properties":{}},{"type":"Feature","geometry":{"type":"Polygon","coordinates":[[[139.906672,35.712128],[139.906331,35.71252],[139.906175,35.712739],[139.906137,35.712809],[139.906109,35.71287],[139.906051,35.712857],[139.906011,35.71283],[139.905717,35.71257],[139.905812,35.712356],[139.905951,35.712116],[139.906021,35.711986],[139.906672,35.712128]]]},"properties":{}},{"type":"Feature","geometry":{"type":"Polygon","coordinates":[[[139.89365,35.705083],[139.894073,35.704834],[139.894644,35.704487],[139.894768,35.704413],[139.894785,35.704476],[139.894833,35.704618],[139.89484,35.704656],[139.894803,35.704926],[139.894755,35.705258],[139.894684,35.705252],[139.893716,35.705173],[139.89365,35.705083]]]},"properties":{}},{"type":"Feature","geometry":{"type":"Polygon","coordinates":[[[139.893716,35.705173],[139.8938,35.705623],[139.893854,35.705896],[139.893784,35.705905],[139.893733,35.705912],[139.893109,35.705979],[139.893039,35.705986],[139.892962,35.70548],[139.89365,35.705083],[139.893716,35.705173]]]},"properties":{}},{"type":"Feature","geometry":{"type":"Polygon","coordinates":[[[139.893716,35.705173],[139.894684,35.705252],[139.894755,35.705258],[139.894744,35.705309],[139.894639,35.705685],[139.89459,35.70568],[139.893879,35.705629],[139.8938,35.705623],[139.893716,35.705173]]]},"properties":{}},{"type":"Feature","geometry":{"type":"Polygon","coordinates":[[[139.8938,35.705623],[139.893879,35.705629],[139.89459,35.70568],[139.894639,35.705685],[139.894452,35.706292],[139.894411,35.706282],[139.893935,35.706167],[139.893882,35.706169],[139.893854,35.705896],[139.8938,35.705623]]]},"properties":{}},{"type":"Feature","geometry":{"type":"Polygon","coordinates":[[[139.893882,35.706169],[139.893935,35.706167],[139.894411,35.706282],[139.894452,35.706292],[139.894324,35.706728],[139.894167,35.706702],[139.894106,35.706682],[139.894031,35.706634],[139.89397,35.706583],[139.893928,35.706545],[139.893927,35.706537],[139.893882,35.706169]]]},"properties":{}},{"type":"Feature","geometry":{"type":"Polygon","coordinates":[[[139.893989,35.707321],[139.894678,35.707492],[139.894738,35.707507],[139.894497,35.708111],[139.893712,35.707916],[139.893874,35.707609],[139.893963,35.70742],[139.893989,35.707321]]]},"properties":{}},{"type":"Feature","geometry":{"type":"Polygon","coordinates":[[[139.893712,35.707916],[139.894497,35.708111],[139.894277,35.708671],[139.894224,35.708656],[139.893829,35.708544],[139.893433,35.708435],[139.893712,35.707916]]]},"properties":{}},{"type":"Feature","geometry":{"type":"Polygon","coordinates":[[[139.893433,35.708435],[139.893829,35.708544],[139.894224,35.708656],[139.894277,35.708671],[139.893994,35.709381],[139.893579,35.70934],[139.893055,35.709285],[139.892962,35.709275],[139.892995,35.709214],[139.893229,35.708781],[139.893433,35.708435]]]},"properties":{}},{"type":"Feature","geometry":{"type":"Polygon","coordinates":[[[139.892962,35.709275],[139.893055,35.709285],[139.893579,35.70934],[139.893994,35.709381],[139.893974,35.709437],[139.893963,35.709466],[139.89381,35.70988],[139.893737,35.709883],[139.892591,35.709917],[139.892936,35.709331],[139.892962,35.709275]]]},"properties":{}},{"type":"Feature","geometry":{"type":"Polygon","coordinates":[[[139.892591,35.709917],[139.892378,35.710299],[139.892299,35.710273],[139.892255,35.710169],[139.892102,35.709678],[139.891972,35.70923],[139.891954,35.70917],[139.892225,35.709195],[139.892881,35.709266],[139.892885,35.709267],[139.892962,35.709275],[139.892936,35.709331],[139.892591,35.709917]]]},"properties":{}},{"type":"Feature","geometry":{"type":"Polygon","coordinates":[[[139.894497,35.708111],[139.894738,35.707507],[139.894813,35.707526],[139.895118,35.707602],[139.895245,35.707631],[139.895512,35.707692],[139.895612,35.707714],[139.895376,35.708319],[139.89528,35.708297],[139.894497,35.708111]]]},"properties":{}},{"type":"Feature","geometry":{"type":"Polygon","coordinates":[[[139.895376,35.708319],[139.89535,35.708383],[139.895292,35.70853],[139.895145,35.708917],[139.895092,35.708902],[139.895054,35.708891],[139.894337,35.708688],[139.894277,35.708671],[139.894497,35.708111],[139.89528,35.708297],[139.895376,35.708319]]]},"properties":{}},{"type":"Feature","geometry":{"type":"Polygon","coordinates":[[[139.896725,35.704804],[139.896691,35.704893],[139.896613,35.705094],[139.896544,35.705275],[139.896481,35.705438],[139.895652,35.705348],[139.895572,35.70534],[139.895684,35.705021],[139.895769,35.704809],[139.895851,35.704602],[139.895901,35.704613],[139.896096,35.704659],[139.896611,35.704778],[139.896668,35.704791],[139.896725,35.704804]]]},"properties":{}},{"type":"Feature","geometry":{"type":"Polygon","coordinates":[[[139.895851,35.704602],[139.896057,35.704029],[139.896121,35.704045],[139.896816,35.704214],[139.896872,35.704227],[139.896937,35.704243],[139.896725,35.704804],[139.896668,35.704791],[139.896611,35.704778],[139.896096,35.704659],[139.895901,35.704613],[139.895851,35.704602]]]},"properties":{}},{"type":"Feature","geometry":{"type":"Polygon","coordinates":[[[139.895851,35.704602],[139.895769,35.704809],[139.895684,35.705021],[139.895572,35.70534],[139.895485,35.705331],[139.894824,35.705264],[139.894755,35.705258],[139.894803,35.704926],[139.89484,35.704656],[139.894833,35.704618],[139.894893,35.704612],[139.895743,35.704603],[139.895851,35.704602]]]},"properties":{}},{"type":"Feature","geometry":{"type":"Polygon","coordinates":[[[139.882517,35.694306],[139.882526,35.694226],[139.88259,35.694234],[139.882618,35.694237],[139.882946,35.694323],[139.883089,35.69436],[139.883178,35.694392],[139.883409,35.694475],[139.883461,35.69447],[139.883518,35.694543],[139.883844,35.694922],[139.883805,35.694937],[139.883272,35.695137],[139.883037,35.694876],[139.882599,35.694376],[139.882576,35.694356],[139.882517,35.694306]]]},"properties":{}},{"type":"Feature","geometry":{"type":"Polygon","coordinates":[[[139.883272,35.695137],[139.883044,35.695216],[139.882678,35.695342],[139.882506,35.695411],[139.882403,35.69545],[139.882517,35.694306],[139.882576,35.694356],[139.882599,35.694376],[139.883037,35.694876],[139.883272,35.695137]]]},"properties":{}},{"type":"Feature","geometry":{"type":"Polygon","coordinates":[[[139.883272,35.695137],[139.883805,35.694937],[139.883844,35.694922],[139.883856,35.694937],[139.884008,35.695111],[139.884242,35.695387],[139.884565,35.69577],[139.884537,35.695791],[139.884522,35.695803],[139.884427,35.696132],[139.884261,35.696302],[139.884191,35.696221],[139.883918,35.695901],[139.883728,35.695678],[139.883554,35.695474],[139.883386,35.695278],[139.883272,35.695137]]]},"properties":{}},{"type":"Feature","geometry":{"type":"Polygon","coordinates":[[[139.883386,35.695278],[139.882867,35.695566],[139.882678,35.695342],[139.883044,35.695216],[139.883272,35.695137],[139.883386,35.695278]]]},"properties":{}},{"type":"Feature","geometry":{"type":"Polygon","coordinates":[[[139.884191,35.696221],[139.883672,35.696511],[139.8834,35.696192],[139.883332,35.696113],[139.883039,35.695768],[139.882867,35.695566],[139.883386,35.695278],[139.883554,35.695474],[139.883728,35.695678],[139.883918,35.695901],[139.884191,35.696221]]]},"properties":{}},{"type":"Feature","geometry":{"type":"Polygon","coordinates":[[[139.884261,35.696302],[139.884135,35.696434],[139.88404,35.696505],[139.883846,35.696714],[139.883784,35.696642],[139.883672,35.696511],[139.884191,35.696221],[139.884261,35.696302]]]},"properties":{}},{"type":"Feature","geometry":{"type":"Polygon","coordinates":[[[139.911758,35.705349],[139.912125,35.705226],[139.912214,35.705538],[139.912308,35.705881],[139.912272,35.705887],[139.91183,35.705982],[139.911758,35.705349]]]},"properties":{}},{"type":"Feature","geometry":{"type":"Polygon","coordinates":[[[139.892251,35.706071],[139.892237,35.705987],[139.892215,35.705923],[139.892247,35.705906],[139.892764,35.705591],[139.892962,35.70548],[139.893039,35.705986],[139.892983,35.705992],[139.89231,35.706064],[139.892251,35.706071]]]},"properties":{}},{"type":"Feature","geometry":{"type":"Polygon","coordinates":[[[139.893039,35.705986],[139.893099,35.706366],[139.893164,35.706738],[139.892701,35.706712],[139.892408,35.706694],[139.892347,35.706691],[139.892303,35.706394],[139.892251,35.706071],[139.89231,35.706064],[139.892983,35.705992],[139.893039,35.705986]]]},"properties":{}},{"type":"Feature","geometry":{"type":"Polygon","coordinates":[[[139.893784,35.705905],[139.89379,35.705948],[139.893825,35.706165],[139.893848,35.706474],[139.893868,35.70661],[139.89384,35.706615],[139.893164,35.706738],[139.893099,35.706366],[139.893039,35.705986],[139.893109,35.705979],[139.893733,35.705912],[139.893784,35.705905]]]},"properties":{}},{"type":"Feature","geometry":{"type":"Polygon","coordinates":[[[139.883149,35.700452],[139.882986,35.700585],[139.882909,35.700595],[139.882656,35.700818],[139.882606,35.70078],[139.881922,35.700277],[139.881875,35.700242],[139.881882,35.700035],[139.881883,35.699776],[139.881927,35.699441],[139.882024,35.699428],[139.882075,35.699413],[139.882106,35.69938],[139.882317,35.699118],[139.882909,35.699558],[139.883051,35.699664],[139.883208,35.699781],[139.88343,35.699945],[139.883901,35.700296],[139.883448,35.700686],[139.883149,35.700452]]]},"properties":{}},{"type":"Feature","geometry":{"type":"Polygon","coordinates":[[[139.883448,35.700686],[139.882996,35.701065],[139.882753,35.70089],[139.882656,35.700818],[139.882909,35.700595],[139.882986,35.700585],[139.883149,35.700452],[139.883448,35.700686]]]},"properties":{}},{"type":"Feature","geometry":{"type":"Polygon","coordinates":[[[139.883825,35.700957],[139.88338,35.701351],[139.883239,35.701243],[139.882996,35.701065],[139.883448,35.700686],[139.883675,35.700848],[139.883825,35.700957]]]},"properties":{}},{"type":"Feature","geometry":{"type":"Polygon","coordinates":[[[139.890984,35.710345],[139.890994,35.710282],[139.891019,35.710128],[139.891067,35.709828],[139.891148,35.709817],[139.891616,35.709754],[139.891993,35.709695],[139.892018,35.709691],[139.892102,35.709678],[139.892255,35.710169],[139.892173,35.71019],[139.891617,35.710319],[139.891582,35.710328],[139.891079,35.710342],[139.890984,35.710345]]]},"properties":{}},{"type":"Feature","geometry":{"type":"Polygon","coordinates":[[[139.89032,35.710373],[139.890204,35.710007],[139.890185,35.709949],[139.890253,35.70994],[139.890993,35.709838],[139.891067,35.709828],[139.891019,35.710128],[139.890994,35.710282],[139.890984,35.710345],[139.890914,35.710348],[139.89032,35.710373]]]},"properties":{}},{"type":"Feature","geometry":{"type":"Polygon","coordinates":[[[139.894452,35.706292],[139.894639,35.705685],[139.894691,35.705697],[139.895008,35.705774],[139.895314,35.705846],[139.895389,35.705863],[139.895237,35.70624],[139.895147,35.706462],[139.895083,35.706446],[139.894496,35.706303],[139.894452,35.706292]]]},"properties":{}},{"type":"Feature","geometry":{"type":"Polygon","coordinates":[[[139.895147,35.706462],[139.895015,35.7068],[139.894922,35.706795],[139.894652,35.706782],[139.894363,35.706735],[139.894324,35.706728],[139.894452,35.706292],[139.894496,35.706303],[139.895083,35.706446],[139.895147,35.706462]]]},"properties":{}},{"type":"Feature","geometry":{"type":"Polygon","coordinates":[[[139.895147,35.706462],[139.895237,35.70624],[139.895389,35.705863],[139.89544,35.705875],[139.896142,35.706042],[139.896182,35.706051],[139.896251,35.706068],[139.896016,35.706663],[139.895957,35.706649],[139.89592,35.706641],[139.895213,35.706477],[139.895147,35.706462]]]},"properties":{}},{"type":"Feature","geometry":{"type":"Polygon","coordinates":[[[139.896016,35.706663],[139.895943,35.706859],[139.895941,35.706865],[139.895732,35.706845],[139.895071,35.706802],[139.895015,35.7068],[139.895147,35.706462],[139.895213,35.706477],[139.89592,35.706641],[139.895957,35.706649],[139.896016,35.706663]]]},"properties":{}},{"type":"Feature","geometry":{"type":"Polygon","coordinates":[[[139.893164,35.706738],[139.89384,35.706615],[139.893868,35.70661],[139.893875,35.706664],[139.893933,35.707091],[139.89394,35.707141],[139.893932,35.707206],[139.893907,35.707312],[139.893228,35.707231],[139.893164,35.706738]]]},"properties":{}},{"type":"Feature","geometry":{"type":"Polygon","coordinates":[[[139.893228,35.707231],[139.892425,35.707143],[139.892416,35.707089],[139.892347,35.706691],[139.892408,35.706694],[139.892701,35.706712],[139.893164,35.706738],[139.893228,35.707231]]]},"properties":{}},{"type":"Feature","geometry":{"type":"Polygon","coordinates":[[[139.895389,35.705863],[139.895572,35.70534],[139.895652,35.705348],[139.896481,35.705438],[139.896251,35.706068],[139.896182,35.706051],[139.896142,35.706042],[139.89544,35.705875],[139.895389,35.705863]]]},"properties":{}},{"type":"Feature","geometry":{"type":"Polygon","coordinates":[[[139.894639,35.705685],[139.894744,35.705309],[139.894755,35.705258],[139.894824,35.705264],[139.895485,35.705331],[139.895572,35.70534],[139.895389,35.705863],[139.895314,35.705846],[139.895008,35.705774],[139.894691,35.705697],[139.894639,35.705685]]]},"properties":{}},{"type":"Feature","geometry":{"type":"Polygon","coordinates":[[[139.891684,35.706671],[139.891429,35.706485],[139.891378,35.706417],[139.892215,35.705923],[139.892237,35.705987],[139.892251,35.706071],[139.892303,35.706394],[139.892347,35.706691],[139.892289,35.706687],[139.891756,35.706654],[139.891684,35.706671]]]},"properties":{}},{"type":"Feature","geometry":{"type":"Polygon","coordinates":[[[139.892347,35.706691],[139.892416,35.707089],[139.892425,35.707143],[139.891732,35.70716],[139.891714,35.706736],[139.891684,35.706671],[139.891756,35.706654],[139.892289,35.706687],[139.892347,35.706691]]]},"properties":{}},{"type":"Feature","geometry":{"type":"Polygon","coordinates":[[[139.890512,35.707746],[139.890408,35.708226],[139.890349,35.708216],[139.889814,35.708124],[139.889491,35.708074],[139.889445,35.708069],[139.889376,35.708069],[139.889324,35.707828],[139.889288,35.707669],[139.889726,35.707409],[139.890115,35.707189],[139.890437,35.706999],[139.890512,35.707746]]]},"properties":{}},{"type":"Feature","geometry":{"type":"Polygon","coordinates":[[[139.890408,35.708226],[139.890461,35.708233],[139.891309,35.708371],[139.891187,35.709086],[139.890295,35.708973],[139.890308,35.708879],[139.890341,35.708652],[139.890408,35.708226]]]},"properties":{}},{"type":"Feature","geometry":{"type":"Polygon","coordinates":[[[139.890295,35.708973],[139.889529,35.7089],[139.889398,35.708885],[139.889406,35.708781],[139.889427,35.708524],[139.889376,35.708069],[139.889445,35.708069],[139.889491,35.708074],[139.889814,35.708124],[139.890349,35.708216],[139.890408,35.708226],[139.890341,35.708652],[139.890308,35.708879],[139.890295,35.708973]]]},"properties":{}},{"type":"Feature","geometry":{"type":"Polygon","coordinates":[[[139.891187,35.709086],[139.891489,35.70912],[139.891877,35.709162],[139.891954,35.70917],[139.891972,35.70923],[139.892102,35.709678],[139.892018,35.709691],[139.891993,35.709695],[139.891616,35.709754],[139.891148,35.709817],[139.891067,35.709828],[139.891177,35.709144],[139.891187,35.709086]]]},"properties":{}},{"type":"Feature","geometry":{"type":"Polygon","coordinates":[[[139.891067,35.709828],[139.890993,35.709838],[139.890253,35.70994],[139.890185,35.709949],[139.890173,35.709895],[139.890155,35.709821],[139.890218,35.709336],[139.890261,35.709223],[139.890278,35.7091],[139.890286,35.709039],[139.890295,35.708973],[139.891187,35.709086],[139.891177,35.709144],[139.891067,35.709828]]]},"properties":{}},{"type":"Feature","geometry":{"type":"Polygon","coordinates":[[[139.891732,35.70716],[139.892425,35.707143],[139.892433,35.707199],[139.892444,35.707286],[139.892509,35.707621],[139.892507,35.707663],[139.892465,35.70781],[139.892279,35.707775],[139.892232,35.707795],[139.892168,35.708049],[139.891763,35.707929],[139.891746,35.707496],[139.891732,35.70716]]]},"properties":{}},{"type":"Feature","geometry":{"type":"Polygon","coordinates":[[[139.883208,35.699781],[139.883633,35.699392],[139.883869,35.699569],[139.883925,35.699611],[139.884083,35.69973],[139.884321,35.699906],[139.883901,35.700296],[139.88343,35.699945],[139.883208,35.699781]]]},"properties":{}},{"type":"Feature","geometry":{"type":"Polygon","coordinates":[[[139.889215,35.709921],[139.889326,35.709294],[139.889378,35.709016],[139.889398,35.708885],[139.889529,35.7089],[139.890295,35.708973],[139.890286,35.709039],[139.890278,35.7091],[139.890261,35.709223],[139.890218,35.709336],[139.890155,35.709821],[139.890173,35.709895],[139.890185,35.709949],[139.890132,35.709949],[139.889702,35.709951],[139.889302,35.709927],[139.889278,35.709925],[139.889215,35.709921]]]},"properties":{}},{"type":"Feature","geometry":{"type":"Polygon","coordinates":[[[139.90708,35.706931],[139.907541,35.707093],[139.907455,35.707258],[139.906989,35.7071],[139.90708,35.706931]]]},"properties":{}},{"type":"Feature","geometry":{"type":"Polygon","coordinates":[[[139.906543,35.707948],[139.906533,35.707941],[139.906546,35.707942],[139.906543,35.707948]]]},"properties":{}},{"type":"Feature","geometry":{"type":"Polygon","coordinates":[[[139.892168,35.708049],[139.892232,35.707795],[139.892279,35.707775],[139.892465,35.70781],[139.892389,35.708123],[139.892323,35.708101],[139.892168,35.708049]]]},"properties":{}},{"type":"Feature","geometry":{"type":"Polygon","coordinates":[[[139.892389,35.708123],[139.892465,35.70781],[139.892507,35.707663],[139.892509,35.707621],[139.892444,35.707286],[139.892433,35.707199],[139.892425,35.707143],[139.893228,35.707231],[139.893907,35.707312],[139.893883,35.707409],[139.893817,35.70756],[139.893413,35.708327],[139.89336,35.708413],[139.892448,35.708141],[139.892389,35.708123]]]},"properties":{}},{"type":"Feature","geometry":{"type":"Polygon","coordinates":[[[139.89336,35.708413],[139.89331,35.708495],[139.893193,35.708715],[139.893164,35.708761],[139.892295,35.708501],[139.892389,35.708123],[139.892448,35.708141],[139.89336,35.708413]]]},"properties":{}},{"type":"Feature","geometry":{"type":"Polygon","coordinates":[[[139.895145,35.708917],[139.894976,35.709365],[139.894931,35.709483],[139.894808,35.709469],[139.893994,35.709381],[139.894277,35.708671],[139.894337,35.708688],[139.895054,35.708891],[139.895092,35.708902],[139.895145,35.708917]]]},"properties":{}},{"type":"Feature","geometry":{"type":"Polygon","coordinates":[[[139.892225,35.709195],[139.892229,35.709107],[139.892243,35.708797],[139.892248,35.708677],[139.892295,35.708501],[139.893164,35.708761],[139.89308,35.708898],[139.89292,35.709197],[139.892881,35.709266],[139.892225,35.709195]]]},"properties":{}},{"type":"Feature","geometry":{"type":"Polygon","coordinates":[[[139.894931,35.709483],[139.89491,35.70954],[139.894758,35.709947],[139.894019,35.709936],[139.893872,35.709897],[139.89381,35.70988],[139.893963,35.709466],[139.893974,35.709437],[139.893994,35.709381],[139.894808,35.709469],[139.894931,35.709483]]]},"properties":{}},{"type":"Feature","geometry":{"type":"Polygon","coordinates":[[[139.880456,35.734967],[139.880346,35.734933],[139.879441,35.734652],[139.879476,35.734578],[139.880382,35.734854],[139.880495,35.734888],[139.880456,35.734967]]]},"properties":{}},{"type":"Feature","geometry":{"type":"Polygon","coordinates":[[[139.883048,35.734262],[139.883063,35.734229],[139.883078,35.734199],[139.8837,35.734559],[139.883942,35.734693],[139.883911,35.734748],[139.883873,35.734717],[139.883303,35.734404],[139.883048,35.734262]]]},"properties":{}},{"type":"Feature","geometry":{"type":"Polygon","coordinates":[[[139.883911,35.734748],[139.883669,35.73526],[139.883437,35.735767],[139.882497,35.735501],[139.88252,35.735444],[139.882706,35.734971],[139.882735,35.734902],[139.882801,35.734763],[139.882904,35.734554],[139.883026,35.734306],[139.883048,35.734262],[139.883303,35.734404],[139.883873,35.734717],[139.883911,35.734748]]]},"properties":{}},{"type":"Feature","geometry":{"type":"Polygon","coordinates":[[[139.884836,35.735234],[139.884714,35.73551],[139.884527,35.735939],[139.884267,35.735914],[139.884235,35.735917],[139.884185,35.735982],[139.883437,35.735767],[139.883669,35.73526],[139.883911,35.734748],[139.883956,35.73479],[139.884352,35.73501],[139.884665,35.735161],[139.884836,35.735234]]]},"properties":{}},{"type":"Feature","geometry":{"type":"Polygon","coordinates":[[[139.885073,35.735336],[139.884972,35.735589],[139.884792,35.736056],[139.884759,35.73614],[139.884601,35.736096],[139.884185,35.735982],[139.884235,35.735917],[139.884267,35.735914],[139.884527,35.735939],[139.884714,35.73551],[139.884836,35.735234],[139.885002,35.735306],[139.885073,35.735336]]]},"properties":{}},{"type":"Feature","geometry":{"type":"Polygon","coordinates":[[[139.880495,35.734888],[139.880382,35.734854],[139.879476,35.734578],[139.879496,35.734533],[139.879578,35.734352],[139.879718,35.734042],[139.879836,35.733782],[139.879933,35.733565],[139.880381,35.733701],[139.880916,35.733865],[139.880953,35.733876],[139.880935,35.733916],[139.880733,35.734366],[139.880526,35.73482],[139.880495,35.734888]]]},"properties":{}},{"type":"Feature","geometry":{"type":"Polygon","coordinates":[[[139.912293,35.707075],[139.911993,35.706901],[139.911659,35.706715],[139.911559,35.706658],[139.911648,35.706616],[139.911752,35.706676],[139.912152,35.706907],[139.91234,35.707019],[139.912293,35.707075]]]},"properties":{}},{"type":"Feature","geometry":{"type":"Polygon","coordinates":[[[139.91234,35.707019],[139.912152,35.706907],[139.911752,35.706676],[139.911648,35.706616],[139.911701,35.706592],[139.911739,35.706573],[139.911842,35.70654],[139.911932,35.70651],[139.912225,35.706471],[139.912634,35.706421],[139.91273,35.706401],[139.912818,35.706358],[139.912896,35.706284],[139.913319,35.705817],[139.913369,35.705758],[139.913457,35.705651],[139.913507,35.705601],[139.91354,35.705569],[139.91363,35.705489],[139.913712,35.705416],[139.913771,35.705463],[139.913727,35.70551],[139.913539,35.705709],[139.913297,35.70598],[139.912985,35.706338],[139.912838,35.706502],[139.912818,35.706524],[139.912649,35.706711],[139.91246,35.706912],[139.91237,35.706982],[139.91234,35.707019]]]},"properties":{}},{"type":"Feature","geometry":{"type":"Polygon","coordinates":[[[139.895394,35.700729],[139.895342,35.700365],[139.895927,35.700322],[139.896245,35.700664],[139.895394,35.700729]]]},"properties":{}},{"type":"Feature","geometry":{"type":"Polygon","coordinates":[[[139.874253,35.700339],[139.873926,35.700354],[139.873915,35.700185],[139.874242,35.700174],[139.874253,35.700339]]]},"properties":{}},{"type":"Feature","geometry":{"type":"Polygon","coordinates":[[[139.877843,35.738164],[139.877489,35.738054],[139.877627,35.737741],[139.877991,35.737847],[139.877904,35.738032],[139.877843,35.738164]]]},"properties":{}},{"type":"Feature","geometry":{"type":"Polygon","coordinates":[[[139.8818,35.732338],[139.881857,35.732467],[139.881878,35.7325],[139.881909,35.732532],[139.88186,35.732521],[139.881812,35.73252],[139.881785,35.732526],[139.881744,35.732547],[139.881705,35.732588],[139.881728,35.732524],[139.881758,35.732463],[139.881779,35.732428],[139.881792,35.732386],[139.8818,35.732338]]]},"properties":{}},{"type":"Feature","geometry":{"type":"Polygon","coordinates":[[[139.893309,35.713396],[139.893558,35.712806],[139.893588,35.712735],[139.893646,35.71275],[139.894185,35.71289],[139.893913,35.713556],[139.893871,35.713545],[139.893657,35.713488],[139.893364,35.71341],[139.893309,35.713396]]]},"properties":{}},{"type":"Feature","geometry":{"type":"Polygon","coordinates":[[[139.893913,35.713556],[139.893689,35.714143],[139.893677,35.71417],[139.893112,35.714025],[139.893047,35.714008],[139.893078,35.713935],[139.893309,35.713396],[139.893364,35.71341],[139.893657,35.713488],[139.893871,35.713545],[139.893913,35.713556]]]},"properties":{}},{"type":"Feature","geometry":{"type":"Polygon","coordinates":[[[139.887755,35.72898],[139.887794,35.728949],[139.888229,35.728597],[139.888572,35.728889],[139.888563,35.728896],[139.888098,35.729243],[139.88806,35.729272],[139.887819,35.72904],[139.88777,35.728995],[139.887755,35.72898]]]},"properties":{}},{"type":"Feature","geometry":{"type":"Polygon","coordinates":[[[139.890849,35.73191],[139.890888,35.731947],[139.891445,35.73247],[139.891989,35.732977],[139.891944,35.733003],[139.891894,35.733033],[139.891352,35.732933],[139.890907,35.732867],[139.890799,35.732702],[139.890569,35.732411],[139.890143,35.732051],[139.890383,35.731874],[139.890576,35.731729],[139.89062,35.731696],[139.890815,35.731878],[139.890849,35.73191]]]},"properties":{}},{"type":"Feature","geometry":{"type":"Polygon","coordinates":[[[139.894282,35.735123],[139.894349,35.735085],[139.894683,35.734955],[139.894731,35.734933],[139.894813,35.734902],[139.894942,35.735119],[139.895031,35.735272],[139.895051,35.735283],[139.895076,35.735282],[139.895114,35.735269],[139.895378,35.735166],[139.895926,35.734955],[139.895961,35.734993],[139.895998,35.735022],[139.896046,35.735049],[139.896098,35.735068],[139.896149,35.73508],[139.8962,35.735083],[139.896287,35.73508],[139.896312,35.735086],[139.89634,35.735095],[139.896369,35.735157],[139.896392,35.735211],[139.896108,35.735307],[139.895823,35.735348],[139.894872,35.735609],[139.894831,35.735609],[139.894777,35.735611],[139.894713,35.735549],[139.89452,35.735361],[139.894334,35.735177],[139.894282,35.735123]]]},"properties":{}},{"type":"Feature","geometry":{"type":"Polygon","coordinates":[[[139.882195,35.697388],[139.882181,35.697488],[139.882081,35.697386],[139.882195,35.697388]]]},"properties":{}},{"type":"Feature","geometry":{"type":"Polygon","coordinates":[[[139.905663,35.729978],[139.905917,35.729863],[139.905947,35.729918],[139.90588,35.729944],[139.90522,35.73025],[139.904097,35.730737],[139.903172,35.731124],[139.902711,35.731301],[139.902207,35.731472],[139.901931,35.731556],[139.901913,35.731525],[139.902191,35.731435],[139.902684,35.731267],[139.903155,35.731087],[139.904075,35.730706],[139.904928,35.73033],[139.905663,35.729978]]]},"properties":{}},{"type":"Feature","geometry":{"type":"Polygon","coordinates":[[[139.901913,35.731525],[139.901894,35.73149],[139.902173,35.731399],[139.902658,35.731236],[139.903133,35.731054],[139.904055,35.730671],[139.904905,35.730299],[139.905892,35.729816],[139.90591,35.729851],[139.905663,35.729978],[139.904928,35.73033],[139.904075,35.730706],[139.903155,35.731087],[139.902684,35.731267],[139.902191,35.731435],[139.901913,35.731525]]]},"properties":{}},{"type":"Feature","geometry":{"type":"Polygon","coordinates":[[[139.901832,35.731551],[139.900713,35.731938],[139.899856,35.732283],[139.898647,35.732786],[139.898618,35.73274],[139.89983,35.732236],[139.900689,35.731895],[139.901817,35.731515],[139.901894,35.73149],[139.901913,35.731525],[139.901832,35.731551]]]},"properties":{}},{"type":"Feature","geometry":{"type":"Polygon","coordinates":[[[139.905947,35.729918],[139.905966,35.729954],[139.90522,35.73025],[139.90588,35.729944],[139.905947,35.729918]]]},"properties":{}},{"type":"Feature","geometry":{"type":"Polygon","coordinates":[[[139.905947,35.729918],[139.905917,35.729863],[139.905938,35.729854],[139.90816,35.728904],[139.908742,35.728654],[139.909593,35.728294],[139.909771,35.728223],[139.909811,35.728283],[139.90963,35.728364],[139.909296,35.728516],[139.908195,35.729025],[139.9073,35.729376],[139.905947,35.729918]]]},"properties":{}},{"type":"Feature","geometry":{"type":"Polygon","coordinates":[[[139.909811,35.728283],[139.909833,35.728315],[139.909652,35.728396],[139.909322,35.72855],[139.908218,35.729052],[139.907327,35.729412],[139.906003,35.729939],[139.905966,35.729954],[139.905947,35.729918],[139.9073,35.729376],[139.908195,35.729025],[139.909296,35.728516],[139.90963,35.728364],[139.909811,35.728283]]]},"properties":{}},{"type":"Feature","geometry":{"type":"Polygon","coordinates":[[[139.910985,35.7278],[139.909833,35.728315],[139.909811,35.728283],[139.910422,35.728009],[139.910985,35.7278]]]},"properties":{}},{"type":"Feature","geometry":{"type":"Polygon","coordinates":[[[139.910723,35.716245],[139.910622,35.716163],[139.910573,35.716123],[139.91094,35.715828],[139.911076,35.715946],[139.910723,35.716245]]]},"properties":{}},{"type":"Feature","geometry":{"type":"Polygon","coordinates":[[[139.910885,35.716377],[139.911092,35.716546],[139.911274,35.716694],[139.910943,35.716958],[139.910559,35.716654],[139.910885,35.716377]]]},"properties":{}},{"type":"Feature","geometry":{"type":"Polygon","coordinates":[[[139.910319,35.7164],[139.910161,35.71627],[139.910316,35.716141],[139.910484,35.716275],[139.910582,35.716351],[139.910421,35.716478],[139.910319,35.7164]]]},"properties":{}},{"type":"Feature","geometry":{"type":"Polygon","coordinates":[[[139.899501,35.734136],[139.900556,35.733772],[139.90064,35.733744],[139.900803,35.733688],[139.900956,35.733634],[139.901136,35.733557],[139.901302,35.733474],[139.901457,35.733387],[139.901624,35.733283],[139.901838,35.733127],[139.901862,35.733111],[139.901985,35.733002],[139.902119,35.732873],[139.902263,35.732737],[139.902345,35.732661],[139.902496,35.732515],[139.90254,35.732595],[139.902248,35.732875],[139.902082,35.733033],[139.901923,35.733192],[139.901619,35.733417],[139.901496,35.733496],[139.901362,35.733575],[139.901248,35.733637],[139.901076,35.733716],[139.900909,35.733785],[139.900696,35.733859],[139.900617,35.73389],[139.899574,35.734251],[139.899501,35.734136]]]},"properties":{}},{"type":"Feature","geometry":{"type":"Polygon","coordinates":[[[139.902135,35.736473],[139.902125,35.736442],[139.901985,35.736019],[139.901964,35.735957],[139.902041,35.735971],[139.902221,35.736013],[139.902294,35.736038],[139.902351,35.736078],[139.902391,35.736117],[139.902426,35.73616],[139.902477,35.736246],[139.902532,35.736365],[139.902479,35.736373],[139.902235,35.736416],[139.902245,35.736442],[139.902482,35.736399],[139.902544,35.73639],[139.902548,35.736398],[139.902504,35.736405],[139.902135,35.736473]]]},"properties":{}},{"type":"Feature","geometry":{"type":"Polygon","coordinates":[[[139.908091,35.730474],[139.908074,35.730397],[139.908211,35.730371],[139.908277,35.730361],[139.908413,35.73033],[139.908501,35.73031],[139.908595,35.730284],[139.908747,35.730237],[139.908892,35.730189],[139.90911,35.730128],[139.909405,35.730048],[139.909522,35.730016],[139.909555,35.730106],[139.909432,35.730138],[139.909216,35.730195],[139.909007,35.730252],[139.908729,35.730328],[139.908597,35.730365],[139.90851,35.730387],[139.908409,35.730412],[139.908279,35.730438],[139.908217,35.730451],[139.908091,35.730474]]]},"properties":{}},{"type":"Feature","geometry":{"type":"Polygon","coordinates":[[[139.887379,35.71761],[139.887357,35.717541],[139.887377,35.717368],[139.887444,35.716961],[139.887526,35.716975],[139.887887,35.717039],[139.888274,35.717108],[139.888238,35.717312],[139.888257,35.717377],[139.8882,35.717387],[139.887982,35.717451],[139.887833,35.717489],[139.887489,35.717582],[139.887467,35.717588],[139.887379,35.71761]]]},"properties":{}},{"type":"Feature","geometry":{"type":"Polygon","coordinates":[[[139.883686,35.718226],[139.883602,35.718207],[139.883639,35.718146],[139.883686,35.718226]]]},"properties":{}},{"type":"Feature","geometry":{"type":"Polygon","coordinates":[[[139.873767,35.723777],[139.874123,35.723838],[139.874337,35.723875],[139.874361,35.723879],[139.874429,35.72389],[139.874778,35.724006],[139.875131,35.724124],[139.875001,35.724184],[139.874958,35.724183],[139.874558,35.724158],[139.874475,35.724149],[139.874374,35.724193],[139.874136,35.724309],[139.873917,35.72438],[139.873581,35.724478],[139.873633,35.724282],[139.873763,35.723796],[139.873767,35.723777]]]},"properties":{}},{"type":"Feature","geometry":{"type":"Polygon","coordinates":[[[139.888412,35.716529],[139.888032,35.716441],[139.887893,35.716415],[139.887815,35.716395],[139.887644,35.716357],[139.887593,35.716346],[139.887603,35.716307],[139.887744,35.715742],[139.887818,35.715759],[139.888545,35.715921],[139.888533,35.715975],[139.888461,35.716306],[139.888426,35.716466],[139.888412,35.716529]]]},"properties":{}},{"type":"Feature","geometry":{"type":"Polygon","coordinates":[[[139.888274,35.717108],[139.887887,35.717039],[139.887526,35.716975],[139.887444,35.716961],[139.88758,35.7164],[139.887593,35.716346],[139.887644,35.716357],[139.887815,35.716395],[139.887893,35.716415],[139.888032,35.716441],[139.888412,35.716529],[139.888397,35.716594],[139.888274,35.717108]]]},"properties":{}},{"type":"Feature","geometry":{"type":"Polygon","coordinates":[[[139.886286,35.732154],[139.886187,35.732414],[139.886137,35.732402],[139.886046,35.732379],[139.885797,35.732385],[139.885785,35.732217],[139.886028,35.732182],[139.88623,35.73216],[139.886286,35.732154]]]},"properties":{}},{"type":"Feature","geometry":{"type":"Polygon","coordinates":[[[139.903157,35.69454],[139.90318,35.694551],[139.903243,35.694579],[139.902409,35.695014],[139.902296,35.69502],[139.902329,35.694968],[139.902382,35.694937],[139.902937,35.694653],[139.903157,35.69454]]]},"properties":{}},{"type":"Feature","geometry":{"type":"Polygon","coordinates":[[[139.902937,35.694653],[139.902452,35.694383],[139.902579,35.694217],[139.902647,35.694256],[139.903094,35.694509],[139.903157,35.69454],[139.902937,35.694653]]]},"properties":{}},{"type":"Feature","geometry":{"type":"Polygon","coordinates":[[[139.905993,35.695851],[139.905796,35.695909],[139.90553,35.696062],[139.904783,35.695488],[139.905118,35.695193],[139.906069,35.695829],[139.905993,35.695851]]]},"properties":{}},{"type":"Feature","geometry":{"type":"Polygon","coordinates":[[[139.899149,35.693942],[139.899118,35.693973],[139.898637,35.694473],[139.898427,35.694162],[139.898573,35.693877],[139.898692,35.693657],[139.898739,35.693684],[139.899149,35.693942]]]},"properties":{}},{"type":"Feature","geometry":{"type":"Polygon","coordinates":[[[139.899628,35.694257],[139.899002,35.69489],[139.898808,35.694779],[139.898666,35.694515],[139.898637,35.694473],[139.899118,35.693973],[139.899149,35.693942],[139.899628,35.694257]]]},"properties":{}},{"type":"Feature","geometry":{"type":"Polygon","coordinates":[[[139.899183,35.695562],[139.899203,35.695597],[139.899173,35.695556],[139.899183,35.695562]]]},"properties":{}},{"type":"Feature","geometry":{"type":"Polygon","coordinates":[[[139.898637,35.694473],[139.898666,35.694515],[139.898808,35.694779],[139.898739,35.694739],[139.8987,35.694684],[139.898611,35.694537],[139.898596,35.694515],[139.898637,35.694473]]]},"properties":{}},{"type":"Feature","geometry":{"type":"Polygon","coordinates":[[[139.898596,35.694515],[139.89848,35.69433],[139.8984,35.694215],[139.898427,35.694162],[139.898637,35.694473],[139.898596,35.694515]]]},"properties":{}},{"type":"Feature","geometry":{"type":"Polygon","coordinates":[[[139.898596,35.694515],[139.898611,35.694537],[139.8987,35.694684],[139.898725,35.694731],[139.898579,35.694647],[139.898532,35.694581],[139.898596,35.694515]]]},"properties":{}},{"type":"Feature","geometry":{"type":"Polygon","coordinates":[[[139.898532,35.694581],[139.898414,35.694413],[139.898347,35.694318],[139.8984,35.694215],[139.89848,35.69433],[139.898596,35.694515],[139.898532,35.694581]]]},"properties":{}},{"type":"Feature","geometry":{"type":"Polygon","coordinates":[[[139.898532,35.694581],[139.898579,35.694647],[139.898508,35.694607],[139.898532,35.694581]]]},"properties":{}},{"type":"Feature","geometry":{"type":"Polygon","coordinates":[[[139.898508,35.694607],[139.898498,35.694604],[139.898325,35.694359],[139.898347,35.694318],[139.898414,35.694413],[139.898532,35.694581],[139.898508,35.694607]]]},"properties":{}},{"type":"Feature","geometry":{"type":"Polygon","coordinates":[[[139.884014,35.710531],[139.884163,35.709846],[139.884812,35.709862],[139.884736,35.710481],[139.884014,35.710531]]]},"properties":{}},{"type":"Feature","geometry":{"type":"Polygon","coordinates":[[[139.884736,35.710481],[139.884655,35.711146],[139.884188,35.711102],[139.884053,35.711079],[139.883912,35.710982],[139.884014,35.710531],[139.884736,35.710481]]]},"properties":{}},{"type":"Feature","geometry":{"type":"Polygon","coordinates":[[[139.882899,35.719388],[139.882782,35.719603],[139.882723,35.719672],[139.882677,35.71975],[139.881998,35.719666],[139.881896,35.719654],[139.881143,35.719568],[139.88127,35.719249],[139.88197,35.719328],[139.882245,35.719359],[139.882845,35.719385],[139.882899,35.719388]]]},"properties":{}},{"type":"Feature","geometry":{"type":"Polygon","coordinates":[[[139.88197,35.719328],[139.882105,35.718978],[139.882184,35.718776],[139.882271,35.718565],[139.8829,35.718832],[139.883003,35.718918],[139.883074,35.718984],[139.883118,35.719006],[139.883088,35.719063],[139.88299,35.71925],[139.882899,35.719388],[139.882845,35.719385],[139.882245,35.719359],[139.88197,35.719328]]]},"properties":{}},{"type":"Feature","geometry":{"type":"Polygon","coordinates":[[[139.88127,35.719249],[139.881535,35.718594],[139.881853,35.717776],[139.882409,35.717923],[139.882384,35.718272],[139.882271,35.718565],[139.882184,35.718776],[139.882105,35.718978],[139.88197,35.719328],[139.88127,35.719249]]]},"properties":{}},{"type":"Feature","geometry":{"type":"Polygon","coordinates":[[[139.885332,35.707409],[139.885243,35.707859],[139.885233,35.707905],[139.885115,35.707869],[139.884586,35.707804],[139.884628,35.707642],[139.884649,35.707514],[139.88467,35.707427],[139.885332,35.707409]]]},"properties":{}},{"type":"Feature","geometry":{"type":"Polygon","coordinates":[[[139.887563,35.70734],[139.887558,35.707527],[139.887529,35.708007],[139.887528,35.708022],[139.88674,35.708101],[139.886787,35.707361],[139.887563,35.70734]]]},"properties":{}},{"type":"Feature","geometry":{"type":"Polygon","coordinates":[[[139.88745,35.706195],[139.887383,35.70607],[139.887603,35.705983],[139.887988,35.705879],[139.888032,35.706218],[139.888002,35.706223],[139.887509,35.706302],[139.88745,35.706195]]]},"properties":{}},{"type":"Feature","geometry":{"type":"Polygon","coordinates":[[[139.882911,35.714694],[139.883117,35.713973],[139.883165,35.713817],[139.883401,35.713856],[139.88356,35.713889],[139.883732,35.713943],[139.883932,35.714017],[139.883863,35.714243],[139.883751,35.714611],[139.883671,35.714874],[139.882911,35.714694]]]},"properties":{}},{"type":"Feature","geometry":{"type":"Polygon","coordinates":[[[139.883671,35.714874],[139.883466,35.715533],[139.882696,35.715369],[139.882911,35.714694],[139.883671,35.714874]]]},"properties":{}},{"type":"Feature","geometry":{"type":"Polygon","coordinates":[[[139.884626,35.71509],[139.884586,35.715235],[139.884417,35.715762],[139.884211,35.716371],[139.883926,35.716325],[139.883695,35.716287],[139.883254,35.716216],[139.883466,35.715533],[139.883671,35.714874],[139.884626,35.71509]]]},"properties":{}},{"type":"Feature","geometry":{"type":"Polygon","coordinates":[[[139.88247,35.716078],[139.882563,35.715788],[139.882696,35.715369],[139.883466,35.715533],[139.883254,35.716216],[139.88247,35.716078]]]},"properties":{}},{"type":"Feature","geometry":{"type":"Polygon","coordinates":[[[139.883254,35.716216],[139.883078,35.716793],[139.882278,35.716625],[139.882362,35.716386],[139.882422,35.716214],[139.88247,35.716078],[139.883254,35.716216]]]},"properties":{}},{"type":"Feature","geometry":{"type":"Polygon","coordinates":[[[139.884211,35.716371],[139.884114,35.716675],[139.88407,35.716811],[139.884011,35.716991],[139.883078,35.716793],[139.883254,35.716216],[139.883695,35.716287],[139.883926,35.716325],[139.884211,35.716371]]]},"properties":{}},{"type":"Feature","geometry":{"type":"Polygon","coordinates":[[[139.882409,35.717923],[139.882413,35.717871],[139.882649,35.717959],[139.882757,35.717996],[139.882949,35.718048],[139.883367,35.71815],[139.883538,35.718191],[139.883602,35.718207],[139.883578,35.71825],[139.883572,35.718259],[139.883384,35.71859],[139.883118,35.719006],[139.883074,35.718984],[139.883003,35.718918],[139.8829,35.718832],[139.882271,35.718565],[139.882384,35.718272],[139.882409,35.717923]]]},"properties":{}},{"type":"Feature","geometry":{"type":"Polygon","coordinates":[[[139.883078,35.716793],[139.884011,35.716991],[139.883934,35.717258],[139.883794,35.717684],[139.882894,35.717505],[139.882928,35.717373],[139.88305,35.716957],[139.883078,35.716793]]]},"properties":{}},{"type":"Feature","geometry":{"type":"Polygon","coordinates":[[[139.882928,35.717373],[139.882068,35.71719],[139.882278,35.716625],[139.883078,35.716793],[139.88305,35.716957],[139.882928,35.717373]]]},"properties":{}},{"type":"Feature","geometry":{"type":"Polygon","coordinates":[[[139.882894,35.717505],[139.882767,35.717961],[139.882757,35.717996],[139.882649,35.717959],[139.882413,35.717871],[139.882391,35.717825],[139.882359,35.71781],[139.881902,35.717641],[139.881912,35.717615],[139.882068,35.71719],[139.882928,35.717373],[139.882894,35.717505]]]},"properties":{}},{"type":"Feature","geometry":{"type":"Polygon","coordinates":[[[139.882894,35.717505],[139.883794,35.717684],[139.883657,35.718093],[139.883639,35.718146],[139.883602,35.718207],[139.883538,35.718191],[139.883367,35.71815],[139.882949,35.718048],[139.882757,35.717996],[139.882767,35.717961],[139.882894,35.717505]]]},"properties":{}},{"type":"Feature","geometry":{"type":"Polygon","coordinates":[[[139.888173,35.696508],[139.888501,35.69645],[139.888569,35.696555],[139.888722,35.69677],[139.88886,35.696961],[139.888929,35.697339],[139.887567,35.697344],[139.887695,35.697086],[139.887931,35.696966],[139.88832,35.696964],[139.888346,35.696927],[139.888327,35.696844],[139.88829,35.696701],[139.888216,35.696611],[139.888173,35.696508]]]},"properties":{}},{"type":"Feature","geometry":{"type":"Polygon","coordinates":[[[139.884812,35.709862],[139.884163,35.709846],[139.884225,35.709508],[139.88486,35.709607],[139.884812,35.709862]]]},"properties":{}},{"type":"Feature","geometry":{"type":"Polygon","coordinates":[[[139.882569,35.723982],[139.882531,35.724011],[139.882459,35.723944],[139.882397,35.723887],[139.881972,35.723472],[139.882019,35.723419],[139.882751,35.72255],[139.883457,35.722914],[139.883184,35.723271],[139.883125,35.72335],[139.882736,35.723858],[139.882586,35.72397],[139.882569,35.723982]]]},"properties":{}},{"type":"Feature","geometry":{"type":"Polygon","coordinates":[[[139.882569,35.723982],[139.882598,35.723987],[139.883029,35.724039],[139.883435,35.724122],[139.883539,35.724144],[139.883609,35.724163],[139.883845,35.724207],[139.883758,35.724341],[139.883311,35.724696],[139.883266,35.724723],[139.882704,35.724178],[139.882583,35.724061],[139.882531,35.724011],[139.882569,35.723982]]]},"properties":{}},{"type":"Feature","geometry":{"type":"Polygon","coordinates":[[[139.884308,35.712833],[139.88409,35.713536],[139.883994,35.71383],[139.883886,35.713786],[139.883767,35.713743],[139.883554,35.713687],[139.883619,35.713483],[139.883852,35.712728],[139.884308,35.712833]]]},"properties":{}},{"type":"Feature","geometry":{"type":"Polygon","coordinates":[[[139.872075,35.719899],[139.872007,35.719892],[139.871983,35.719909],[139.871955,35.720004],[139.871719,35.719965],[139.871797,35.719637],[139.871916,35.719639],[139.871965,35.719652],[139.872002,35.719673],[139.872028,35.719694],[139.872052,35.71976],[139.872075,35.719899]]]},"properties":{}},{"type":"Feature","geometry":{"type":"Polygon","coordinates":[[[139.877181,35.715695],[139.877018,35.716356],[139.876996,35.716448],[139.876957,35.716606],[139.876908,35.716804],[139.876386,35.716721],[139.875859,35.716642],[139.875962,35.716186],[139.876119,35.715566],[139.876128,35.715529],[139.876583,35.715598],[139.877181,35.715695]]]},"properties":{}},{"type":"Feature","geometry":{"type":"Polygon","coordinates":[[[139.876583,35.715598],[139.8766,35.715528],[139.876669,35.715256],[139.876697,35.715125],[139.876989,35.715171],[139.877014,35.715163],[139.877245,35.715086],[139.877322,35.715068],[139.877181,35.715695],[139.876583,35.715598]]]},"properties":{}},{"type":"Feature","geometry":{"type":"Polygon","coordinates":[[[139.898808,35.694779],[139.898823,35.694807],[139.898932,35.695008],[139.898739,35.694739],[139.898808,35.694779]]]},"properties":{}},{"type":"Feature","geometry":{"type":"Polygon","coordinates":[[[139.898725,35.694731],[139.8987,35.694684],[139.898739,35.694739],[139.898725,35.694731]]]},"properties":{}},{"type":"Feature","geometry":{"type":"Polygon","coordinates":[[[139.898725,35.694731],[139.899035,35.695295],[139.898579,35.694647],[139.898725,35.694731]]]},"properties":{}},{"type":"Feature","geometry":{"type":"Polygon","coordinates":[[[139.898244,35.694519],[139.898325,35.694359],[139.898498,35.694604],[139.898303,35.694539],[139.898244,35.694519]]]},"properties":{}},{"type":"Feature","geometry":{"type":"Polygon","coordinates":[[[139.909748,35.72819],[139.909569,35.728262],[139.906729,35.729459],[139.906328,35.729645],[139.90593,35.729841],[139.90591,35.729851],[139.905892,35.729816],[139.905909,35.729807],[139.906311,35.729611],[139.906714,35.729428],[139.908121,35.728831],[139.909545,35.728232],[139.909728,35.72816],[139.90973,35.728162],[139.909748,35.72819]]]},"properties":{}},{"type":"Feature","geometry":{"type":"Polygon","coordinates":[[[139.909748,35.72819],[139.910368,35.72794],[139.911286,35.727595],[139.910392,35.727973],[139.909771,35.728223],[139.909748,35.72819]]]},"properties":{}},{"type":"Feature","geometry":{"type":"Polygon","coordinates":[[[139.909771,35.728223],[139.909593,35.728294],[139.908742,35.728654],[139.90816,35.728904],[139.905938,35.729854],[139.905917,35.729863],[139.90591,35.729851],[139.90593,35.729841],[139.906328,35.729645],[139.906729,35.729459],[139.909569,35.728262],[139.909748,35.72819],[139.909771,35.728223]]]},"properties":{}},{"type":"Feature","geometry":{"type":"Polygon","coordinates":[[[139.871573,35.72604],[139.871636,35.725946],[139.871601,35.726058],[139.871573,35.72604]]]},"properties":{}},{"type":"Feature","geometry":{"type":"Polygon","coordinates":[[[139.88396,35.734661],[139.883942,35.734693],[139.8837,35.734559],[139.883078,35.734199],[139.883095,35.734163],[139.883724,35.73453],[139.88396,35.734661]]]},"properties":{}},{"type":"Feature","geometry":{"type":"Polygon","coordinates":[[[139.883095,35.734163],[139.883112,35.734127],[139.883748,35.734494],[139.883983,35.734622],[139.88396,35.734661],[139.883724,35.73453],[139.883095,35.734163]]]},"properties":{}},{"type":"Feature","geometry":{"type":"Polygon","coordinates":[[[139.883112,35.734127],[139.883155,35.734037],[139.883781,35.734451],[139.884005,35.734583],[139.883983,35.734622],[139.883748,35.734494],[139.883112,35.734127]]]},"properties":{}},{"type":"Feature","geometry":{"type":"Polygon","coordinates":[[[139.905663,35.729978],[139.90591,35.729851],[139.905917,35.729863],[139.905663,35.729978]]]},"properties":{}},{"type":"Feature","geometry":{"type":"Polygon","coordinates":[[[139.876133,35.736603],[139.876372,35.73661],[139.876602,35.736612],[139.876666,35.736932],[139.876481,35.736971],[139.876117,35.737049],[139.876133,35.736603]]]},"properties":{}},{"type":"Feature","geometry":{"type":"Polygon","coordinates":[[[139.877589,35.736181],[139.877575,35.736212],[139.877362,35.736678],[139.877317,35.736776],[139.877144,35.737162],[139.876681,35.737021],[139.876666,35.736932],[139.876602,35.736612],[139.876574,35.736437],[139.876555,35.736323],[139.876539,35.7362],[139.876499,35.735879],[139.876489,35.735844],[139.876641,35.735891],[139.877041,35.73601],[139.877315,35.736095],[139.877589,35.736181]]]},"properties":{}},{"type":"Feature","geometry":{"type":"Polygon","coordinates":[[[139.874116,35.718099],[139.87425,35.718107],[139.874221,35.718294],[139.874087,35.718283],[139.874116,35.718099]]]},"properties":{}},{"type":"Feature","geometry":{"type":"Polygon","coordinates":[[[139.886657,35.736231],[139.887469,35.736465],[139.887284,35.736874],[139.886472,35.736638],[139.886493,35.736592],[139.886657,35.736231]]]},"properties":{}},{"type":"Feature","geometry":{"type":"Polygon","coordinates":[[[139.88835,35.736587],[139.888753,35.736632],[139.889091,35.736669],[139.889087,35.736694],[139.889064,35.736821],[139.888948,35.737192],[139.888925,35.737276],[139.888912,35.73735],[139.888799,35.737322],[139.88786,35.737048],[139.887362,35.736899],[139.887284,35.736874],[139.887469,35.736465],[139.887927,35.736532],[139.887964,35.736537],[139.88835,35.736587]]]},"properties":{}},{"type":"Feature","geometry":{"type":"Polygon","coordinates":[[[139.893654,35.736448],[139.893688,35.736221],[139.893685,35.736212],[139.893666,35.736167],[139.894654,35.73585],[139.894732,35.735825],[139.894755,35.735883],[139.894762,35.735904],[139.894804,35.736454],[139.893688,35.736448],[139.893654,35.736448]]]},"properties":{}},{"type":"Feature","geometry":{"type":"Polygon","coordinates":[[[139.894804,35.736454],[139.894817,35.736753],[139.894831,35.737068],[139.893583,35.737062],[139.893543,35.737062],[139.89363,35.736554],[139.893654,35.736448],[139.893688,35.736448],[139.894804,35.736454]]]},"properties":{}},{"type":"Feature","geometry":{"type":"Polygon","coordinates":[[[139.891912,35.736187],[139.892872,35.735896],[139.892936,35.735878],[139.892808,35.736251],[139.8928,35.736286],[139.892784,35.736363],[139.891957,35.736622],[139.891937,35.736573],[139.891912,35.736187]]]},"properties":{}},{"type":"Feature","geometry":{"type":"Polygon","coordinates":[[[139.891894,35.735787],[139.892346,35.735655],[139.893105,35.735364],[139.892936,35.735878],[139.892872,35.735896],[139.891912,35.736187],[139.891894,35.735787]]]},"properties":{}},{"type":"Feature","geometry":{"type":"Polygon","coordinates":[[[139.894831,35.737068],[139.894834,35.737224],[139.894833,35.737308],[139.894831,35.737504],[139.89483,35.737612],[139.893476,35.737606],[139.893441,35.737606],[139.893543,35.737062],[139.893583,35.737062],[139.894831,35.737068]]]},"properties":{}},{"type":"Feature","geometry":{"type":"Polygon","coordinates":[[[139.89483,35.737612],[139.894837,35.737631],[139.89485,35.73781],[139.894849,35.737941],[139.894695,35.737943],[139.89339,35.738212],[139.893351,35.73822],[139.893396,35.737914],[139.893441,35.737606],[139.893476,35.737606],[139.89483,35.737612]]]},"properties":{}},{"type":"Feature","geometry":{"type":"Polygon","coordinates":[[[139.893441,35.737606],[139.893396,35.737914],[139.893351,35.73822],[139.892481,35.738402],[139.89253,35.738201],[139.892561,35.738138],[139.892603,35.738067],[139.892618,35.738033],[139.892627,35.737995],[139.89264,35.737937],[139.892666,35.737821],[139.892681,35.737724],[139.892677,35.737604],[139.893441,35.737606]]]},"properties":{}},{"type":"Feature","geometry":{"type":"Polygon","coordinates":[[[139.892677,35.737604],[139.892672,35.737513],[139.892685,35.737071],[139.893543,35.737062],[139.893441,35.737606],[139.892677,35.737604]]]},"properties":{}},{"type":"Feature","geometry":{"type":"Polygon","coordinates":[[[139.890134,35.737204],[139.889962,35.73726],[139.889819,35.737307],[139.889699,35.737339],[139.88956,35.737371],[139.889457,35.737386],[139.889361,35.737392],[139.889221,35.737391],[139.889112,35.737382],[139.888912,35.73735],[139.888925,35.737276],[139.888948,35.737192],[139.889064,35.736821],[139.889087,35.736694],[139.889698,35.736714],[139.890116,35.736734],[139.890092,35.737124],[139.890134,35.737204]]]},"properties":{}},{"type":"Feature","geometry":{"type":"Polygon","coordinates":[[[139.890116,35.736734],[139.889698,35.736714],[139.889087,35.736694],[139.889091,35.736669],[139.889106,35.73651],[139.889139,35.736277],[139.889164,35.736105],[139.889167,35.736084],[139.889548,35.736081],[139.88972,35.736084],[139.889995,35.736072],[139.89018,35.736061],[139.890116,35.736734]]]},"properties":{}},{"type":"Feature","geometry":{"type":"Polygon","coordinates":[[[139.893768,35.736045],[139.892784,35.736363],[139.8928,35.736286],[139.892808,35.736251],[139.892936,35.735878],[139.893105,35.735364],[139.89312,35.735326],[139.893253,35.735268],[139.893794,35.735053],[139.89395,35.734999],[139.893922,35.73529],[139.893744,35.735965],[139.893745,35.735994],[139.893768,35.736045]]]},"properties":{}},{"type":"Feature","geometry":{"type":"Polygon","coordinates":[[[139.893654,35.736448],[139.89363,35.736554],[139.893543,35.737062],[139.892685,35.737071],[139.892747,35.736528],[139.892764,35.736449],[139.893666,35.736167],[139.893685,35.736212],[139.893688,35.736221],[139.893654,35.736448]]]},"properties":{}},{"type":"Feature","geometry":{"type":"Polygon","coordinates":[[[139.890019,35.732785],[139.889553,35.732739],[139.889637,35.732197],[139.889696,35.731755],[139.889701,35.731734],[139.889713,35.731716],[139.889735,35.731699],[139.889771,35.731728],[139.890143,35.732051],[139.89011,35.732388],[139.890031,35.732669],[139.890019,35.732785]]]},"properties":{}},{"type":"Feature","geometry":{"type":"Polygon","coordinates":[[[139.890143,35.732051],[139.890569,35.732411],[139.890799,35.732702],[139.890907,35.732867],[139.890019,35.732785],[139.890031,35.732669],[139.89011,35.732388],[139.890143,35.732051]]]},"properties":{}},{"type":"Feature","geometry":{"type":"Polygon","coordinates":[[[139.89723,35.71047],[139.897403,35.710011],[139.898124,35.710188],[139.898471,35.710273],[139.89839,35.71047],[139.898288,35.710734],[139.897938,35.710646],[139.89723,35.71047]]]},"properties":{}},{"type":"Feature","geometry":{"type":"Polygon","coordinates":[[[139.898288,35.710734],[139.898271,35.710778],[139.898106,35.711208],[139.89757,35.71107],[139.897054,35.710938],[139.89723,35.71047],[139.897938,35.710646],[139.898288,35.710734]]]},"properties":{}},{"type":"Feature","geometry":{"type":"Polygon","coordinates":[[[139.894315,35.713847],[139.894669,35.712895],[139.895106,35.713033],[139.895132,35.713041],[139.894895,35.713495],[139.894712,35.71397],[139.894315,35.713847]]]},"properties":{}},{"type":"Feature","geometry":{"type":"Polygon","coordinates":[[[139.902835,35.70504],[139.903496,35.70527],[139.903302,35.70563],[139.903125,35.705964],[139.903104,35.706004],[139.90306,35.705989],[139.902795,35.705898],[139.902629,35.70584],[139.90231,35.705728],[139.90243,35.705474],[139.902663,35.704983],[139.902835,35.70504]]]},"properties":{}},{"type":"Feature","geometry":{"type":"Polygon","coordinates":[[[139.891736,35.69511],[139.891758,35.695068],[139.891813,35.69496],[139.891884,35.694818],[139.891917,35.694752],[139.891962,35.694665],[139.892004,35.694582],[139.892042,35.694507],[139.8921,35.694393],[139.892138,35.694317],[139.892745,35.694521],[139.892721,35.694567],[139.892704,35.694599],[139.892648,35.694709],[139.892569,35.694862],[139.892501,35.694994],[139.892491,35.695014],[139.892418,35.695155],[139.89236,35.695267],[139.892337,35.695312],[139.891736,35.69511]]]},"properties":{}},{"type":"Feature","geometry":{"type":"Polygon","coordinates":[[[139.892337,35.695312],[139.89236,35.695267],[139.892418,35.695155],[139.892491,35.695014],[139.892501,35.694994],[139.893082,35.695189],[139.893007,35.69534],[139.892946,35.695464],[139.892924,35.69551],[139.892337,35.695312]]]},"properties":{}},{"type":"Feature","geometry":{"type":"Polygon","coordinates":[[[139.892924,35.69551],[139.892946,35.695464],[139.893007,35.69534],[139.893082,35.695189],[139.893655,35.695381],[139.893579,35.695534],[139.893495,35.695701],[139.892924,35.69551]]]},"properties":{}},{"type":"Feature","geometry":{"type":"Polygon","coordinates":[[[139.904291,35.703795],[139.905197,35.704096],[139.905267,35.704119],[139.905217,35.704215],[139.905066,35.704504],[139.905,35.704483],[139.904074,35.704186],[139.904268,35.703837],[139.904291,35.703795]]]},"properties":{}},{"type":"Feature","geometry":{"type":"Polygon","coordinates":[[[139.905184,35.707468],[139.905255,35.707328],[139.905443,35.707398],[139.905243,35.707782],[139.905235,35.707797],[139.905166,35.70779],[139.905028,35.70777],[139.905032,35.707762],[139.905184,35.707468]]]},"properties":{}},{"type":"Feature","geometry":{"type":"Polygon","coordinates":[[[139.892501,35.694994],[139.892569,35.694862],[139.892648,35.694709],[139.892704,35.694599],[139.892721,35.694567],[139.892745,35.694521],[139.892806,35.694542],[139.893314,35.694719],[139.893082,35.695189],[139.892501,35.694994]]]},"properties":{}},{"type":"Feature","geometry":{"type":"Polygon","coordinates":[[[139.893082,35.695189],[139.893314,35.694719],[139.893886,35.694919],[139.893655,35.695381],[139.893082,35.695189]]]},"properties":{}},{"type":"Feature","geometry":{"type":"Polygon","coordinates":[[[139.883856,35.694937],[139.883844,35.694922],[139.883518,35.694543],[139.883461,35.69447],[139.883317,35.694283],[139.883359,35.694278],[139.883504,35.694258],[139.883777,35.694221],[139.883916,35.694906],[139.883856,35.694937]]]},"properties":{}},{"type":"Feature","geometry":{"type":"Polygon","coordinates":[[[139.903884,35.723693],[139.903766,35.723781],[139.903606,35.723933],[139.903328,35.724203],[139.903173,35.724335],[139.902755,35.724692],[139.902717,35.724722],[139.902674,35.724682],[139.902642,35.724662],[139.902381,35.724589],[139.90225,35.724541],[139.901925,35.724463],[139.901672,35.724363],[139.901398,35.724241],[139.901491,35.724061],[139.901629,35.723868],[139.901815,35.723653],[139.90226,35.723095],[139.902346,35.723],[139.902429,35.722951],[139.902523,35.722929],[139.90263,35.722978],[139.902715,35.722987],[139.903192,35.723267],[139.90384,35.723659],[139.903884,35.723693]]]},"properties":{}},{"type":"Feature","geometry":{"type":"Polygon","coordinates":[[[139.901398,35.724241],[139.901672,35.724363],[139.901925,35.724463],[139.90225,35.724541],[139.902381,35.724589],[139.902642,35.724662],[139.902674,35.724682],[139.902717,35.724722],[139.90232,35.725176],[139.902014,35.724979],[139.901718,35.724821],[139.9016,35.724799],[139.901198,35.724616],[139.901398,35.724241]]]},"properties":{}},{"type":"Feature","geometry":{"type":"Polygon","coordinates":[[[139.892512,35.715258],[139.892449,35.715244],[139.891791,35.715101],[139.891892,35.714821],[139.891949,35.714672],[139.89196,35.714641],[139.89204,35.71443],[139.892731,35.714607],[139.892782,35.71462],[139.892755,35.714685],[139.892606,35.715034],[139.892546,35.715177],[139.892517,35.715244],[139.892512,35.715258]]]},"properties":{}},{"type":"Feature","geometry":{"type":"Polygon","coordinates":[[[139.894607,35.710321],[139.895205,35.710231],[139.895186,35.710277],[139.894917,35.710958],[139.894457,35.710835],[139.894395,35.710819],[139.894575,35.710394],[139.894607,35.710321]]]},"properties":{}},{"type":"Feature","geometry":{"type":"Polygon","coordinates":[[[139.902553,35.73301],[139.902513,35.732938],[139.902463,35.732897],[139.90241,35.732871],[139.90236,35.732864],[139.902306,35.732862],[139.902248,35.732875],[139.90254,35.732595],[139.902587,35.732696],[139.902598,35.732775],[139.902583,35.73289],[139.902553,35.73301]]]},"properties":{}},{"type":"Feature","geometry":{"type":"Polygon","coordinates":[[[139.894027,35.694638],[139.894626,35.694842],[139.894532,35.695035],[139.894513,35.695073],[139.894482,35.695118],[139.893886,35.694919],[139.893912,35.694867],[139.894027,35.694638]]]},"properties":{}},{"type":"Feature","geometry":{"type":"Polygon","coordinates":[[[139.89235,35.723739],[139.892263,35.723443],[139.892174,35.723146],[139.892168,35.723104],[139.892794,35.722966],[139.892996,35.723142],[139.893165,35.723509],[139.892869,35.723604],[139.892631,35.723664],[139.892462,35.723704],[139.89235,35.723739]]]},"properties":{}},{"type":"Feature","geometry":{"type":"Polygon","coordinates":[[[139.892784,35.736363],[139.893768,35.736045],[139.894202,35.735903],[139.89462,35.73577],[139.894694,35.735746],[139.894732,35.735825],[139.894654,35.73585],[139.893666,35.736167],[139.892764,35.736449],[139.892784,35.736363]]]},"properties":{}},{"type":"Feature","geometry":{"type":"Polygon","coordinates":[[[139.892764,35.736449],[139.891827,35.736748],[139.891075,35.736991],[139.890341,35.737226],[139.890098,35.737302],[139.889907,35.737362],[139.889787,35.7374],[139.889626,35.73744],[139.889456,35.737466],[139.889317,35.73747],[139.889188,35.737468],[139.889041,35.737454],[139.888904,35.737435],[139.888912,35.73735],[139.889112,35.737382],[139.889221,35.737391],[139.889361,35.737392],[139.889457,35.737386],[139.88956,35.737371],[139.889699,35.737339],[139.889819,35.737307],[139.889962,35.73726],[139.890134,35.737204],[139.890742,35.737013],[139.891148,35.736887],[139.891957,35.736622],[139.892784,35.736363],[139.892764,35.736449]]]},"properties":{}},{"type":"Feature","geometry":{"type":"Polygon","coordinates":[[[139.892481,35.738402],[139.893351,35.73822],[139.89339,35.738212],[139.894695,35.737943],[139.894849,35.737941],[139.894848,35.73801],[139.894848,35.738048],[139.894847,35.738073],[139.894837,35.738177],[139.894006,35.738333],[139.893335,35.738458],[139.89248,35.738611],[139.892481,35.738426],[139.892481,35.738402]]]},"properties":{}},{"type":"Feature","geometry":{"type":"Polygon","coordinates":[[[139.877975,35.725833],[139.877985,35.725786],[139.878638,35.724664],[139.879341,35.724931],[139.879379,35.724945],[139.878771,35.725922],[139.878747,35.72596],[139.8787,35.725948],[139.877975,35.725833]]]},"properties":{}},{"type":"Feature","geometry":{"type":"Polygon","coordinates":[[[139.895199,35.718133],[139.89521,35.718101],[139.895313,35.717806],[139.895344,35.717718],[139.895761,35.717818],[139.895902,35.717852],[139.896247,35.718105],[139.896277,35.71814],[139.896137,35.718612],[139.896122,35.718669],[139.896068,35.718623],[139.895487,35.718199],[139.895199,35.718133]]]},"properties":{}},{"type":"Feature","geometry":{"type":"Polygon","coordinates":[[[139.896122,35.718669],[139.896098,35.718733],[139.895906,35.719087],[139.89582,35.719241],[139.895789,35.719303],[139.895639,35.719581],[139.895624,35.719607],[139.895147,35.719438],[139.89479,35.719311],[139.894801,35.719279],[139.894998,35.718719],[139.895107,35.718391],[139.895117,35.718365],[139.895192,35.71815],[139.895199,35.718133],[139.895487,35.718199],[139.896068,35.718623],[139.896122,35.718669]]]},"properties":{}},{"type":"Feature","geometry":{"type":"Polygon","coordinates":[[[139.883069,35.701624],[139.883049,35.701473],[139.883022,35.701267],[139.882996,35.701065],[139.883239,35.701243],[139.88338,35.701351],[139.883069,35.701624]]]},"properties":{}},{"type":"Feature","geometry":{"type":"Polygon","coordinates":[[[139.881448,35.702466],[139.881534,35.702461],[139.88152,35.70255],[139.881431,35.702555],[139.881448,35.702466]]]},"properties":{}},{"type":"Feature","geometry":{"type":"Polygon","coordinates":[[[139.881431,35.702555],[139.881358,35.70256],[139.881371,35.70247],[139.881448,35.702466],[139.881431,35.702555]]]},"properties":{}},{"type":"Feature","geometry":{"type":"Polygon","coordinates":[[[139.882019,35.698713],[139.882317,35.699118],[139.882106,35.69938],[139.882075,35.699413],[139.882024,35.699428],[139.881927,35.699441],[139.882019,35.698713]]]},"properties":{}},{"type":"Feature","geometry":{"type":"Polygon","coordinates":[[[139.882621,35.693386],[139.882696,35.693472],[139.882716,35.693494],[139.882959,35.693816],[139.883317,35.694283],[139.883461,35.69447],[139.883409,35.694475],[139.883178,35.694392],[139.883089,35.69436],[139.882946,35.694323],[139.882618,35.694237],[139.88259,35.694234],[139.882526,35.694226],[139.882609,35.693495],[139.882621,35.693386]]]},"properties":{}},{"type":"Feature","geometry":{"type":"Polygon","coordinates":[[[139.891154,35.7334],[139.890841,35.733373],[139.890907,35.732867],[139.891864,35.733034],[139.891738,35.733206],[139.891599,35.733456],[139.891154,35.7334]]]},"properties":{}},{"type":"Feature","geometry":{"type":"Polygon","coordinates":[[[139.889986,35.733194],[139.890019,35.732785],[139.890907,35.732867],[139.890841,35.733373],[139.889986,35.733194]]]},"properties":{}},{"type":"Feature","geometry":{"type":"Polygon","coordinates":[[[139.889481,35.73324],[139.889553,35.732739],[139.890019,35.732785],[139.889986,35.733194],[139.889818,35.733181],[139.889481,35.73324]]]},"properties":{}},{"type":"Feature","geometry":{"type":"Polygon","coordinates":[[[139.888412,35.733135],[139.888487,35.732637],[139.889553,35.732739],[139.889481,35.73324],[139.888412,35.733135]]]},"properties":{}},{"type":"Feature","geometry":{"type":"Polygon","coordinates":[[[139.902532,35.736365],[139.903388,35.73623],[139.903395,35.736256],[139.902544,35.73639],[139.902532,35.736365]]]},"properties":{}},{"type":"Feature","geometry":{"type":"Polygon","coordinates":[[[139.902544,35.73639],[139.902482,35.736399],[139.902245,35.736442],[139.902235,35.736416],[139.902479,35.736373],[139.902532,35.736365],[139.902544,35.73639]]]},"properties":{}},{"type":"Feature","geometry":{"type":"Polygon","coordinates":[[[139.902566,35.736438],[139.903405,35.736303],[139.90341,35.736324],[139.902578,35.736464],[139.902566,35.736438]]]},"properties":{}},{"type":"Feature","geometry":{"type":"Polygon","coordinates":[[[139.902578,35.736464],[139.90253,35.736472],[139.902267,35.73652],[139.902259,35.736495],[139.902524,35.736444],[139.902566,35.736438],[139.902578,35.736464]]]},"properties":{}},{"type":"Feature","geometry":{"type":"Polygon","coordinates":[[[139.899277,35.711042],[139.898271,35.710778],[139.898288,35.710734],[139.89839,35.71047],[139.898471,35.710273],[139.898588,35.709984],[139.899597,35.710232],[139.899277,35.711042]]]},"properties":{}},{"type":"Feature","geometry":{"type":"Polygon","coordinates":[[[139.898962,35.711859],[139.898669,35.711784],[139.89829,35.711685],[139.897952,35.711598],[139.898106,35.711208],[139.898271,35.710778],[139.899277,35.711042],[139.898962,35.711859]]]},"properties":{}},{"type":"Feature","geometry":{"type":"Polygon","coordinates":[[[139.898682,35.709682],[139.899495,35.709557],[139.899866,35.7095],[139.899597,35.710232],[139.898588,35.709984],[139.898682,35.709682]]]},"properties":{}},{"type":"Feature","geometry":{"type":"Polygon","coordinates":[[[139.898588,35.709984],[139.898471,35.710273],[139.898124,35.710188],[139.897403,35.710011],[139.897427,35.709945],[139.89744,35.709881],[139.897611,35.709851],[139.898212,35.709756],[139.898295,35.709749],[139.898682,35.709682],[139.898588,35.709984]]]},"properties":{}},{"type":"Feature","geometry":{"type":"Polygon","coordinates":[[[139.898325,35.704781],[139.897479,35.704596],[139.897519,35.704488],[139.897559,35.70438],[139.897659,35.704099],[139.898527,35.704305],[139.898357,35.704743],[139.898325,35.704781]]]},"properties":{}},{"type":"Feature","geometry":{"type":"Polygon","coordinates":[[[139.898527,35.704305],[139.897659,35.704099],[139.897818,35.703691],[139.89785,35.703609],[139.897876,35.703609],[139.897895,35.703609],[139.897911,35.703609],[139.898124,35.703658],[139.898237,35.703684],[139.898675,35.703784],[139.898726,35.703796],[139.898527,35.704305]]]},"properties":{}},{"type":"Feature","geometry":{"type":"Polygon","coordinates":[[[139.895378,35.735166],[139.895278,35.734992],[139.895822,35.734782],[139.895926,35.734955],[139.895378,35.735166]]]},"properties":{}},{"type":"Feature","geometry":{"type":"Polygon","coordinates":[[[139.894942,35.735119],[139.895278,35.734992],[139.895378,35.735166],[139.895114,35.735269],[139.895076,35.735282],[139.895051,35.735283],[139.895031,35.735272],[139.894942,35.735119]]]},"properties":{}},{"type":"Feature","geometry":{"type":"Polygon","coordinates":[[[139.894813,35.734902],[139.895688,35.734565],[139.895822,35.734782],[139.895278,35.734992],[139.894942,35.735119],[139.894813,35.734902]]]},"properties":{}},{"type":"Feature","geometry":{"type":"Polygon","coordinates":[[[139.894637,35.734744],[139.894657,35.73472],[139.895206,35.734501],[139.895352,35.734456],[139.895531,35.734391],[139.895558,35.734385],[139.895573,35.734388],[139.895582,35.734393],[139.895598,35.734408],[139.895688,35.734565],[139.894813,35.734902],[139.894731,35.734933],[139.894642,35.734769],[139.894637,35.734744]]]},"properties":{}},{"type":"Feature","geometry":{"type":"Polygon","coordinates":[[[139.882801,35.734763],[139.882735,35.734902],[139.882692,35.734898],[139.882674,35.734897],[139.882598,35.734904],[139.882502,35.73493],[139.882277,35.734943],[139.882245,35.734926],[139.882218,35.734623],[139.882226,35.734595],[139.882763,35.734752],[139.882801,35.734763]]]},"properties":{}},{"type":"Feature","geometry":{"type":"Polygon","coordinates":[[[139.910873,35.708269],[139.910849,35.708201],[139.911003,35.708187],[139.91108,35.708232],[139.911059,35.708255],[139.910978,35.708264],[139.910873,35.708269]]]},"properties":{}},{"type":"Feature","geometry":{"type":"Polygon","coordinates":[[[139.898427,35.694162],[139.8984,35.694215],[139.897711,35.693227],[139.897185,35.692486],[139.896999,35.692154],[139.89722,35.692458],[139.898344,35.69404],[139.898427,35.694162]]]},"properties":{}},{"type":"Feature","geometry":{"type":"Polygon","coordinates":[[[139.89682,35.692239],[139.897077,35.69253],[139.897609,35.69328],[139.898347,35.694318],[139.898325,35.694359],[139.898147,35.694108],[139.89703,35.692536],[139.89682,35.692239]]]},"properties":{}},{"type":"Feature","geometry":{"type":"Polygon","coordinates":[[[139.894861,35.735693],[139.894777,35.735611],[139.894831,35.735609],[139.894872,35.735609],[139.895823,35.735348],[139.896108,35.735307],[139.894861,35.735693]]]},"properties":{}},{"type":"Feature","geometry":{"type":"Polygon","coordinates":[[[139.878419,35.702793],[139.878277,35.702806],[139.878274,35.702723],[139.878418,35.702711],[139.878419,35.702793]]]},"properties":{}},{"type":"Feature","geometry":{"type":"Polygon","coordinates":[[[139.878418,35.702711],[139.879092,35.702656],[139.879686,35.702608],[139.880763,35.70252],[139.881221,35.702482],[139.881371,35.70247],[139.881358,35.70256],[139.881198,35.702569],[139.880932,35.702585],[139.880358,35.702632],[139.879499,35.702707],[139.878419,35.702793],[139.878418,35.702711]]]},"properties":{}},{"type":"Feature","properties":{},"geometry":{"type":"Polygon","coordinates":[[[139.890712,35.725002],[139.890804,35.724438],[139.891356,35.724461],[139.891303,35.724898],[139.891303,35.724898],[139.890712,35.725002]]]}},{"type":"Feature","properties":{},"geometry":{"type":"Point","coordinates":[139.891423,35.723104]}},{"type":"Feature","properties":{},"geometry":{"type":"Polygon","coordinates":[[[139.893754,35.725774],[139.894051,35.725162],[139.894067,35.724934],[139.89514,35.725206],[139.894808,35.726114],[139.894536,35.726132],[139.894536,35.726132],[139.893754,35.725774]]]}},{"type":"Feature","properties":{},"geometry":{"type":"Polygon","coordinates":[[[139.8941,35.724935],[139.894192,35.724489],[139.894256,35.724264],[139.894706,35.724305],[139.895441,35.724419],[139.895157,35.725202],[139.8941,35.724935]]]}},{"type":"Feature","properties":{},"geometry":{"type":"Polygon","coordinates":[[[139.892948,35.727161],[139.893353,35.726577],[139.894267,35.726881],[139.894251,35.727194],[139.894078,35.727371],[139.892948,35.727161]]]}},{"type":"Feature","properties":{},"geometry":{"type":"Polygon","coordinates":[[[139.892159,35.728636],[139.892507,35.727827],[139.892807,35.727324],[139.892938,35.727174],[139.893756,35.727295],[139.894094,35.727365],[139.893788,35.728838],[139.8935,35.728843],[139.892159,35.728636]]]}},{"type":"Feature","properties":{},"geometry":{"type":"Polygon","coordinates":[[[139.892756,35.730797],[139.892922,35.730121],[139.893919,35.730188],[139.893874,35.730953],[139.892756,35.730797]]]}},{"type":"Feature","properties":{},"geometry":{"type":"Polygon","coordinates":[[[139.901592,35.714099],[139.901273,35.713661],[139.901282,35.713465],[139.902208,35.713462],[139.902284,35.714119],[139.901592,35.714099]]]}},{"type":"Feature","properties":{},"geometry":{"type":"Polygon","coordinates":[[[139.880475,35.721396],[139.880324,35.721294],[139.880768,35.720324],[139.880974,35.720392],[139.880633,35.721187],[139.880678,35.721271],[139.880475,35.721396]]]}},{"type":"Feature","properties":{},"geometry":{"type":"Polygon","coordinates":[[[139.880942,35.722471],[139.880755,35.722317],[139.880858,35.72222],[139.880919,35.722092],[139.880878,35.721865],[139.880816,35.721708],[139.88072,35.721593],[139.880497,35.721394],[139.880688,35.721274],[139.880639,35.721195],[139.880762,35.720886],[139.881251,35.721049],[139.881786,35.721198],[139.881406,35.721768],[139.880942,35.722471]]]}},{"type":"Feature","properties":{},"geometry":{"type":"Polygon","coordinates":[[[139.880773,35.720893],[139.880978,35.720387],[139.882103,35.720704],[139.881779,35.721208],[139.880773,35.720893]]]}},{"type":"Feature","properties":{},"geometry":{"type":"Polygon","coordinates":[[[139.88081,35.720326],[139.881038,35.719813],[139.881856,35.719908],[139.881908,35.71966],[139.882676,35.719769],[139.882101,35.720704],[139.88081,35.720326]]]}},{"type":"Feature","properties":{},"geometry":{"type":"Polygon","coordinates":[[[139.881047,35.719809],[139.881141,35.719577],[139.881689,35.719628],[139.881906,35.719657],[139.88185,35.719903],[139.881047,35.719809]]]}},{"type":"Feature","properties":{},"geometry":{"type":"Polygon","coordinates":[[[139.882667,35.71984],[139.882992,35.719259],[139.884045,35.719101],[139.884179,35.719505],[139.882667,35.71984]]]}},{"type":"Feature","properties":{},"geometry":{"type":"Polygon","coordinates":[[[139.882763,35.72255],[139.88358,35.721644],[139.884195,35.721948],[139.883454,35.722914],[139.882763,35.72255]]]}},{"type":"Feature","properties":{},"geometry":{"type":"Polygon","coordinates":[[[139.885507,35.721644],[139.886052,35.720921],[139.886913,35.721382],[139.886295,35.722056],[139.885507,35.721644]]]}},{"type":"Feature","properties":{},"geometry":{"type":"Polygon","coordinates":[[[139.887501,35.724224],[139.887346,35.724231],[139.886865,35.724095],[139.886622,35.723901],[139.886347,35.723469],[139.886602,35.723168],[139.887692,35.723727],[139.887501,35.724224]]]}},{"type":"Feature","properties":{},"geometry":{"type":"Polygon","coordinates":[[[139.889235,35.720111],[139.889963,35.717871],[139.8914,35.71823],[139.890595,35.720428],[139.889235,35.720111]]]}},{"type":"Feature","properties":{},"geometry":{"type":"Polygon","coordinates":[[[139.885433,35.717847],[139.885183,35.717984],[139.884827,35.718011],[139.884873,35.717562],[139.885024,35.717189],[139.885219,35.717199],[139.885337,35.717543],[139.885433,35.717847]]]}},{"type":"Feature","properties":{},"geometry":{"type":"Polygon","coordinates":[[[139.884875,35.718271],[139.884822,35.718033],[139.885198,35.717984],[139.885451,35.717851],[139.885529,35.717875],[139.885597,35.718162],[139.884875,35.718271]]]}},{"type":"Feature","properties":{},"geometry":{"type":"Polygon","coordinates":[[[139.885605,35.718181],[139.885509,35.717836],[139.885542,35.717761],[139.886635,35.717445],[139.886678,35.717781],[139.8859,35.718091],[139.885605,35.718181]]]}},{"type":"Feature","properties":{},"geometry":{"type":"Polygon","coordinates":[[[139.885446,35.717779],[139.885221,35.717189],[139.885042,35.717178],[139.885138,35.71684],[139.886312,35.71653],[139.886638,35.716598],[139.886559,35.716861],[139.88662,35.717447],[139.88662,35.717447],[139.885446,35.717779]]]}},{"type":"Feature","properties":{},"geometry":{"type":"Polygon","coordinates":[[[139.885128,35.716836],[139.885173,35.716127],[139.885191,35.71592],[139.885933,35.716053],[139.885741,35.716676],[139.885128,35.716836]]]}},{"type":"Feature","properties":{},"geometry":{"type":"Polygon","coordinates":[[[139.883677,35.711733],[139.883855,35.710973],[139.884052,35.711094],[139.884639,35.711154],[139.884598,35.71144],[139.884167,35.711539],[139.883906,35.711598],[139.883906,35.711598],[139.883776,35.711663],[139.883677,35.711733]]]}},{"type":"Feature","properties":{},"geometry":{"type":"Polygon","coordinates":[[[139.885832,35.702961],[139.885385,35.702932],[139.885514,35.702357],[139.886104,35.702301],[139.886161,35.702641],[139.885872,35.702666],[139.885832,35.702961]]]}},{"type":"Feature","properties":{},"geometry":{"type":"Polygon","coordinates":[[[139.886173,35.702661],[139.886126,35.702304],[139.886576,35.702265],[139.886642,35.702638],[139.886173,35.702661]]]}},{"type":"Feature","properties":{},"geometry":{"type":"Polygon","coordinates":[[[139.890494,35.706654],[139.890374,35.706445],[139.889037,35.706125],[139.889087,35.705951],[139.890762,35.706272],[139.890494,35.706654]]]}},{"type":"Feature","properties":{},"geometry":{"type":"Polygon","coordinates":[[[139.890248,35.706168],[139.890414,35.705559],[139.891149,35.705688],[139.89077,35.706264],[139.890248,35.706168]]]}},{"type":"Feature","properties":{},"geometry":{"type":"Polygon","coordinates":[[[139.888997,35.706854],[139.888963,35.706556],[139.888982,35.70637],[139.88903,35.706132],[139.889458,35.706218],[139.889431,35.706513],[139.889481,35.706779],[139.888997,35.706854]]]}},{"type":"Feature","properties":{},"geometry":{"type":"Polygon","coordinates":[[[139.887824,35.70995],[139.887902,35.70942],[139.887761,35.709058],[139.887579,35.708709],[139.888768,35.708827],[139.888803,35.709858],[139.888646,35.709845],[139.888097,35.709927],[139.887824,35.70995]]]}},{"type":"Feature","properties":{},"geometry":{"type":"Polygon","coordinates":[[[139.887893,35.710584],[139.887811,35.710301],[139.887833,35.709955],[139.88863,35.709843],[139.889192,35.709922],[139.889097,35.710406],[139.888627,35.710378],[139.88831,35.710536],[139.887893,35.710584]]]}},{"type":"Feature","properties":{},"geometry":{"type":"Polygon","coordinates":[[[139.888812,35.709863],[139.888771,35.708842],[139.88938,35.7089],[139.889314,35.709351],[139.889198,35.709912],[139.888812,35.709863]]]}},{"type":"Feature","properties":{},"geometry":{"type":"Polygon","coordinates":[[[139.891366,35.716194],[139.891495,35.715873],[139.892218,35.716033],[139.892085,35.716364],[139.891366,35.716194]]]}},{"type":"Feature","properties":{},"geometry":{"type":"Polygon","coordinates":[[[139.89349,35.714769],[139.893688,35.714179],[139.894107,35.714336],[139.893962,35.71484],[139.89349,35.714769]]]}},{"type":"Feature","properties":{},"geometry":{"type":"Polygon","coordinates":[[[139.893985,35.714828],[139.894133,35.714324],[139.894548,35.714457],[139.8944,35.714948],[139.893985,35.714828]]]}},{"type":"Feature","properties":{},"geometry":{"type":"Polygon","coordinates":[[[139.894415,35.714952],[139.894544,35.714445],[139.895572,35.714723],[139.895024,35.715106],[139.894415,35.714952]]]}},{"type":"Feature","properties":{},"geometry":{"type":"Polygon","coordinates":[[[139.89416,35.715761],[139.893874,35.715666],[139.893859,35.715564],[139.893593,35.715582],[139.893425,35.715462],[139.893383,35.715264],[139.893783,35.715128],[139.893737,35.714973],[139.893646,35.714964],[139.893566,35.714806],[139.893981,35.714865],[139.894396,35.714973],[139.89502,35.715118],[139.89416,35.715761]]]}},{"type":"Feature","properties":{},"geometry":{"type":"Polygon","coordinates":[[[139.893361,35.716373],[139.893281,35.716253],[139.892934,35.716182],[139.89344,35.714791],[139.893543,35.714816],[139.893619,35.714976],[139.893711,35.714989],[139.893737,35.715122],[139.893395,35.715248],[139.893341,35.715264],[139.89341,35.715492],[139.893566,35.715601],[139.89384,35.715576],[139.893852,35.715662],[139.894118,35.715768],[139.893361,35.716373]]]}},{"type":"Feature","properties":{},"geometry":{"type":"Polygon","coordinates":[[[139.895577,35.714705],[139.895733,35.714254],[139.896098,35.71431],[139.895577,35.714705]]]}},{"type":"Feature","properties":{},"geometry":{"type":"Polygon","coordinates":[[[139.895767,35.714238],[139.895965,35.713776],[139.896654,35.713929],[139.896121,35.71432],[139.895767,35.714238]]]}},{"type":"Feature","properties":{},"geometry":{"type":"Polygon","coordinates":[[[139.895955,35.713773],[139.896124,35.713296],[139.897136,35.713565],[139.896651,35.713923],[139.895955,35.713773]]]}},{"type":"Feature","properties":{},"geometry":{"type":"Polygon","coordinates":[[[139.895117,35.713026],[139.895269,35.71258],[139.896304,35.712831],[139.896122,35.713295],[139.895117,35.713026]]]}},{"type":"Feature","properties":{},"geometry":{"type":"Polygon","coordinates":[[[139.895128,35.713032],[139.894632,35.71288],[139.89472,35.712672],[139.89499,35.712723],[139.895316,35.71195],[139.895534,35.71191],[139.895128,35.713032]]]}},{"type":"Feature","properties":{},"geometry":{"type":"Polygon","coordinates":[[[139.894256,35.71275],[139.89459,35.711865],[139.895308,35.71195],[139.894996,35.712732],[139.894725,35.712676],[139.894623,35.712884],[139.894256,35.71275]]]}},{"type":"Feature","properties":{},"geometry":{"type":"Polygon","coordinates":[[[139.896267,35.71098],[139.896495,35.710309],[139.896544,35.710067],[139.896694,35.710029],[139.896611,35.710319],[139.897201,35.710474],[139.897032,35.710945],[139.896774,35.710893],[139.896694,35.71108],[139.896267,35.71098]]]}},{"type":"Feature","properties":{},"geometry":{"type":"Polygon","coordinates":[[[139.896221,35.711242],[139.896258,35.710983],[139.896703,35.711085],[139.89678,35.710903],[139.89702,35.710958],[139.896851,35.711407],[139.896221,35.711242]]]}},{"type":"Feature","properties":{},"geometry":{"type":"Polygon","coordinates":[[[139.895695,35.711115],[139.896049,35.710102],[139.896534,35.710057],[139.896473,35.710326],[139.896249,35.71099],[139.896215,35.711247],[139.895695,35.711115]]]}},{"type":"Feature","properties":{},"geometry":{"type":"Polygon","coordinates":[[[139.896602,35.710316],[139.896703,35.710009],[139.897407,35.7099],[139.897211,35.710476],[139.896602,35.710316]]]}},{"type":"Feature","properties":{},"geometry":{"type":"Polygon","coordinates":[[[139.903121,35.706011],[139.90353,35.70526],[139.903978,35.705395],[139.903972,35.705465],[139.904427,35.705632],[139.904092,35.706363],[139.904015,35.706378],[139.903726,35.706308],[139.90353,35.706186],[139.903339,35.706109],[139.903121,35.706011]]]}},{"type":"Feature","properties":{},"geometry":{"type":"Polygon","coordinates":[[[139.904003,35.70543],[139.904335,35.704689],[139.904876,35.704861],[139.904452,35.705617],[139.904003,35.70543]]]}},{"type":"Feature","properties":{},"geometry":{"type":"Polygon","coordinates":[[[139.908753,35.709433],[139.908464,35.709433],[139.908255,35.709367],[139.907888,35.709363],[139.90786,35.709132],[139.907948,35.708957],[139.90813,35.708784],[139.908382,35.708633],[139.908895,35.708379],[139.90902,35.708454],[139.908878,35.708628],[139.908805,35.708859],[139.90869,35.709118],[139.908844,35.709174],[139.908781,35.709325],[139.908753,35.709433]]]}},{"type":"Feature","properties":{},"geometry":{"type":"Polygon","coordinates":[[[139.908753,35.709433],[139.908844,35.709167],[139.908682,35.709127],[139.908798,35.708862],[139.908867,35.708638],[139.908979,35.708526],[139.909279,35.708745],[139.909264,35.70884],[139.90912,35.709265],[139.909061,35.709451],[139.908753,35.709433]]]}},{"type":"Feature","properties":{},"geometry":{"type":"Polygon","coordinates":[[[139.909161,35.710208],[139.909118,35.709595],[139.909404,35.709651],[139.909553,35.709537],[139.909722,35.709621],[139.909724,35.709631],[139.909724,35.709631],[139.909161,35.710208]]]}},{"type":"Feature","properties":{},"geometry":{"type":"Polygon","coordinates":[[[139.909126,35.709598],[139.909053,35.709451],[139.909146,35.709214],[139.909573,35.709267],[139.909577,35.709507],[139.909396,35.709654],[139.909126,35.709598]]]}},{"type":"Feature","properties":{},"geometry":{"type":"Polygon","coordinates":[[[139.909581,35.70953],[139.909583,35.709262],[139.909133,35.709218],[139.909271,35.708845],[139.909935,35.70903],[139.910216,35.709113],[139.909737,35.709616],[139.909581,35.70953]]]}},{"type":"Feature","properties":{},"geometry":{"type":"Polygon","coordinates":[[[139.907487,35.70998],[139.907646,35.709836],[139.907817,35.709691],[139.907888,35.709544],[139.907869,35.709388],[139.907875,35.709369],[139.908235,35.709372],[139.908481,35.709437],[139.909042,35.709458],[139.909111,35.709612],[139.909113,35.709973],[139.908798,35.710001],[139.908727,35.710024],[139.908671,35.710306],[139.908313,35.710258],[139.907845,35.710123],[139.907487,35.70998]]]}},{"type":"Feature","properties":{},"geometry":{"type":"Polygon","coordinates":[[[139.908608,35.710702],[139.908561,35.71064],[139.908613,35.710418],[139.90869,35.71026],[139.908736,35.710038],[139.908785,35.710011],[139.909122,35.70999],[139.909141,35.710215],[139.908634,35.710698],[139.908608,35.710702]]]}},{"type":"Feature","properties":{},"geometry":{"type":"Polygon","coordinates":[[[139.907232,35.71094],[139.907193,35.71063],[139.907223,35.710372],[139.907262,35.71023],[139.907383,35.71006],[139.907459,35.70998],[139.907916,35.710162],[139.908311,35.710246],[139.908656,35.710307],[139.908563,35.710691],[139.908595,35.710724],[139.908354,35.710987],[139.908222,35.710945],[139.908078,35.710963],[139.907955,35.711017],[139.907575,35.710977],[139.907232,35.71094]]]}},{"type":"Feature","properties":{},"geometry":{"type":"Polygon","coordinates":[[[139.906973,35.711805],[139.907128,35.711558],[139.90721,35.711369],[139.907243,35.711206],[139.907221,35.710949],[139.907525,35.710971],[139.90794,35.711022],[139.908039,35.710987],[139.908211,35.710959],[139.908345,35.710996],[139.907295,35.711966],[139.906973,35.711805]]]}},{"type":"Feature","properties":{},"geometry":{"type":"Polygon","coordinates":[[[139.906085,35.713044],[139.90607,35.712933],[139.906163,35.712753],[139.906508,35.712319],[139.906959,35.711809],[139.907291,35.711974],[139.90659,35.712606],[139.906169,35.713044],[139.906085,35.713044]]]}},{"type":"Feature","properties":{},"geometry":{"type":"Polygon","coordinates":[[[139.904877,35.712613],[139.905046,35.712322],[139.905009,35.712161],[139.905242,35.712147],[139.905479,35.712261],[139.905803,35.71235],[139.905701,35.712583],[139.906046,35.712881],[139.906031,35.712956],[139.905658,35.712956],[139.905266,35.712746],[139.90508,35.712721],[139.904901,35.71266],[139.904877,35.712613]]]}},{"type":"Feature","properties":{},"geometry":{"type":"Polygon","coordinates":[[[139.905028,35.712154],[139.905161,35.711737],[139.905297,35.711723],[139.905429,35.71166],[139.905951,35.711611],[139.906022,35.711986],[139.905798,35.712347],[139.905493,35.712256],[139.905239,35.712163],[139.905028,35.712154]]]}},{"type":"Feature","properties":{},"geometry":{"type":"Polygon","coordinates":[[[139.903746,35.714717],[139.903608,35.714639],[139.903723,35.714324],[139.90422,35.714343],[139.903959,35.714584],[139.903746,35.714717]]]}},{"type":"Feature","properties":{},"geometry":{"type":"Polygon","coordinates":[[[139.903724,35.71472],[139.903496,35.71488],[139.903283,35.71502],[139.903223,35.714943],[139.903189,35.714313],[139.903705,35.714329],[139.903603,35.71464],[139.903724,35.71472]]]}},{"type":"Feature","properties":{},"geometry":{"type":"Polygon","coordinates":[[[139.903193,35.714302],[139.903127,35.714054],[139.902902,35.713446],[139.903115,35.713374],[139.903399,35.713355],[139.903728,35.713231],[139.903668,35.713527],[139.903721,35.713728],[139.903808,35.713907],[139.903728,35.714331],[139.903193,35.714302]]]}},{"type":"Feature","properties":{},"geometry":{"type":"Polygon","coordinates":[[[139.903715,35.714326],[139.903804,35.713885],[139.904152,35.713863],[139.904342,35.713823],[139.904425,35.713773],[139.904902,35.713794],[139.904976,35.713847],[139.904481,35.714218],[139.904264,35.71434],[139.903715,35.714326]]]}},{"type":"Feature","properties":{},"geometry":{"type":"Polygon","coordinates":[[[139.900822,35.716054],[139.900948,35.71557],[139.90083,35.714862],[139.901528,35.714661],[139.901509,35.714766],[139.901956,35.715586],[139.902021,35.715771],[139.900822,35.716054]]]}},{"type":"Feature","properties":{},"geometry":{"type":"Polygon","coordinates":[[[139.902023,35.715772],[139.901515,35.714767],[139.901561,35.714114],[139.902275,35.714128],[139.902491,35.715066],[139.902745,35.715414],[139.902281,35.715813],[139.902023,35.715772]]]}},{"type":"Feature","properties":{},"geometry":{"type":"Polygon","coordinates":[[[139.898962,35.718527],[139.898886,35.717873],[139.899444,35.717789],[139.899727,35.717523],[139.900045,35.717755],[139.899023,35.718529],[139.898962,35.718527]]]}},{"type":"Feature","properties":{},"geometry":{"type":"Polygon","coordinates":[[[139.898399,35.719143],[139.898335,35.719049],[139.898309,35.718754],[139.898306,35.718572],[139.898955,35.718529],[139.898925,35.718587],[139.898653,35.71887],[139.898399,35.719143]]]}},{"type":"Feature","properties":{},"geometry":{"type":"Polygon","coordinates":[[[139.8971,35.720457],[139.89641,35.720038],[139.897029,35.719368],[139.897669,35.719809],[139.8971,35.720457]]]}},{"type":"Feature","properties":{},"geometry":{"type":"Polygon","coordinates":[[[139.897035,35.719373],[139.89745,35.718892],[139.898052,35.719345],[139.897673,35.719808],[139.897035,35.719373]]]}},{"type":"Feature","properties":{},"geometry":{"type":"Polygon","coordinates":[[[139.897476,35.7189],[139.897319,35.718696],[139.898286,35.718534],[139.898308,35.719045],[139.898366,35.719122],[139.898048,35.719343],[139.897476,35.7189]]]}},{"type":"Feature","properties":{},"geometry":{"type":"Polygon","coordinates":[[[139.895916,35.722759],[139.894994,35.722595],[139.895095,35.721763],[139.895123,35.721373],[139.896378,35.721823],[139.895916,35.722759]]]}},{"type":"Feature","properties":{},"geometry":{"type":"Polygon","coordinates":[[[139.895689,35.721567],[139.895764,35.72141],[139.89597,35.721461],[139.896002,35.721238],[139.895891,35.721018],[139.896018,35.720686],[139.89692,35.720915],[139.896688,35.721332],[139.896211,35.721743],[139.895689,35.721567]]]}},{"type":"Feature","properties":{},"geometry":{"type":"Polygon","coordinates":[[[139.896075,35.720686],[139.896009,35.720651],[139.896125,35.720358],[139.896217,35.720292],[139.896361,35.720032],[139.897098,35.72045],[139.896902,35.72092],[139.896075,35.720686]]]}},{"type":"Feature","properties":{},"geometry":{"type":"Polygon","coordinates":[[[139.892925,35.720546],[139.892979,35.720272],[139.892943,35.720241],[139.89261,35.720148],[139.892343,35.720103],[139.892094,35.720801],[139.891467,35.720652],[139.891916,35.719423],[139.893291,35.719763],[139.893478,35.719984],[139.893261,35.720574],[139.892925,35.720546]]]}},{"type":"Feature","properties":{},"geometry":{"type":"Polygon","coordinates":[[[139.892092,35.720809],[139.892332,35.720094],[139.892945,35.720246],[139.892975,35.720281],[139.892908,35.72055],[139.893252,35.720576],[139.893147,35.720883],[139.892092,35.720809]]]}},{"type":"Feature","properties":{},"geometry":{"type":"Polygon","coordinates":[[[139.890493,35.726922],[139.890513,35.726458],[139.890572,35.72594],[139.890929,35.725934],[139.891065,35.725897],[139.891151,35.72624],[139.891098,35.726562],[139.891042,35.727096],[139.890959,35.727099],[139.890493,35.726922]]]}},{"type":"Feature","properties":{},"geometry":{"type":"Polygon","coordinates":[[[139.893619,35.733546],[139.893685,35.732918],[139.893768,35.732465],[139.893857,35.731434],[139.893933,35.731443],[139.89432,35.732298],[139.894466,35.73258],[139.894485,35.732808],[139.894591,35.733122],[139.894733,35.733589],[139.894241,35.733683],[139.894142,35.733632],[139.893937,35.733581],[139.893619,35.733546]]]}},{"type":"Feature","properties":{},"geometry":{"type":"Polygon","coordinates":[[[139.893873,35.734733],[139.893401,35.734325],[139.89345,35.734199],[139.893596,35.733558],[139.893963,35.73359],[139.894171,35.733635],[139.894224,35.733692],[139.894723,35.7336],[139.894971,35.734202],[139.89463,35.734368],[139.893873,35.734733]]]}},{"type":"Feature","properties":{},"geometry":{"type":"Polygon","coordinates":[[[139.894977,35.734207],[139.894687,35.733474],[139.894488,35.732806],[139.894482,35.732656],[139.894591,35.732782],[139.894921,35.733407],[139.895348,35.734057],[139.894977,35.734207]]]}},{"type":"Feature","properties":{},"geometry":{"type":"Polygon","coordinates":[[[139.888509,35.719713],[139.888591,35.71957],[139.888502,35.719418],[139.889465,35.719004],[139.889571,35.71899],[139.889346,35.719738],[139.889223,35.720091],[139.888509,35.719713]]]}},{"type":"Feature","properties":{},"geometry":{"type":"Polygon","coordinates":[[[139.895808,35.702327],[139.895773,35.702047],[139.895944,35.702001],[139.896,35.701954],[139.896022,35.701897],[139.896105,35.701795],[139.896137,35.701726],[139.896182,35.701719],[139.896227,35.701776],[139.896345,35.702236],[139.896217,35.702297],[139.896014,35.702353],[139.895808,35.702327]]]}},{"type":"Feature","properties":{},"geometry":{"type":"Polygon","coordinates":[[[139.895393,35.702242],[139.895474,35.701964],[139.89546,35.701878],[139.89541,35.70173],[139.896145,35.701682],[139.89611,35.701767],[139.896008,35.701919],[139.895947,35.702001],[139.895789,35.702056],[139.895802,35.70232],[139.895669,35.702314],[139.895631,35.702277],[139.895393,35.702242]]]}},{"type":"Feature","properties":{},"geometry":{"type":"Polygon","coordinates":[[[139.89528,35.703532],[139.895283,35.703306],[139.895273,35.703062],[139.895408,35.702942],[139.895299,35.702724],[139.895546,35.702724],[139.895799,35.702765],[139.895833,35.702876],[139.895903,35.703],[139.895924,35.703248],[139.895709,35.703425],[139.895507,35.703449],[139.895426,35.703517],[139.89528,35.703532]]]}},{"type":"Feature","properties":{},"geometry":{"type":"Polygon","coordinates":[[[139.895116,35.70418],[139.894945,35.703861],[139.894945,35.703804],[139.894979,35.70375],[139.894989,35.703735],[139.894961,35.703577],[139.895211,35.703554],[139.895435,35.703515],[139.895503,35.703445],[139.895697,35.703426],[139.89591,35.703257],[139.896019,35.703299],[139.896343,35.703348],[139.896204,35.703534],[139.895516,35.703936],[139.895116,35.70418]]]}},{"type":"Feature","properties":{},"geometry":{"type":"Polygon","coordinates":[[[139.894623,35.704485],[139.894535,35.704372],[139.894528,35.704034],[139.894491,35.703812],[139.89454,35.70356],[139.894646,35.703411],[139.894716,35.703376],[139.894813,35.703214],[139.894889,35.703084],[139.895264,35.703058],[139.895283,35.703284],[139.895243,35.703541],[139.894966,35.703571],[139.894986,35.703742],[139.894935,35.703819],[139.894942,35.703868],[139.895104,35.704191],[139.894623,35.704485]]]}},{"type":"Feature","properties":{},"geometry":{"type":"Polygon","coordinates":[[[139.893931,35.703173],[139.894257,35.70319],[139.894401,35.703248],[139.894686,35.703402],[139.894526,35.703592],[139.89448,35.703744],[139.894486,35.703866],[139.894533,35.704058],[139.894528,35.704334],[139.8946,35.704492],[139.894042,35.704827],[139.893994,35.704725],[139.893989,35.704178],[139.89395,35.703477],[139.893931,35.703173]]]}},{"type":"Feature","properties":{},"geometry":{"type":"Polygon","coordinates":[[[139.893936,35.703157],[139.893959,35.702894],[139.893943,35.702619],[139.894609,35.702764],[139.894986,35.702787],[139.895257,35.702715],[139.895391,35.70295],[139.895276,35.703057],[139.894894,35.703089],[139.894716,35.703398],[139.894679,35.70339],[139.894595,35.70333],[139.894253,35.703193],[139.893936,35.703157]]]}},{"type":"Feature","properties":{},"geometry":{"type":"Polygon","coordinates":[[[139.89428,35.70268],[139.894109,35.702638],[139.89395,35.702618],[139.893917,35.702232],[139.893778,35.701982],[139.893762,35.701843],[139.894431,35.7018],[139.894468,35.701945],[139.894461,35.702086],[139.89428,35.70268]]]}},{"type":"Feature","properties":{},"geometry":{"type":"Polygon","coordinates":[[[139.894415,35.702242],[139.894653,35.702274],[139.894567,35.702745],[139.894278,35.702689],[139.894415,35.702242]]]}},{"type":"Feature","properties":{},"geometry":{"type":"Polygon","coordinates":[[[139.894422,35.702247],[139.894459,35.702076],[139.89447,35.701956],[139.894429,35.701796],[139.895401,35.701734],[139.895431,35.701862],[139.895445,35.701975],[139.895345,35.702266],[139.895273,35.70249],[139.895266,35.702712],[139.894984,35.702794],[139.894567,35.702762],[139.894651,35.702274],[139.894422,35.702247]]]}},{"type":"Feature","properties":{},"geometry":{"type":"Polygon","coordinates":[[[139.895285,35.702713],[139.895262,35.702603],[139.895274,35.702475],[139.895352,35.702253],[139.895625,35.702274],[139.89566,35.702323],[139.895556,35.702721],[139.895285,35.702713]]]}},{"type":"Feature","properties":{},"geometry":{"type":"Polygon","coordinates":[[[139.895794,35.702751],[139.895547,35.702717],[139.895665,35.702326],[139.895991,35.702362],[139.895905,35.702633],[139.895794,35.702751]]]}},{"type":"Feature","properties":{},"geometry":{"type":"Polygon","coordinates":[[[139.895843,35.702881],[139.89616,35.702884],[139.896308,35.702913],[139.89658,35.702928],[139.896346,35.703343],[139.896,35.703303],[139.89591,35.703241],[139.895893,35.703009],[139.895843,35.702881]]]}},{"type":"Feature","properties":{},"geometry":{"type":"Polygon","coordinates":[[[139.895841,35.702877],[139.895785,35.702761],[139.895915,35.702627],[139.895991,35.702359],[139.896281,35.702286],[139.896355,35.702243],[139.896236,35.701771],[139.896172,35.701688],[139.897241,35.701623],[139.897049,35.702054],[139.896866,35.702397],[139.896562,35.70293],[139.896263,35.702917],[139.896151,35.702886],[139.895841,35.702877]]]}}]}
